"Player","League","Team ","Position","Age","Market value","Contract expires","Matches played","Minutes played","Goals","xG","Assists","xA","Birth country","Foot","Height","Successful defensive actions per 90","Defensive duels per 90","Defensive duels won, %","Aerial duels per 90","Aerial duels won, %","Shots blocked per 90","PAdj Interceptions","Successful attacking actions per 90","Non-penalty goals per 90","xG per 90","Head goals per 90","Shots per 90","Shots on target, %","Goal conversion, %","Crosses per 90","Accurate crosses, %","Dribbles per 90","Successful dribbles, %","Offensive duels per 90","Offensive duels won, %","Touches in box per 90","Progressive runs per 90","Accelerations per 90","Passes per 90","Accurate passes, %","Forward passes per 90","Accurate forward passes, %","Long passes per 90","Accurate long passes, %","xA per 90","Smart passes per 90","Key passes per 90","Passes to final third per 90","Accurate passes to final third, %","Passes to penalty area per 90","Accurate passes to penalty area, %","Deep completions per 90","Progressive passes per 90","Accurate progressive passes, %"
"M. Demetriou","League Two 20-21.","Newport County","LCB","35","75000","2026-06-30","48","4770","4","2.45","1","2.48","England","left","188","11","6.49","65.99","10.91","66.44","0.47","9.93","0.77","0.08","0.05","0.06","0.53","35.71","14.286","0.96","35.29","0.42","50","1.09","46.55","0.87","1.53","1.04","41.36","75.05","21.77","64.21","9.19","46.41","0.05","0.13","0.09","8.17","53.58","1.53","25.93","0.25","11.36","68.11"
"P. Clarke","League Two 20-21.","Tranmere Rovers","RCB, LCB","44","0","","48","4678","4","4.58","1","1.08","England","right","188","9.95","5.27","69.34","8.79","63.02","0.73","9.27","0.79","0.08","0.09","0.08","0.69","27.78","11.111","0.13","28.57","0.65","82.35","2.29","57.98","1","0.63","0.19","39.65","81.03","20.64","72.23","9.52","60","0.02","0.02","0.06","7.21","57.07","0.87","40","0.42","9.79","71.71"
"S. Lavelle","League Two 20-21.","Morecambe","RCB","29","275000","2027-06-30","48","4593","1","4.37","0","0.55","England","right","188","8.35","4.72","65.98","7.52","61.98","0.49","6.03","0.43","0.02","0.09","0","0.49","32","4","0.04","0","0.37","68.42","1.57","58.75","0.67","0.22","0.22","19.09","65.91","12.78","58.9","5.9","41.53","0.01","0.02","0.04","5.02","48.05","0.35","22.22","0.14","6.41","58.41"
"J. Dixon","League Two 20-21.","Barrow","GK","32","0","","46","4532","0","0","0","0","England","right","193","2.07","0.02","100","0.36","94.44","0","2.88","0.06","0","0","0","0","0","0","0","0","0.06","100","0.16","87.5","0","0","0.02","18.73","81.65","13.13","76.4","9.23","66.24","0","0","0","3.87","64.62","0.2","0","0","7.41","78.55"
"J. Sheehan","League Two 20-21.","Newport County","DMF, RCMF","30","400000","2027-06-30","46","4518","3","3.6","2","3.45","Wales","right","184","6.57","4.76","60.25","1.89","37.89","0.06","5.03","2.45","0.04","0.07","0","1.16","29.31","5.172","0.8","37.5","2.55","60.94","5.44","55.31","0.74","2.23","1.45","41.08","84.43","12.23","68.89","6.43","57.89","0.07","0.62","0.18","7.77","69.74","1.85","45.16","0.74","6.35","77.74"
"B. Tozer","League Two 20-21.","Cheltenham Town","CB","35","100000","","46","4486","2","1.92","1","5.58","England","right","185","8.27","3.79","67.72","3.67","62.84","0.72","8.35","0.76","0.04","0.04","0","0.2","50","20","0.78","43.59","0.74","40.54","1.67","34.94","0.42","0.48","0.06","41.73","76.39","21.05","64.44","13.28","56.65","0.11","0.04","0.08","8.55","51.17","1.44","44.44","0.3","11.82","69.1"
"V. Hladký","League Two 20-21.","Salford City","GK","35","400000","2026-06-30","46","4481","0","0","0","1.35","Czech Republic","right","192","2.95","0.08","100","0.64","93.75","0","4.34","0.02","0","0","0","0","0","0","0","0","0.04","50","0.16","62.5","0.02","0","0","24.18","79.9","15","70.01","11.71","61.58","0.03","0.02","0.04","5.14","57.81","0.38","31.58","0.12","8.56","77.93"
"U. Godwin-Malife","League Two 20-21.","Forest Green Rovers","RCB, RB","25","325000","2027-06-30","46","4477","0","0.27","1","1.26","England","right","180","8.02","5.43","70.37","2.51","53.6","0.28","6.29","1.71","0","0.01","0","0.08","25","0","0.94","27.66","2.23","56.76","5.53","45.82","0.4","2.81","1.97","40.97","82.78","17.13","72.18","4.56","49.34","0.03","0.4","0.08","5.65","71.17","1.41","41.43","0.28","8.42","69.69"
"L. Vigouroux","League Two 20-21.","Leyton Orient","GK","32","300000","2028-06-30","46","4469","0","0","1","0.09","England","left","194","2.03","0","0","0.44","90.91","0","3.1","0.02","0","0","0","0","0","0","0","0","0.02","100","0.2","90","0","0","0","24.81","81.41","14.7","71.23","12.1","64.39","0","0","0.04","3.91","49.48","0.16","12.5","0.02","8.38","77.16"
"Ricardo","League Two 20-21.","Bolton Wanderers","RCB, CB","30","600000","2027-06-30","46","4467","0","1.21","1","0.69","Portugal","right","196","12.15","7.47","78.98","6.31","72.84","0.54","9.4","1.17","0","0.02","0","0.18","33.33","0","0.04","0","1.29","76.56","4.31","55.14","0.3","1.09","0.54","44.47","84.23","16.32","66.05","6.25","47.74","0.01","0.2","0.06","4.84","51.67","0.64","12.5","0.12","7.13","53.11"
"C. Wood","League Two 20-21.","Bradford City","LB, LWB","29","175000","","46","4458","1","2.02","1","2.72","England","left","177","10.76","7.27","62.78","3.9","47.67","0.22","8.06","3.01","0.02","0.04","0","0.69","20.59","2.941","3.13","34.84","2.85","60.99","5.17","50","0.71","1.43","0.63","35.61","69.33","15","53.97","7.79","39.38","0.05","0.24","0.24","6.32","44.73","3.29","44.17","0.34","8.86","65.6"
"K. Knoyle","League Two 20-21.","Cambridge United","RB","29","250000","2027-06-30","46","4449","2","0.91","6","5.16","England","right","177","7.12","4.88","61.83","1.94","44.79","0.26","5.19","2.65","0.04","0.02","0","0.38","26.32","10.526","3.16","39.1","1.84","62.64","5.34","39.77","1.03","1.8","1.4","33.2","71.72","15.74","61.05","8.03","50.13","0.1","0.3","0.47","6.57","55.38","3.42","52.07","0.85","10.34","73.97"
"G. Taylor","League Two 20-21.","Cambridge United","LCB","35","0","","46","4445","0","1.51","0","0.69","England","right","186","10.45","5.37","72.45","6.34","64.86","0.81","8.52","0.28","0","0.03","0","0.22","18.18","0","0.16","50","0.45","36.36","1.46","44.44","0.55","0.61","0.12","33.53","74.64","20.11","65.86","9.56","55.08","0.01","0.02","0.04","6.26","58.9","0.65","40.63","0.22","10.43","64.66"
"A. Collins","League Two 20-21.","Exeter City","LDMF, LCMF, DMF","26","800000","2026-06-30","46","4403","4","2.25","2","3.14","England","right","174","8.05","5.23","60.55","4.42","45.37","0.22","6.8","1.76","0.08","0.05","0","0.72","34.29","11.429","0.84","36.59","1.94","47.37","4.86","36.97","0.74","1.12","0.69","45.17","80.18","16.82","65.98","5.19","48.43","0.06","0.67","0.27","9.03","65.84","2.56","54.4","1.04","7.6","78.49"
"G. Thomson","League Two 20-21.","Harrogate Town","RW, RCMF","33","100000","2026-06-30","46","4398","3","6.12","9","11.33","England","right","175","7.98","5.24","58.2","4.38","40.65","0.06","6.81","2.68","0.06","0.13","0","1.98","27.84","3.093","2.25","33.64","1.96","54.17","4.67","37.28","1.62","0.86","0.23","43.67","75.91","15.61","60.42","6.18","46.69","0.23","0.65","0.27","7.51","56.95","3.52","46.51","1","8.68","79.25"
"I. Touray","League Two 20-21.","Salford City","LB, LWB","31","200000","","46","4391","1","1.4","4","4.81","England","left","177","9.35","6.52","61.95","4.78","57.08","0.1","7.47","3.59","0.02","0.03","0","0.41","20","5","3.18","29.03","3.87","64.55","7.48","51.78","0.8","2.52","1.31","40.26","70.21","16.36","54.14","7.75","42.33","0.1","0.31","0.29","7.36","48.47","3.12","44.08","0.43","10.15","69.9"
"T. Smith","League Two 20-21.","Colchester United","LCB","35","100000","2026-06-30","45","4387","2","1.47","2","0.06","England","left","187","10.81","6.98","73.24","6.5","62.78","0.82","7.5","0.33","0.04","0.03","0.02","0.21","40","20","0.1","40","0.29","64.29","1.48","54.17","0.49","0.84","0.29","36.97","76.19","22.05","68.84","9.48","54.76","0","0.06","0.04","6.89","55.95","0.7","35.29","0.16","10.65","68.59"
"T. Eastman","League Two 20-21.","Colchester United","RCB","34","0","","45","4384","2","1.5","0","0.64","England","right","191","10.7","6.04","72.79","6.36","72.26","0.74","7.98","0.37","0.04","0.03","0.02","0.27","38.46","15.385","0.31","26.67","0.25","66.67","0.8","43.59","0.45","0.27","0.06","37.53","76.2","20.04","64.04","8.42","45.12","0.01","0.02","0.04","6.06","50.85","0.66","28.13","0.18","9.18","61.52"
"A. O'Connor","League Two 20-21.","Bradford City","LCB, RB, RCB","33","200000","2027-06-30","45","4341","2","2.2","1","0.79","Republic of Ireland","right","188","10.84","5.76","66.55","7.46","73.06","0.73","8.85","0.89","0.04","0.05","0","0.39","31.58","10.526","0.77","32.43","0.66","78.13","2.05","54.55","0.85","0.73","0.33","40.14","80.53","17.27","66.99","6.16","48.82","0.02","0.02","0.15","5.41","55.94","1.12","42.59","0.25","8.56","67.8"
"G. Morris","League Two 20-21.","Crawley Town","GK","42","50000","2026-06-30","45","4334","0","0","0","0","England","right","183","2.6","0.15","71.43","0.58","100","0","3.52","0.08","0","0","0","0","0","0","0","0","0.1","80","0.19","77.78","0","0","0","19.13","75.9","16.03","72.93","14.68","70.16","0","0","0","6.96","71.94","0.27","7.69","0.02","11.5","86.82"
"L. Shephard","League Two 20-21.","Newport County","RWB, RCB, RB","31","125000","","45","4314","2","1.47","1","2.6","Wales","right","178","9.64","7.43","65.17","3.57","45.03","0.23","7.45","3.46","0.04","0.03","0","0.52","28","8","4.07","30.26","3.5","55.36","7.36","44.19","0.92","2.02","0.96","37.03","75.72","12.23","62.46","6.07","46.74","0.05","0.33","0.31","6.13","56.8","4.15","41.21","0.73","8.24","77.72"
"J. Lowe","League Two 20-21.","Salford City","RCMF, RDMF, LCMF","34","125000","2026-06-30","45","4280","0","1.29","1","0.75","England","right","183","8.52","4.96","67.8","3.68","41.14","0.25","7.03","0.38","0","0.03","0","0.42","10","0","0.25","33.33","0.29","57.14","1.7","35.8","0.34","0.48","0.17","41.64","81.52","13.29","61.87","4.35","45.89","0.02","0.11","0.11","7.34","63.04","0.95","37.78","0.23","6.5","68.93"
"N. Smith","League Two 20-21.","Port Vale","LCB, RCB","29","450000","2027-06-30","44","4270","4","4.75","0","1.07","England","right","180","9.48","7.1","73.59","8.11","62.34","0.4","5.82","0.36","0.08","0.1","0.06","0.48","30.43","17.391","0.11","40","0.34","37.5","1.67","46.84","0.86","0.65","0.27","21.37","70.81","11.8","56.79","3.77","40.78","0.02","0.06","0.08","4.28","56.16","0.42","25","0.17","5.69","55.93"
"Carlos Gomes","League Two 20-21.","Morecambe","LW, LAMF","27","300000","2026-06-30","46","4265","16","15.75","5","5.94","Senegal","right","178","7.83","7.39","61.71","3.42","19.75","0.11","3.77","3.42","0.32","0.33","0.06","1.62","44.16","20.779","1.25","23.73","4.05","51.04","10.76","38.04","3.04","1.22","1.06","21.84","73.24","6.2","56.46","2.13","41.58","0.13","0.97","0.46","2.74","59.23","1.96","50.54","1.22","3.42","72.84"
"E. Watt","League Two 20-21.","Bradford City","DMF, LDMF, LCMF","25","325000","2027-05-31","46","4218","3","1.29","2","4.74","England","right","179","11.82","8.98","54.87","3.56","44.31","0.26","8.83","1.3","0.06","0.03","0","0.83","23.08","7.692","0.85","27.5","1.3","45.9","3.8","35.39","0.26","0.58","0.11","49.42","75.35","21.7","59.69","10.65","45.89","0.1","0.58","0.11","13.04","56.14","2.13","39","0.55","11.07","72.45"
"J. Brophy","League Two 20-21.","Leyton Orient","LB, LW, LWF","31","400000","2026-06-30","44","4207","2","1.12","6","7.61","England","left","180","8.86","6.76","57.28","2.22","45.19","0.15","7.19","3.66","0.04","0.02","0","0.34","31.25","12.5","1.93","35.56","4.64","57.14","8.32","50.13","1.82","3.85","2.05","44.8","78.46","14.85","61.67","5.22","44.26","0.16","0.56","0.53","6.63","58.06","2.4","49.11","1.16","9.5","73.65"
"I. Henderson","League Two 20-21.","Salford City","CF, AMF","40","0","2026-06-30","46","4195","17","21.67","4","5.15","England","right","178","4.36","3.43","53.75","5.3","29.15","0.11","3.64","2.53","0.32","0.46","0.06","2.06","48.96","17.708","1.05","46.94","1.65","54.55","7.9","29.89","3.99","0.54","0.49","22.93","76.24","4.63","59.72","0.86","57.5","0.11","0.39","0.45","2.17","55.45","1.69","60.76","1.14","2.64","75.61"
"P. Mullin","League Two 20-21.","Cambridge United","CF","31","900000","2027-06-30","46","4186","31","28.43","3","3.46","England","right","178","3.89","4.47","48.08","4.88","15.86","0.02","1.97","3.35","0.49","0.61","0.04","3.31","44.81","20.13","1.46","25","3.29","42.48","11.5","27.66","4.32","1.08","0.41","17.95","71.62","3.16","50.34","0.67","32.26","0.07","0.24","0.34","1.48","56.52","1.85","40.7","0.82","1.66","70.13"
"A. Gilliead","League Two 20-21.","Scunthorpe United","RW, RCMF","29","225000","","44","4155","1","2.24","3","3.52","England","right","183","8.97","6.52","60.47","4.46","38.83","0.11","6.28","3.21","0.02","0.05","0","0.58","40.74","3.704","1.69","25.64","3.9","60","8.25","45.14","1.26","1.91","1.54","26.49","74.98","7.78","59.05","1.88","31.03","0.08","0.41","0.17","2.95","57.35","1.58","34.25","0.41","4.4","56.16"
"F. Rawson","League Two 20-21.","Mansfield Town","RCB, CB","29","225000","2026-06-30","43","4116","0","2.83","0","0.09","England","right","193","9.42","6.12","73.93","8.99","65.94","0.57","7.15","0.24","0","0.06","0","0.37","47.06","0","0","0","0.09","50","0.83","55.26","0.79","0.22","0.13","24.95","72.92","12.2","58.6","4.68","50.47","0","0.02","0.02","3.5","51.88","0.44","35","0.26","6.47","50"
"C. Guy","League Two 20-21.","Carlisle United","DMF, LDMF, RDMF","29","275000","","43","4091","0","1.05","12","9.76","England","right","178","12.19","7.96","62.98","3.37","54.25","0.15","9.91","1.23","0","0.02","0","0.88","17.5","0","0.79","30.56","1.32","55","4.14","50","0.02","0.48","0.62","30.69","70.39","14.61","56.63","6.18","38.43","0.21","0.26","0.09","7.83","56.18","1.74","35.44","0.35","7.26","67.88"
"P. Farman","League Two 20-21.","Carlisle United","GK","36","75000","2026-06-30","42","4090","0","0","0","0","England","right","196","2.02","0.11","80","0.46","90.48","0","2.92","0","0","0","0","0","0","0","0","0","0","0","0.11","60","0.02","0","0","13.8","72.25","11.49","68.39","10.28","64.88","0","0","0","6.12","64.75","0.35","31.25","0.11","7.86","84.31"
"S. Hobson","League Two 20-21.","Southend United","LCB, RCB, RB","27","0","2026-06-30","44","4058","2","1.82","0","0.57","England","right","188","10.05","5.46","67.89","6.88","50","0.27","8.36","0.78","0.04","0.04","0","0.29","46.15","15.385","0.35","50","0.71","62.5","1.89","41.18","0.75","0.89","0.33","27.66","69.29","15.72","58.39","9.03","47.91","0.01","0.16","0.09","6.32","51.23","1.06","27.08","0.22","8.76","61.77"
"M. Oxley","League Two 20-21.","Southend United","GK","35","100000","2027-06-30","41","4021","0","0","0","0","England","right","190","1.41","0.07","33.33","0.4","88.89","0","1.89","0","0","0","0","0","0","0","0","0","0","0","0.11","100","0","0","0","13.81","72.61","10.97","65.92","9.89","64.03","0","0","0","5.06","65.49","0.25","9.09","0.02","7.48","80.54"
"P. O'Connor","League Two 20-21.","Bradford City","RCB, CB","28","375000","2029-06-30","42","4014","2","3.6","2","0.57","Republic of Ireland","right","191","12.24","7.87","72.93","9.87","66.14","0.74","8.52","0.58","0.04","0.08","0.02","0.54","50","8.333","0.16","42.86","0.4","61.11","2","60.67","0.76","0.29","0.11","37.4","77.04","20.25","65.45","10.7","56.6","0.01","0","0.07","7.4","54.85","0.76","32.35","0.27","10.7","69.81"
"A. Hayden","League Two 20-21.","Carlisle United","RCB","28","150000","2026-06-30","44","4007","5","6.47","0","1.27","England","right","185","10.92","5.95","69.81","10.71","60.59","0.49","9.78","0.7","0.11","0.15","0.09","0.94","40.48","11.905","0.13","16.67","0.47","57.14","2.18","41.24","2.16","0.18","0.13","24.91","68.71","14.51","60.22","6.74","49.67","0.03","0.04","0.11","5.32","53.59","0.56","12","0.36","7.97","58.03"
"T. Nichols","League Two 20-21.","Crawley Town","CF","32","200000","2027-06-30","43","4007","11","11.45","9","6.96","England","right","178","5.55","5.05","57.78","13.7","26.89","0.22","3.36","3.19","0.18","0.26","0.04","1.57","48.57","15.714","1.28","21.05","3.01","49.25","13.32","32.72","3.8","1.12","0.74","29","74.9","7.3","65.85","1.44","50","0.16","1.42","0.56","3.14","61.43","1.91","47.06","1.46","3.3","76.87"
"L. Kinsella","League Two 20-21.","Walsall","RCMF, LCMF","29","150000","2026-06-30","43","4004","0","0.87","0","0.91","England","right","175","13.1","8.32","61.62","4.59","47.06","0.31","9.77","0.92","0","0.02","0","0.34","6.67","0","0.43","57.89","1.06","55.32","3.64","57.41","0.38","0.43","0.36","29.74","81.41","11.4","68.64","2.43","48.15","0.02","0.18","0.11","4.77","66.98","0.88","61.54","0.34","5.15","65.94"
"J. Griffiths","League Two 20-21.","Cheltenham Town","GK","24","1000000","2027-06-30","41","4000","0","0","0","0.04","England","right","198","2.79","0.16","28.57","0.23","80","0","3.98","0.02","0","0","0","0","0","0","0","0","0.02","100","0.07","66.67","0","0","0","19.37","78.98","13.01","70.93","10.04","62.78","0","0","0","5.18","62.61","0.34","6.67","0.02","7.29","79.63"
"J. Hessenthaler","League Two 20-21.","Crawley Town","LCMF, RCMF, DMF","31","0","2026-06-30","46","3990","1","1.97","4","1.2","England","right","176","10.2","8.19","60.61","4.22","43.85","0.27","6.53","0.79","0.02","0.04","0","0.34","20","6.667","0.72","53.13","0.63","42.86","3","35.34","0.95","0.18","0.11","37.33","80.36","13.33","63.11","5.68","48.02","0.03","0.25","0.18","6.97","56.63","1.22","51.85","0.41","5.82","78.29"
"J. Cumming","League Two 20-21.","Stevenage","GK","26","1000000","","41","3989","0","0","1","0","England","right","185","1.8","0.02","0","0.77","82.35","0","2.35","0","0","0","0","0","0","0","0","0","0","0","0.05","50","0","0","0","17.82","84.05","10.87","75.1","8.24","67.95","0","0","0.02","3.32","61.22","0.16","0","0","6.5","82.64"
"T. Conlon","League Two 20-21.","Port Vale","LCMF","29","0","2026-06-30","42","3970","10","8.08","4","5.49","England","left","173","10.2","7.71","53.53","3.33","56.46","0.18","7.72","2.74","0.16","0.18","0","1.84","39.51","12.346","1.18","30.77","2.68","51.69","6.66","40.82","2.13","0.88","0.29","32.62","77.76","13.1","65.74","5.94","54.58","0.12","0.5","0.2","7.37","64","2.04","47.78","1.07","7.05","83.92"
"M. Blair","League Two 20-21.","Cheltenham Town","RWB, RB","36","0","","44","3966","2","2.17","4","4.28","England","right","178","9.49","6.63","59.59","4.9","52.31","0.14","7.58","2.95","0.05","0.05","0","0.5","40.91","9.091","2.2","27.84","2.72","67.5","4.04","55.62","1.25","2.5","1.59","30.43","68.08","12.69","54.56","4.43","37.44","0.1","0.64","0.32","5.38","52.32","2.68","39.83","0.77","7.81","67.44"
"E. Doyle","League Two 20-21.","Bolton Wanderers","CF","37","0","","43","3921","19","20.99","2","3.02","Republic of Ireland","left","182","2.64","2.59","53.1","4.52","22.34","0.09","1.71","2.98","0.37","0.48","0.02","2.69","42.74","16.239","0.96","30.95","2.39","49.04","6.86","28.09","3.56","0.94","0.41","16.27","75.74","3.9","63.53","0.62","40.74","0.07","0.76","0.37","1.7","54.05","1.42","56.45","0.92","2.02","82.95"
"P. Brough","League Two 20-21.","Barrow","LCB, LWB, LB","29","275000","2027-06-30","43","3897","6","3.67","2","1.32","England","left","191","8.78","6.4","58.12","4.94","54.21","0.32","6.78","1.43","0.14","0.08","0","0.53","39.13","26.087","2.24","25.77","1.04","60","1.85","52.5","0.79","1.09","0.72","30.99","72.58","14.41","62.5","5.75","45.38","0.03","0.21","0.23","5.66","54.69","2.26","37.76","0.37","8.2","68.45"
"C. Hall","League Two 20-21.","Harrogate Town","LCB","32","175000","2026-06-30","41","3851","1","2.66","1","0.5","England","left","193","11.19","5.61","70.42","9.65","56.66","0.7","10.02","0.47","0.02","0.06","0","0.65","25","3.571","0.19","25","0.54","43.48","1.64","35.71","0.96","0.65","0.12","36.53","72.23","19.89","60.99","11.57","53.13","0.01","0.09","0.05","9.42","52.61","1.26","31.48","0.37","11.4","68.24"
"J. Mellish","League Two 20-21.","Carlisle United","LCMF, AMF","28","300000","2028-06-30","44","3837","11","7.58","0","2.65","England","left","188","7.6","6.64","56.89","6.92","44.07","0.19","5.01","1.64","0.26","0.18","0.07","1.38","32.2","18.644","1.03","31.82","1.97","44.05","5.61","34.31","3.05","0.77","0.56","18.41","66.24","7.11","54.46","1.31","37.5","0.06","0.05","0.19","2.28","51.55","0.94","47.5","0.42","3.19","47.79"
"J. Powell","League Two 20-21.","Crawley Town","RCMF, LCMF, DMF","31","175000","2026-06-30","44","3834","3","3.17","5","5.65","England","right","177","10","7.54","59.81","4.93","56.67","0.4","6.89","2.16","0.07","0.07","0.02","1.15","32.65","6.122","0.73","38.71","2.16","52.17","5.02","38.32","0.87","0.99","0.16","50.47","74","24.3","61.26","9.69","48.18","0.13","1.1","0.28","13.52","60.59","2.44","43.27","0.96","12.02","75.39"
"C. Stockton","League Two 20-21.","Morecambe","CF","31","200000","2026-06-30","43","3834","13","14.54","5","3.28","England","right","186","2.86","2.23","51.58","8.64","36.96","0.12","1.99","2.86","0.31","0.34","0.02","2.46","37.14","12.381","0.82","34.29","3.31","44.68","15.23","30.51","3.26","1.03","0.45","16.24","64.88","3.52","51.33","1.01","53.49","0.08","0.49","0.31","1.76","65.33","1.17","48","0.61","1.74","75.68"
"L. Feeney","League Two 20-21.","Tranmere Rovers","AMF","38","0","","43","3808","3","1.81","8","12.42","England","left","183","4.44","4.23","54.19","1.7","18.06","0.09","3.1","4.61","0.07","0.04","0","0.64","18.52","11.111","5.41","30.13","4.56","56.99","9.67","39.36","0.87","2.1","1.63","39.04","72.34","10.68","59.29","4.49","51.58","0.29","1.04","0.5","6.62","62.14","5.39","40.35","0.61","7.26","77.52"
"M. Jay","League Two 20-21.","Exeter City","AMF, CF","29","225000","2027-06-30","44","3759","18","16.37","6","9.23","England","right","178","4.67","3.76","55.41","3.47","13.1","0.05","3.96","3.28","0.34","0.39","0","2.37","46.46","18.182","1.41","28.81","2.66","48.65","6.82","37.19","4.05","1.27","1.15","29.95","74.9","9.55","58.4","1.75","39.73","0.22","1.05","0.57","3.57","58.39","1.87","60.26","1.44","3.59","66.67"
"A. Collins","League Two 20-21.","Forest Green Rovers","CF, AMF","28","1300000","2027-06-30","46","3750","11","16.96","7","5.17","Wales","right","178","3.82","3.53","56.46","3.67","30.72","0.1","2.82","4.22","0.17","0.41","0","3.22","29.85","8.209","1.68","34.29","4.94","48.06","10.13","37.91","3.31","2.4","1.73","23.04","72.19","6.86","59.79","2.04","49.41","0.12","1.06","0.5","3.07","58.59","2.64","41.82","0.94","3.58","76.51"
"A. Eastham","League Two 20-21.","Salford City","RCB, CB","34","75000","","39","3745","1","0.57","0","0.51","England","right","191","9.4","5.65","77.87","6.58","67.52","0.5","7.21","0.19","0.02","0.01","0","0.07","66.67","33.333","0.12","20","0.19","62.5","0.65","37.04","0.46","0.29","0.07","36.19","77.76","16.8","61.95","8.8","47.81","0.01","0","0.02","5.67","45.76","0.31","7.69","0.07","8.15","64.9"
"W. Burrell","League Two 20-21.","Harrogate Town","LB, RB","35","75000","2027-06-30","43","3740","0","0.84","0","0.6","England","right","178","10.42","8.01","61.56","7.65","63.52","0.34","7.43","1.03","0","0.02","0","0.26","27.27","0","0.87","41.67","1.13","51.06","3.2","45.11","0.39","0.77","0.63","29.72","73.85","13.38","60.79","5.87","47.13","0.01","0.12","0.05","5.51","56.33","1.03","48.84","0.12","7.89","64.94"
"J. Tunnicliffe","League Two 20-21.","Crawley Town","RCB","32","100000","","39","3731","3","2.99","0","0","England","right","186","10.83","6.78","76.51","10.47","69.82","0.53","7.35","0.27","0.07","0.07","0.05","0.34","50","21.429","0.02","0","0.22","44.44","1.18","53.06","0.51","0.12","0","23.42","71.99","14.23","63.22","6.05","54.58","0","0","0","4.78","57.07","0.29","8.33","0.07","7.16","64.98"
"R. Bowman","League Two 20-21.","Exeter City","CF","34","100000","","42","3731","14","15.54","2","1.91","England","right","188","4.22","3.26","58.52","18.16","35.59","0.1","3.6","1.52","0.34","0.37","0.07","1.79","41.89","18.919","0.43","33.33","0.96","52.5","7.14","23.65","3.69","0.53","0.14","14.06","67.07","3.67","50.66","0.36","53.33","0.05","0.27","0.14","1.13","59.57","0.82","41.18","0.55","1.47","59.02"
"J. Belshaw","League Two 20-21.","Harrogate Town","GK","35","100000","2026-06-30","38","3707","0","0","1","0.94","England","right","191","2.09","0.12","40","0.58","100","0","2.96","0.05","0","0","0","0","0","0","0","0","0.05","100","0.07","100","0.02","0.02","0.02","22.04","81.61","17.36","77.76","15.25","75.32","0.02","0","0.02","8.33","77.26","0.32","30.77","0.24","12.67","86.97"
"A. Wildig","League Two 20-21.","Morecambe","RCMF, LCMF, AMF","33","100000","","40","3704","9","10.08","5","9.41","England","right","175","6.07","4.45","60.66","3.89","43.75","0.24","3.54","1.9","0.22","0.24","0.1","1.63","31.34","13.433","1.46","35","1.17","64.58","4.5","41.08","2.16","0.56","0.32","25.2","77.15","8.36","65.99","1.97","41.98","0.23","0.29","0.29","3.81","65.61","1.77","53.42","0.78","4.47","73.91"
"J. Taylor","League Two 20-21.","Exeter City","RCMF, RDMF","34","0","","44","3680","6","4.3","4","2.29","England","right","177","9.78","6.95","60.21","4.65","59.47","0.24","8.19","1.76","0.15","0.11","0","1.3","32.08","11.321","0.68","39.29","1.52","53.23","4.06","51.81","1.49","0.64","0.12","35.44","73.64","15.53","58.58","5.67","42.24","0.06","0.68","0.27","7.8","57.99","2.2","41.11","0.86","6.41","70.23"
"C. Raglan","League Two 20-21.","Cheltenham Town","RCB","32","0","2027-06-30","40","3674","1","2.15","1","0.67","England","right","183","9.41","4.7","69.79","9.46","54.92","0.32","8.46","0.83","0.02","0.05","0.02","0.44","22.22","5.556","1.05","34.88","0.37","73.33","1.54","44.44","0.81","0.86","0.2","40.81","76.77","19.3","66.62","8.65","49.29","0.02","0.15","0.12","8.7","56.34","1.64","34.33","0.49","10.66","75.63"
"N. Townsend","League Two 20-21.","Newport County","GK","31","175000","","38","3673","0","0","0","0","England","right","181","1.37","0.15","66.67","0.42","88.24","0","1.97","0.02","0","0","0","0","0","0","0","0","0.02","100","0.17","100","0","0","0","21.37","79.36","15.34","73","12.06","65.85","0","0","0","5.44","60.36","0.37","20","0.07","9.16","81.55"
"D. Happe","League Two 20-21.","Leyton Orient","LCB","27","225000","2026-06-30","40","3668","3","3.77","0","0.09","England","left","195","10.18","5.79","67.8","6.33","65.12","0.74","9.22","0.52","0.07","0.09","0.02","0.49","30","15","0.2","25","0.56","56.52","2.16","32.95","1.01","1.37","0.15","50.99","78.73","22.11","61.93","11.85","45.34","0","0.15","0","9.57","50.26","0.81","24.24","0.32","11.65","62.53"
"R. Haynes","League Two 20-21.","Newport County","LWB, LB","30","125000","","40","3662","1","1.06","2","3.84","England","left","185","7.03","3.91","55.35","3.15","45.31","0.2","7.12","4.6","0.02","0.03","0","0.61","44","4","4.47","36.81","4.08","65.06","6.24","55.91","0.81","2.7","1.25","27.99","67.34","11.03","54.57","5.28","42.79","0.09","0.22","0.32","4.96","47.52","4.06","46.67","0.39","7.35","78.26"
"E. Bwomono","League Two 20-21.","Southend United","RB","27","75000","","41","3640","1","1.44","0","1.67","Uganda","right","185","9.74","6.18","65.2","2.99","43.8","0.12","7.01","1.88","0.02","0.04","0","0.45","16.67","5.556","2.32","35.11","1.56","57.14","3.83","41.94","0.74","1.06","0.64","31.6","70.58","13.65","56.52","7.2","48.11","0.04","0.17","0.15","6.18","54.4","2.4","45.36","0.47","9.2","68.01"
"L. Joyce","League Two 20-21.","Port Vale","DMF, RCMF","38","0","","41","3632","0","0.22","0","0.55","England","right","181","9.79","5.75","55.6","4.44","58.1","0.22","8.17","0.59","0","0.01","0","0.25","20","0","0.52","52.38","0.32","38.46","1.54","24.19","0.3","0.3","0.02","41.18","75.45","16.8","59.88","8.43","52.35","0.01","0.22","0.1","9.66","56.15","2.11","52.94","0.89","9.04","68.49"
"J. Falkingham","League Two 20-21.","Harrogate Town","RCMF, LCMF, DMF","35","100000","","43","3624","0","0.42","2","2.19","England","left","168","10.98","8.84","63.48","3.08","38.71","0.3","7.3","0.99","0","0.01","0","0.27","0","0","0.77","32.26","1.02","65.85","3.45","53.24","0.42","0.52","0.27","42.09","80.24","15.3","64.45","6.38","52.53","0.05","0.25","0.17","8.92","67.41","1.39","51.79","0.65","7.77","72.52"
"J. Bowery","League Two 20-21.","Mansfield Town","CF, LWF","34","125000","2026-06-30","43","3602","10","11.5","5","3.03","England","right","185","4.8","3.4","61.03","10.14","32.02","0.17","4.13","3.27","0.2","0.29","0","1.62","47.69","15.385","1.12","17.78","4.17","50.9","14.47","26.42","3.92","1.17","1","24.31","79.24","4.47","64.8","0.67","44.44","0.08","0.5","0.35","1.57","55.56","1.5","51.67","1.12","2.2","72.73"
"A. Baptiste","League Two 20-21.","Bolton Wanderers","LCB, RCB","39","0","","40","3601","0","1.6","2","1.12","England","right","180","11.25","7.22","69.9","7.27","61.51","0.67","9.59","0.57","0","0.04","0","0.32","30.77","0","0.42","52.94","0.27","81.82","1.05","50","0.72","1.47","0.9","51.96","83.93","22.87","72.13","8.65","49.71","0.03","0.05","0.1","6.55","56.49","0.97","41.03","0.17","9.4","66.22"
"L. Hendrie","League Two 20-21.","Grimsby Town","RB","31","100000","2026-06-30","38","3600","2","1.67","2","1.64","England","right","187","10.9","8.4","61.61","4.68","54.01","0.23","8.44","1.95","0.05","0.04","0","0.38","33.33","13.333","2.28","35.16","1.35","74.07","3.05","56.56","0.68","1.5","1.13","37.73","70.97","18.38","62.45","8.35","47.01","0.04","0.38","0.28","8.55","54.97","2.8","42.86","0.58","11.23","70.6"
"C. MacDonald","League Two 20-21.","Tranmere Rovers","LB","28","175000","","40","3597","1","2.1","2","2.78","Scotland","left","180","12.01","7.76","68.39","4.58","50.27","0.3","10.45","2.2","0.03","0.05","0","0.43","23.53","5.882","1.9","31.58","2.43","55.67","5.75","37.83","0.9","1.25","0.65","43.56","76.79","18.74","65.42","5.45","44.04","0.07","0.3","0.15","6.66","60.53","2","41.25","0.5","9.51","66.05"
"D. Johnson","League Two 20-21.","Leyton Orient","CF","32","100000","","42","3595","17","14.11","1","0.71","England","left","178","2.6","3.03","59.5","5.53","7.69","0.1","1.02","1.48","0.43","0.35","0.05","1.5","51.67","28.333","0.48","10.53","1.4","44.64","9.16","22.4","2.18","0.43","0.15","8.61","70.06","1.23","34.69","0.35","28.57","0.02","0.18","0.13","0.78","38.71","0.53","47.62","0.33","0.38","53.33"
"C. Wilkinson","League Two 20-21.","Leyton Orient","RW, RWF, RAMF","30","125000","2027-06-30","42","3589","12","11.11","2","1.93","England","left","190","6.29","4.44","58.19","9.7","42.12","0.13","5.55","4.74","0.3","0.28","0","2.81","37.5","10.714","1.25","26","7.37","43.54","15.5","34.79","2.76","2.31","0.88","23.07","75.76","4.51","53.33","1.45","48.28","0.05","0.3","0.28","2.06","56.1","1.76","50","0.85","3.23","70.54"
"C. Piergianni","League Two 20-21.","Oldham Athletic","LCB, CB","33","175000","","38","3569","5","3.54","0","0.24","England","left","185","10.99","6.1","70.66","8.3","71.73","0.98","8.13","0.53","0.13","0.09","0.08","0.61","29.17","20.833","0.08","33.33","0.35","85.71","1.66","51.52","0.71","0.38","0.08","39.97","77.22","20.1","61.61","9.66","49.35","0.01","0.05","0.05","6.18","49.8","0.58","21.74","0.08","9.56","62.27"
"Y. Songo'o","League Two 20-21.","Morecambe","DMF, RDMF","34","100000","2026-06-30","41","3565","6","5.55","1","0.5","France","right","184","12.6","7.04","64.87","10.43","60.05","0.61","8.79","0.73","0.15","0.14","0.05","0.76","36.67","20","0.23","33.33","0.88","34.29","3.05","46.28","0.68","0.15","0.13","24.72","68.54","11.31","50.22","4.57","34.25","0.01","0.18","0.1","5.73","46.26","0.83","36.36","0.28","4.67","60.54"
"T. Craig","League Two 20-21.","Crawley Town","LCB, CB","40","0","2026-06-30","38","3550","0","1.73","0","0.1","England","left","184","8.95","5.1","66.17","6.79","70.15","0.53","7.32","0.33","0","0.04","0","0.33","30.77","0","0.2","37.5","0.18","85.71","0.84","48.48","0.71","0.23","0","30.17","76.39","16.1","66.93","7.23","54.74","0","0","0.03","5.35","56.4","0.58","43.48","0.23","9.3","64.58"
"L. James-Wildin","League Two 20-21.","Stevenage","RB","28","300000","","39","3549","2","0.58","2","3.11","England","right","178","12.63","8.9","68.66","4.72","47.31","0.28","7.89","3.8","0.05","0.01","0","0.28","54.55","18.182","2.87","31.86","3.91","68.83","6.9","53.68","0.63","1.88","1.37","34.74","62.85","18.26","51.67","8.7","34.99","0.08","0.2","0.25","8.34","45.59","3.4","36.57","0.61","10.04","64.9"
"J. Turnbull","League Two 20-21.","Salford City","LCB","31","275000","2027-06-30","42","3531","1","1.94","1","0.76","England","left","185","12.26","7.19","76.6","10.3","69.06","0.46","9.88","0.31","0.03","0.05","0.03","0.31","16.67","8.333","0.1","25","0.28","63.64","1.73","39.71","0.69","0.84","0.23","40.93","78.77","20.75","66.09","7.01","45.09","0.02","0.05","0.08","5.58","48.86","0.59","34.78","0.2","9.33","61.75"
"G. Jones","League Two 20-21.","Bolton Wanderers","RB, LWB","30","400000","2026-06-30","38","3527","3","1.96","5","4.25","Australia","right","178","8.52","6.51","61.18","4.72","49.73","0.33","7.25","2.3","0.08","0.05","0","0.59","43.48","13.043","3.37","28.03","2.04","50","4.08","43.75","1.89","1.86","1.61","37.92","72.48","15.72","62.99","5","41.84","0.11","0.28","0.43","6.05","56.12","2.6","38.24","0.66","9.16","72.42"
"L. Hannant","League Two 20-21.","Cambridge United","RW, LW, LCMF","32","0","2027-06-30","43","3525","3","3.61","2","4.28","England","right","180","5.85","4.21","53.94","2.02","43.04","0.15","4.34","3.04","0.08","0.09","0","1.48","17.24","5.172","2.68","19.05","3.34","62.6","6.84","52.24","1.79","2.2","1.94","32.94","73.02","9.37","54.77","5","41.33","0.11","0.46","0.26","4.37","47.95","2.66","37.5","0.77","5.31","68.75"
"E. Adams","League Two 20-21.","Forest Green Rovers","RCMF, AMF, LCMF","29","400000","2027-06-30","38","3519","3","3.71","2","1.26","Gambia","right","178","11.41","8.85","63.87","5.35","55.98","0.36","8.29","1.69","0.08","0.09","0.05","0.97","28.95","7.895","0.59","43.48","1.66","56.92","6.24","50.82","1.76","0.77","0.51","33.09","75.43","10.87","58.59","4.91","44.79","0.03","0.46","0.15","5.68","56.31","1.05","48.78","0.51","5.24","69.27"
"O. Cissé","League Two 20-21.","Leyton Orient","DMF, LDMF","34","0","2026-06-30","42","3515","1","1","1","0","France","right","195","7.73","4.56","56.74","3.51","71.53","0.18","7.44","0.56","0.03","0.03","0.03","0.31","16.67","8.333","0.2","50","0.69","55.56","3.05","40.34","0.31","0.18","0.05","37.15","80.84","13.52","62.69","5.45","50.23","0","0.1","0","7.27","62.32","0.87","32.35","0.18","7.09","71.84"
"L. Alessandra","League Two 20-21.","Carlisle United","CF, LWF, AMF","36","0","","45","3509","8","6.57","2","4.84","England","right","175","4.18","4.33","50.89","3.67","24.48","0.03","2.84","3.33","0.15","0.17","0","1.62","28.57","12.698","1.92","33.33","3.62","53.19","12.31","33.54","2.28","1.26","0.67","21.95","76.4","6.54","69.41","0.95","40.54","0.12","0.64","0.44","2.59","71.29","2.59","58.42","1.15","3.82","85.91"
"J. Key","League Two 20-21.","Exeter City","RB, RAMF","26","800000","2027-06-30","43","3480","1","2.88","5","4.49","England","right","178","10.66","8.07","60.26","6.47","48.4","0.13","8.93","4.16","0.03","0.07","0.03","0.65","32","4","2.77","34.58","5.48","51.89","8.82","45.75","1.78","3.57","1.78","39.05","72.25","16.37","57.5","5.51","41.31","0.12","0.23","0.44","6.08","51.91","2.53","37.76","0.41","8.9","68.02"
"S. Quigley","League Two 20-21.","Barrow","CF","33","0","","38","3478","15","13.72","0","2.91","England","right","194","2.9","3.23","48","7.4","36.36","0.16","1.66","4.48","0.26","0.36","0.05","2.51","51.55","15.464","1.63","22.22","5.54","48.6","15.81","33.39","3.13","1.5","0.85","16.35","58.39","4.71","44.51","1.24","33.33","0.08","0.47","0.16","2.46","44.21","1.47","42.11","0.36","2.15","55.42"
"E. Hewitt","League Two 20-21.","Grimsby Town","RCB, RB, RCMF","31","150000","2026-06-30","37","3472","1","1.63","1","1.88","Wales","right","186","7.44","5.52","63.85","4.51","58.62","0.21","5.75","0.86","0.03","0.04","0.03","0.34","23.08","7.692","1.22","36.17","0.62","54.17","1.79","43.48","0.7","0.73","0.6","28.31","69.32","14","57.22","7.91","46.23","0.05","0.16","0.16","6.58","50.79","1.71","37.88","0.36","7.93","66.99"
"L. McGee","League Two 20-21.","Forest Green Rovers","GK","30","200000","2027-06-30","35","3468","0","0","0","0","England","right","193","1.69","0.05","0","0.47","72.22","0","2.62","0","0","0","0","0","0","0","0","0","0","0","0.08","100","0.03","0","0.03","21.07","85.84","13.62","81.33","10.15","72.89","0","0","0","4.26","74.39","0.05","0","0.03","8.33","85.05"
"P. Lewis","League Two 20-21.","Tranmere Rovers","RCMF, RDMF, AMF","31","100000","","42","3440","6","8.56","1","0.81","England","right","185","7.14","6.36","58.85","9","46.22","0.13","4.83","1.02","0.16","0.22","0.03","1.31","44","12","0.6","17.39","0.71","40.74","5.23","33","2.41","0.13","0.16","20.9","75.47","6.62","62.06","1.75","53.73","0.02","0.13","0.08","2.59","50.51","0.81","38.71","0.29","2.8","60.75"
"L. Sercombe","League Two 20-21.","Cheltenham Town","LCMF, RCMF","35","100000","","38","3412","6","8.75","2","4.43","England","right","178","6.36","4.99","59.26","2.82","42.06","0.05","4.81","2.85","0.11","0.23","0","1.85","30","8.571","1.79","45.59","2.66","50.5","6.83","31.27","1.45","1.27","0.95","33.97","76.09","10.74","58.97","4.3","49.69","0.12","0.66","0.26","5.99","60.35","2.56","52.58","0.82","6.04","71.62"
"J. Muldoon","League Two 20-21.","Harrogate Town","CF, LW, LWF","36","75000","2026-06-30","42","3411","15","10.12","4","6.14","England","right","178","3.83","4.06","57.14","5.22","17.17","0.11","2.03","3.56","0.4","0.27","0.05","1.85","54.29","21.429","1.72","36.92","2.9","53.64","8.71","35.45","3.17","1.72","1.42","20.77","71.92","4.25","57.14","1.98","52","0.16","0.74","0.4","1.87","49.3","2.4","46.15","1","2.69","80.39"
"L. Legge","League Two 20-21.","Port Vale","RCB, CB","40","0","","37","3408","3","1.93","0","0.48","England","right","193","9.4","4.41","63.47","9.45","67.04","0.63","9.06","0.63","0.08","0.05","0.08","0.37","50","21.429","0.11","50","0.48","83.33","1.14","55.81","0.85","0.05","0.03","22.29","67.54","13.71","58.19","5.49","41.35","0.01","0.03","0.05","4.7","44.94","0.5","21.05","0.16","7.18","58.82"
"J. Labadie","League Two 20-21.","Newport County","RCMF, AMF","35","0","","40","3401","5","5.01","0","0.75","England","right","188","7.52","6.93","50","4.92","52.69","0.16","5.9","1.46","0.13","0.13","0.03","1.35","23.53","9.804","0.58","27.27","1.83","40.58","6.17","42.92","1.77","0.4","0.48","26.25","76.61","10.27","61.08","2.99","50.44","0.02","0.48","0.05","5.32","61.19","1.06","37.5","0.48","4.5","75.88"
"M. Gilks","League Two 20-21.","Bolton Wanderers","GK","43","0","","35","3396","0","0","0","0.46","England","right","185","1.25","0.13","100","0.42","100","0","1.77","0","0","0","0","0","0","0","0","0","0","0","0.05","100","0","0","0","18.34","84.83","11.5","79.49","6.15","61.21","0.01","0","0.03","1.75","37.88","0.16","0","0","5.01","75.66"
"N. Anderton","League Two 20-21.","Carlisle United","LB, LCB","29","0","","40","3380","2","1.76","1","1.71","England","left","188","9.64","6.71","60.71","5.19","53.33","0.21","7.76","2.42","0.05","0.05","0","0.88","27.27","6.061","2.4","33.33","2.1","62.03","4.18","54.14","1.04","1.38","0.56","26.47","64.99","14.8","60.61","6.9","43.24","0.05","0.13","0.16","6.63","53.41","2.58","47.42","0.61","7.99","67"
"G. Tanner","League Two 20-21.","Carlisle United","RB","26","2500000","2028-06-30","37","3365","3","0.91","1","2.75","England","right","181","12.09","8.83","67.27","3.72","56.83","0.21","8.8","2.33","0.08","0.02","0","0.48","33.33","16.667","1.9","40.85","2.46","53.26","4.2","41.4","0.64","1.44","0.62","28.81","70.47","14.84","61.98","5.99","48.21","0.07","0.21","0.32","6.37","58.82","2.33","47.13","0.48","8.13","68.42"
"C. McAleny","League Two 20-21.","Oldham Athletic","CF, AMF, LW","33","100000","2026-06-30","40","3364","17","12.77","1","1.14","England","right","178","2.94","2.84","44.34","1.71","26.56","0.03","1.91","3.93","0.37","0.34","0.03","3.08","40","14.783","1.2","31.11","4.68","48.57","7.68","43.21","3.21","1.36","0.91","14.15","77.69","3.21","63.33","0.64","41.67","0.03","0.24","0.11","1.36","54.9","0.78","55.17","0.4","1.71","71.88"
"N. Chilvers","League Two 20-21.","Colchester United","RDMF, RCMF, LDMF","24","375000","2027-05-31","44","3356","2","2.08","2","2.31","England","right","173","9.09","7.99","60.4","3.41","34.65","0.16","5.68","2.47","0.05","0.06","0.03","1.13","30.95","4.762","0.99","21.62","3.7","47.1","7.72","37.15","0.97","1.21","0.8","29.93","77.24","9.41","61.25","4.59","45.03","0.06","0.38","0.16","4.61","62.79","1.42","35.85","0.48","4.61","64.53"
"M. Dolan","League Two 20-21.","Newport County","CB","32","0","2026-06-30","41","3353","7","5.74","2","3.62","England","left","175","8.27","4.27","70.44","4.27","63.52","0.35","7.82","1.07","0.05","0.15","0","1.02","47.37","18.421","0.3","27.27","0.67","68","1.91","59.15","0.46","0.75","0.21","37.82","81.69","16.43","68.79","5.66","53.55","0.1","0.13","0.08","5.18","57.51","0.94","48.57","0.4","7.92","61.69"
"C. Thomas","League Two 20-21.","Cheltenham Town","DMF, RCMF","32","200000","2026-06-30","38","3347","5","5.05","0","2.7","England","right","185","8.93","7.48","61.87","2.37","47.73","0.08","5.24","0.97","0.05","0.14","0","0.35","46.15","38.462","0.78","51.72","0.51","47.37","2.23","49.4","0.75","0.4","0.11","40.63","81.2","13.58","66.73","5.49","55.88","0.07","0.3","0.13","7.8","67.24","1.69","53.97","0.89","8.44","77.07"
"G. Maris","League Two 20-21.","Mansfield Town","DMF, LCMF","29","300000","2026-06-30","40","3344","1","1.55","3","3.57","England","right","180","11.2","8.64","66.36","3.79","53.9","0.35","7.67","1.13","0.03","0.04","0","0.97","19.44","2.778","1.05","43.59","1","37.84","3.18","37.29","0.38","1.16","0.73","44.43","80.68","17.06","67.82","5.87","51.38","0.1","0.62","0.22","8.13","65.56","2.34","43.68","0.51","8.59","75.86"
"A. Hunter","League Two 20-21.","Salford City","LAMF, LW, RWB","30","0","2026-06-30","41","3343","7","7.63","5","6.46","England","right","178","6.54","4.28","49.06","1.32","34.69","0.05","6.19","4.74","0.19","0.21","0","2.48","40.22","7.609","3.66","25","4.2","58.97","8.24","48.37","2.1","2.34","1.59","35.16","67.76","12.57","54.39","7.46","46.21","0.17","0.92","0.38","7.38","52.55","4.79","41.01","1.32","7.89","75.09"
"L. James","League Two 20-21.","Barrow","CF, AMF","31","0","","44","3341","3","6.03","4","3.81","England","right","183","3.72","3.04","61.95","7.92","21.77","0.03","2.39","3.07","0.08","0.16","0","1.32","42.86","6.122","1.43","28.3","3.48","56.59","11.48","37.79","2.94","1.27","1.16","14.71","69.05","3.96","51.02","0.51","52.63","0.1","0.57","0.38","1.75","50.77","1.29","47.92","0.75","2.21","64.63"
"J. McKeown","League Two 20-21.","Grimsby Town","GK","36","0","","35","3332","0","0","0","0.1","England","right","187","2","0.05","100","0.51","100","0.03","2.9","0.03","0","0","0","0","0","0","0","0","0.03","100","0.14","40","0","0","0","17.75","86","11.64","78.89","9.1","74.18","0","0","0.03","2.59","65.63","0.14","0","0","7.29","84.81"
"D. Worrall","League Two 20-21.","Port Vale","RW, LW, RWF","35","75000","2026-06-30","37","3330","5","3.5","11","7.23","England","right","183","5.92","5.38","52.76","4.95","45.36","0.16","4.22","5.51","0.14","0.09","0","1","37.84","13.514","6.19","37.99","4.43","56.1","7.32","48.34","2.3","1.65","1.27","30.97","58.46","11.84","51.37","6.03","42.15","0.2","0.68","0.76","5.49","43.84","5.86","47.47","1.03","8.73","76.16"
"M. Howard","League Two 20-21.","Scunthorpe United","GK","39","50000","","34","3326","0","0","1","0","England","right","190","2","0.08","66.67","0.46","88.24","0","2.57","0.03","0","0","0","0","0","0","0","0","0.05","50","0.11","75","0","0","0","21.03","67.82","17.21","62.42","15.83","59.49","0","0","0.03","8.04","51.18","0.46","5.88","0","11.18","82.57"
"J. Riley","League Two 20-21.","Carlisle United","RCMF, RDMF","29","0","2026-06-30","42","3322","2","3.32","3","2.76","England","right","183","7.99","6.88","62.99","4.09","45.03","0.19","5.25","2.36","0.05","0.09","0","2.09","23.38","2.597","1","43.24","2.11","58.97","4.58","47.34","0.68","1","0.87","25.33","72.19","10.84","58.75","3.77","43.17","0.07","0.38","0.24","4.93","54.95","1.9","51.43","0.46","4.77","72.16"
"M. Welch-Hayes","League Two 20-21.","Colchester United","RB","29","75000","","38","3322","1","0.74","3","1.28","England","right","180","10.11","7.94","57","4.9","41.99","0.3","7.11","1.49","0.03","0.02","0.03","0.16","33.33","16.667","1.98","21.92","1.65","60.66","2.93","47.22","0.38","0.87","0.43","30.97","65.88","16.2","56.52","7.48","42.75","0.03","0.05","0.14","5.28","46.67","1.76","26.15","0.16","8.21","58.42"
"T. Dieng","League Two 20-21.","Southend United","RCB, RCMF, CF","33","125000","2027-06-30","36","3321","3","4.35","0","0.83","France","right","189","10.54","6.72","62.5","13.71","46.44","0.22","7.91","1.08","0.08","0.12","0.03","1.03","39.47","7.895","0.54","25","0.89","42.42","3.17","35.04","1.54","0.62","0.22","30.16","74.48","12.11","60.85","3.88","41.26","0.02","0.35","0.05","4.96","55.19","1.36","34","0.46","5.23","63.73"
"D. Scarr","League Two 20-21.","Walsall","RCB, CB","31","500000","2027-06-30","35","3308","4","3.97","1","0.97","England","right","188","8.03","3.43","73.02","9.85","69.06","0.65","7.83","0.79","0.11","0.11","0.05","0.84","51.61","12.903","0.08","100","0.38","57.14","1.28","42.55","1.55","0.38","0.14","35.91","73.86","19.67","61.96","11.26","52.17","0.03","0.08","0.16","8.87","50.31","0.82","26.67","0.41","10.45","68.75"
"J. Ironside","League Two 20-21.","Cambridge United","CF","32","275000","2028-06-30","44","3306","14","10.81","6","1.57","England","right","180","2.18","2.01","41.89","17.4","42.41","0.16","1.59","1.47","0.33","0.29","0.08","1.5","50.91","25.455","0.25","11.11","1.42","42.31","12.66","22.58","3.16","0.35","0.16","14.51","69.79","3.19","53.85","0.3","45.45","0.04","0.22","0.25","1.28","44.68","0.63","43.48","0.65","1.31","60.42"
"E. List","League Two 20-21.","Stevenage","CF, RW, RWF","28","125000","2027-06-30","44","3291","9","10.67","2","2.48","England","right","174","5.66","4.35","61.01","5.14","15.43","0.05","3.73","3.23","0.25","0.29","0.03","1.67","47.54","14.754","1.53","19.64","4.13","47.68","9.6","38.18","3.04","1.64","1.31","14.3","69.41","4.1","60","0.6","40.91","0.07","0.44","0.33","1.89","49.28","1.42","40.38","0.63","1.83","79.1"
"P. Digby","League Two 20-21.","Cambridge United","RCMF, DMF, LCMF","30","350000","","35","3287","0","1.14","0","0.5","England","right","193","11.42","8.49","60.97","5.42","60.1","0.25","8.08","0.57","0","0.03","0","0.16","16.67","0","0.19","85.71","0.79","41.38","2.52","30.43","0.41","0.68","0.25","39.4","80.13","14.87","64.27","4.24","50.32","0.01","0.08","0.05","6.3","61.74","0.88","43.75","0.33","6.57","67.08"
"C. Stokes","League Two 20-21.","Forest Green Rovers","CB, LCB, RCB","34","75000","2026-06-30","35","3284","2","1.76","0","0.54","England","left","185","9.98","5.7","76.92","7.84","61.89","0.47","8.16","0.44","0.05","0.05","0","0.36","38.46","15.385","0.41","33.33","0.38","42.86","1.23","40","0.58","0.88","0.27","41.44","78.77","20.77","66.75","9.67","57.51","0.01","0.05","0.08","7.65","58.78","0.71","42.31","0.27","11.07","70.3"
"J. Matt","League Two 20-21.","Forest Green Rovers","CF","36","75000","2026-06-30","38","3269","17","16.16","3","0.99","England","right","186","4.18","3.39","55.28","15.36","41.76","0.03","3.4","1.43","0.39","0.44","0.14","1.65","55","28.333","0.17","33.33","1.07","38.46","12.25","24.72","2.84","0.5","0.22","14.62","69.3","4.21","56.86","0.33","50","0.03","0.36","0.22","1.82","54.55","0.61","45.45","0.44","1.49","53.7"
"A. May","League Two 20-21.","Cheltenham Town","CF","32","300000","2028-06-30","44","3254","8","15.56","6","4.99","England","right","176","5.39","4.9","58.19","2.05","12.16","0.14","3.33","4.29","0.22","0.43","0","3.13","32.74","7.08","1.66","28.33","4.4","54.09","9.43","42.82","4.67","1.58","0.75","20.74","74.8","4.12","59.06","1.74","44.44","0.14","0.89","0.47","2.13","55.84","1.63","54.24","1.02","2.32","78.57"
"E. Monthe","League Two 20-21.","Tranmere Rovers","LCB","30","225000","2026-06-30","36","3250","0","1.94","0","0.22","Cameroon","left","194","9.66","6.12","73.3","5.46","61.42","0.5","8.03","0.72","0","0.05","0","0.3","45.45","0","0.28","30","0.58","85.71","2.66","47.92","0.39","1","0.14","40.79","74.81","20.91","61.59","9.55","41.74","0.01","0.03","0.03","7.53","44.49","1.22","15.91","0.25","10.05","64.46"
"D. Rodney","League Two 20-21.","Port Vale","CF, LW","27","0","2027-06-30","40","3232","11","8.58","2","3.51","England","right","178","4.37","4.29","53.9","9.44","33.63","0","2.76","4.62","0.31","0.24","0.06","2.14","29.87","14.286","2.03","24.66","5.79","59.13","13.53","37.45","2.98","1.42","0.64","19.8","69.76","4.32","56.77","2.51","54.44","0.1","0.25","0.33","2.42","58.62","1.78","39.06","0.67","3.2","71.3"
"R. Sweeney","League Two 20-21.","Mansfield Town","LCB","28","350000","2027-06-30","36","3217","3","3.41","0","0.55","England","left","193","11.41","7.92","74.2","9.68","63.29","0.62","8.26","0.53","0.08","0.1","0","0.31","54.55","27.273","0.25","44.44","0.39","64.29","1.73","35.48","0.59","0.28","0.2","28.82","72.23","15.89","61.27","6.77","48.76","0.02","0.03","0.06","5.46","50.26","0.76","37.04","0.14","7.81","63.8"
"S. Bennett","League Two 20-21.","Newport County","CB, LCMF, RCMF","35","100000","","41","3214","2","2.05","0","0.12","England","right","178","8.9","6.89","64.23","7.14","54.51","0.45","6.15","0.98","0.06","0.06","0","0.56","20","10","0.31","18.18","1.48","50.94","3.64","40","0.73","0.7","0.48","28.62","77.1","11.87","63.68","3.61","41.09","0","0.14","0.03","4.28","56.21","0.42","33.33","0.14","5.54","59.6"
"B. Coker","League Two 20-21.","Stevenage","LB","36","0","2026-06-30","38","3196","0","0.72","3","2.49","England","left","180","9.32","6.28","67.26","3.49","51.61","0.14","5.73","2.37","0","0.02","0","0.25","0","0","3.13","42.34","1.69","58.33","3.63","47.29","0.62","0.42","0.2","34.55","72.94","15.94","61.31","7.07","45.02","0.07","0.11","0.25","7.35","51.72","2.65","54.26","0.34","9.91","75.85"
"P. Sweeney","League Two 20-21.","Exeter City","RCB","31","500000","2026-06-30","38","3182","3","2.35","3","0.92","Republic of Ireland","right","183","11.09","6.05","67.76","8.63","60","0.74","10.9","1.07","0.08","0.07","0.06","0.42","46.67","20","0.76","51.85","0.48","76.47","1.44","58.82","0.79","0.82","0.14","47.57","77.47","26.98","66.67","13.32","51.8","0.03","0.31","0.2","13.04","58.35","1.98","51.43","0.59","14.82","76.72"
"L. Spence","League Two 20-21.","Scunthorpe United","LCMF, RCMF, DMF","29","0","2026-05-31","41","3175","1","0.56","1","1.05","Scotland","right","183","12.13","9.27","64.22","3.86","49.26","0.26","7.49","0.82","0.03","0.02","0","0.37","23.08","7.692","0.4","28.57","0.94","63.64","3.83","53.33","0.26","0.48","0.37","37.79","83.27","13.8","70.43","3.51","53.23","0.03","0.17","0.11","7.06","71.89","0.96","47.06","0.4","6.8","70"
"A. Beestin","League Two 20-21.","Scunthorpe United","LCMF, RCMF","28","0","2026-06-30","40","3174","5","4.02","1","1.97","England","right","178","10.26","8.45","62.42","5.36","44.44","0.26","6.58","1.64","0.14","0.11","0","0.82","31.03","17.241","0.57","30","2.04","51.39","5.64","43.22","1.19","0.96","0.54","30.85","69.85","13.33","52.98","4.88","38.37","0.06","0.57","0.2","6.29","53.15","1.08","31.58","0.28","6.18","63.3"
"H. Charsley","League Two 20-21.","Mansfield Town","RCMF, RWF, RW","29","200000","2027-06-30","43","3166","4","7.8","3","3.23","England","right","175","8.61","5.91","62.5","4.04","43.66","0.11","6.71","3.61","0.11","0.22","0","1.68","35.59","6.78","2.42","30.59","3.55","56","8.22","43.94","2.9","1.22","0.97","24.28","69.56","8.24","56.55","2.05","38.89","0.09","0.45","0.31","2.81","55.56","2.13","42.67","0.63","4.04","64.79"
"H. Dunk","League Two 20-21.","Cambridge United","LB, LW","35","75000","","41","3165","0","1.39","2","3.2","England","left","184","10.18","7.56","60.15","6.2","62.39","0.26","6.73","1.91","0","0.04","0","0.45","18.75","0","2.27","27.5","1.93","58.82","3.78","51.13","1.28","1.25","0.94","29.63","69.58","10.98","52.33","4.83","44.12","0.09","0.06","0.23","3.47","50.82","1.68","40.68","0.48","7.02","54.66"
"J. Demetriou","League Two 20-21.","Southend United","RCMF, LCMF, DMF","38","0","","38","3162","1","1.68","2","2.37","England","right","180","9.79","7.71","63.84","3.22","38.94","0.23","6.1","1.54","0","0.05","0","0.57","35","5","1.37","37.5","1.37","58.33","3.36","52.54","0.63","0.8","0.43","38.82","80.57","12.75","64.29","5.89","44.44","0.07","0.2","0.11","6.89","58.68","1.85","38.46","0.31","6.06","71.36"
"D. Keillor-Dunn","League Two 20-21.","Oldham Athletic","AMF, CF, LCMF","28","750000","2027-06-30","41","3152","10","7.02","4","3.34","England","right","180","6.71","6","52.86","4.05","37.32","0.11","4.66","3","0.29","0.2","0","1.54","35.19","18.519","1.2","40.48","3.34","52.99","8.37","38.91","2.2","1.51","1.03","32.27","77.7","7.97","60.22","3.31","37.07","0.1","0.51","0.49","4.45","57.69","2.03","52.11","0.97","4.25","63.76"
"C. Clay","League Two 20-21.","Leyton Orient","RCMF, LCMF, RDMF","33","100000","2026-05-31","39","3136","1","2.28","4","2.59","England","right","175","8.64","6.72","55.56","3.82","45.11","0.2","5.86","0.98","0.03","0.07","0","0.77","14.81","3.704","0.72","28","0.98","44.12","7","35.25","1.09","0.77","0.55","38.05","77.68","14.26","63.98","3.16","47.27","0.07","0.75","0.26","6.37","65.32","2.04","46.48","0.8","6.97","73.25"
"T. Diagouraga","League Two 20-21.","Morecambe","LCMF, LDMF","38","0","","39","3123","3","3.05","4","2.33","France","right","188","8.24","4.81","65.27","4.03","50.71","0.29","5.75","0.89","0.09","0.09","0.03","0.55","26.32","15.789","0.2","14.29","0.98","58.82","3.4","38.14","1.18","0.46","0.61","26.86","76.39","12.19","61.47","4.06","46.1","0.07","0.4","0.14","6.37","61.09","1.1","42.11","0.92","5.27","74.32"
"N. Cadden","League Two 20-21.","Forest Green Rovers","LWB, LW","29","500000","2027-05-31","35","3117","4","4.51","7","10.43","Scotland","left","178","4.82","3.81","59.85","0.72","40","0.06","3.74","6.35","0.12","0.13","0","1.44","38","8","6.09","36.02","5.72","61.11","8.43","49.66","1.33","2.02","1.01","27.17","68.97","7.71","56.55","2.69","43.01","0.3","0.2","0.55","3.15","58.72","5","42.77","0.38","7.16","76.21"
"J. O'Sullivan","League Two 20-21.","Morecambe","RW, RAMF","32","100000","","39","3101","3","3.73","7","6.05","Republic of Ireland","right","181","6.68","4.82","57.23","8.39","39.45","0.15","4.8","3.95","0.09","0.11","0","1.02","28.57","8.571","3.45","33.61","3.37","61.21","6.99","47.3","1.65","1.92","1.54","32.53","66.82","10.56","50.82","3.34","47.83","0.18","0.96","0.7","5.22","52.22","4.24","48.63","1.28","6.62","73.25"
"D. Gerken","League Two 20-21.","Colchester United","GK","40","0","","33","3085","0","0","0","0","England","right","183","1.78","0.03","100","0.55","89.47","0","2.34","0","0","0","0","0","0","0","0","0","0","0","0.06","100","0","0","0","14.32","86.15","6.83","76.07","5.81","70.35","0","0","0","0.96","51.52","0","0","0","4.41","75.5"
"B. Barry","League Two 20-21.","Barrow","RWB, RCMF, RW","30","0","","33","3079","1","1.8","3","2.04","England","right","183","7.51","5.85","50.5","4.65","50.31","0.26","6.39","1.9","0.03","0.05","0","0.32","45.45","9.091","2.25","49.35","0.73","60","3.07","44.76","0.91","0.99","0.82","33.59","72.85","13.45","56.52","5","43.27","0.06","0.38","0.26","5.17","53.67","2.6","52.81","0.53","9.7","71.08"
"W. Smith","League Two 20-21.","Harrogate Town","RCB","27","50000","","32","3079","2","2.66","1","0.06","England","right","184","11.55","6.9","75.85","9.82","65.18","0.61","9.39","0.58","0.06","0.08","0","0.44","26.67","13.333","0.12","25","0.7","58.33","1.9","35.38","0.94","0.56","0.44","32.24","72.71","17.92","64.11","6.87","50.64","0","0.09","0.03","6.52","50.67","0.64","18.18","0.18","8.83","62.25"
"Abobaker Eisa","League Two 20-21.","Scunthorpe United","LW, CF","30","150000","2026-06-30","39","3058","9","5.83","3","3.26","Sudan","right","180","4.83","4.09","63.31","4.3","27.4","0.03","2.73","3.77","0.21","0.17","0","1.59","37.04","16.667","1.74","15.25","6.47","43.64","13.66","37.07","1.85","2.21","1.44","16.98","69.67","4.3","54.79","0.44","20","0.1","0.35","0.21","1.27","58.14","1.21","31.71","0.21","2.06","51.43"
"N. Delfouneso","League Two 20-21.","Bolton Wanderers","CF, AMF, LAMF","34","0","","44","3052","6","6.75","4","3.26","England","right","186","3.69","3.04","58.25","6.19","37.14","0.12","2.88","3.3","0.18","0.2","0.03","1.18","47.5","15","0.8","29.63","4.25","52.78","10.38","37.5","2.12","1.95","0.86","20.58","81.52","5.1","65.9","0.71","62.5","0.1","0.41","0.32","2.3","71.79","1.21","60.98","0.77","2.86","71.13"
"L. Roberts","League Two 20-21.","Walsall","GK","31","250000","2027-06-30","32","3051","0","0","0","0","England","left","195","1.71","0.03","100","0.59","80","0","2.44","0","0","0","0","0","0","0","0","0","0","0","0.09","100","0","0","0","17.55","75.63","12.74","69.21","10.15","63.37","0","0","0","4.69","65.41","0.09","0","0","8.17","75.81"
"A. Nadesan","League Two 20-21.","Crawley Town","CF","31","150000","2026-06-30","40","3029","5","7.69","3","3.76","England","right","188","3.3","3.71","51.2","8.29","24.73","0.03","1.63","1.75","0.15","0.23","0.03","1.1","40.54","13.514","1.13","36.84","1.78","41.67","5.47","29.89","2.88","0.95","0.56","17.08","69.04","3.51","52.54","0.53","55.56","0.11","0.51","0.48","1.43","41.67","1.31","52.27","0.77","1.81","75.41"
"J. Andrésson","League Two 20-21.","Exeter City","GK","24","125000","","31","3026","0","0","0","0","Iceland","left","194","1.7","0.03","100","0.48","93.75","0","2.47","0","0","0","0","0","0","0","0","0","0","0","0.06","100","0","0","0","15.02","77.23","11.12","72.19","8.63","64.48","0","0","0","4.13","64.75","0.21","0","0.03","6.93","77.68"
"L. Waterfall","League Two 20-21.","Grimsby Town","RCB, CB","35","0","2026-06-30","33","3016","1","1.71","1","0.42","England","right","188","10.65","4.92","77.58","11.01","67.48","0.54","9.98","0.24","0.03","0.05","0.03","0.36","25","8.333","0.06","50","0.36","33.33","0.93","35.48","1.04","0.27","0.12","34.47","75.93","17.76","61.51","8.44","57.24","0.01","0","0.03","6.83","54.15","0.54","16.67","0.33","9.52","63.95"
"R. Loft","League Two 20-21.","Scunthorpe United","CF","28","175000","2027-06-30","41","3015","8","7.55","4","2.26","England","right","190","4.03","3.25","45.87","15.16","36.61","0.24","2.89","1.7","0.24","0.23","0.03","1.52","39.22","15.686","0.45","26.67","1.7","49.12","9.58","23.36","1.94","0.96","0.48","14.78","61.01","3.31","36.04","0.75","40","0.07","0.3","0.18","1.79","41.67","0.63","23.81","0.21","1.28","58.14"
"J. Ogunfaolu-Kayode","League Two 20-21.","Carlisle United","CF, RWF, RAMF","25","150000","2026-06-30","34","3009","8","7.12","2","5.39","Republic of Ireland","right","191","5.89","4.01","57.46","19.32","44.74","0.06","5.18","2.84","0.24","0.21","0.09","1.5","36","16","0.99","30.3","3.2","51.4","13.25","30.93","2.96","1.29","0.63","15.64","67.3","5.68","56.84","0.78","42.31","0.16","0.6","0.39","1.79","51.67","1.73","48.28","0.81","2.75","63.04"
"J. Perch","League Two 20-21.","Mansfield Town","LCB, RB, DMF","40","0","","32","3004","3","1.63","0","0.47","England","right","180","10.04","5.03","69.64","5.51","70.65","0.57","8.81","0.57","0.09","0.05","0","0.42","35.71","21.429","0.84","32.14","0.21","57.14","1.05","42.86","0.42","0.33","0.15","33.44","82.35","14.8","72.27","4.25","49.3","0.01","0.09","0.15","4.64","63.87","0.93","58.06","0.33","6.59","71.82"
"K. Morris","League Two 20-21.","Tranmere Rovers","RCMF, LCMF, AMF","31","175000","2026-06-30","44","2999","5","2.46","0","2.54","England","left","178","8.16","6.66","59.91","5.76","34.38","0.21","6.19","2.37","0.15","0.07","0.03","1.02","29.41","14.706","1.35","33.33","3.27","46.79","9.99","36.04","1.2","1.77","1.41","36.16","84.07","8.49","68.55","1.71","61.4","0.08","0.36","0.24","3.84","70.31","1.23","51.22","0.51","3.81","70.08"
"R. Menayese","League Two 20-21.","Grimsby Town","LCB, RCB","28","75000","2026-06-30","31","2983","1","1.8","0","0.12","Congo DR","right","190","10.83","6.7","68.47","8.54","61.48","0.6","8.68","0.3","0.03","0.05","0","0.3","30","10","0.21","14.29","0.51","35.29","2.2","28.77","0.63","0.75","0.18","30.17","75","15.09","61.4","5.49","48.9","0","0","0","4.44","55.1","0.66","18.18","0.21","7.84","54.23"
"N. Knight-Percival","League Two 20-21.","Morecambe","LCB","38","0","2026-06-30","34","2983","1","2.65","0","0.09","England","left","183","10.32","6.55","70.05","6.91","61.14","0.48","6.28","0.27","0.03","0.08","0","0.27","55.56","11.111","0.06","0","0.24","50","1.6","52.83","0.51","0.21","0","16.32","66.91","10.62","59.38","4.65","40.91","0","0","0","3.53","48.72","0.36","16.67","0.09","4.98","56.97"
"C. Harriott","League Two 20-21.","Colchester United","LAMF, RAMF, LW","31","175000","","36","2981","9","5.69","4","2.62","Guyana","left","165","6.1","5.4","51.4","1.81","21.67","0.03","4.31","4.38","0.21","0.17","0","2.11","42.86","12.857","2.11","27.14","4.95","48.17","9.96","35.76","1.42","1.36","0.82","24.49","64.24","8.24","56.04","2.51","33.73","0.08","1.06","0.21","3.74","53.23","2.93","39.18","0.91","5.1","69.23"
"J. Sparkes","League Two 20-21.","Exeter City","LB, LWB, LW","25","400000","2027-06-30","42","2981","3","3.27","5","7.09","England","left","177","8.36","6.85","57.71","4.95","54.88","0.24","6.43","4.2","0.09","0.1","0","1.21","27.5","7.5","4.47","32.43","4.86","47.83","8.36","41.52","0.88","1.78","0.97","32.27","61.65","13.59","45.11","7.34","37.04","0.21","0.33","0.33","7.06","42.74","4.56","39.07","0.51","8.85","64.85"
"I. Lawlor","League Two 20-21.","Oldham Athletic","GK","31","75000","2026-06-30","31","2980","0","0","0","0","Republic of Ireland","right","193","2.11","0.03","100","0.54","88.89","0","2.67","0","0","0","0","0","0","0","0","0","0","0","0.09","33.33","0","0","0","18.82","76.89","11.54","65.45","9.54","56.96","0","0","0","4.44","48.98","0.39","0","0","6.89","73.68"
"J. Moore-Taylor","League Two 20-21.","Forest Green Rovers","CB, LCB, LCMF","31","100000","","31","2972","2","1.6","1","0.5","England","left","180","9.3","6.33","72.25","4.75","67.52","0.39","6.99","0.48","0.06","0.05","0.06","0.39","30.77","15.385","0.18","33.33","0.51","58.82","2.39","51.9","0.7","0.76","0.36","36.4","76.54","18.65","63.8","7.6","52.99","0.02","0.15","0.09","8.24","63.6","1.06","40","0.45","9.66","71.16"
"S. Cuthbert","League Two 20-21.","Stevenage","RCB, LCB, CB","38","0","","33","2971","1","0.62","0","0.22","Scotland","right","188","9.78","5.24","74.57","8.18","58.52","0.36","6.92","0.15","0.03","0.02","0.03","0.12","25","25","0","0","0.15","60","0.91","36.67","0.36","0","0.03","29.11","75.13","14.9","60.37","6.97","50.87","0.01","0.03","0.03","4.48","51.35","0.3","40","0.21","7.75","55.08"
"W. McDonald","League Two 20-21.","Walsall","LW, LAMF","28","125000","","41","2958","2","3.61","3","5.35","England","right","174","4.56","4.84","58.49","0.37","0","0","2.68","7.36","0.06","0.11","0","2.01","33.33","3.03","3.83","28.57","10.1","52.41","17.59","42.73","3.01","3.89","1.83","26.29","78.01","5.69","75.94","0.97","43.75","0.16","0.52","0.43","2.13","78.57","2.59","47.06","0.64","3.86","78.74"
"O. Akinola","League Two 20-21.","Leyton Orient","RB, RCB","27","0","2026-06-30","33","2948","0","0.01","1","0.18","England","right","187","9.86","8.33","61.9","4.52","46.62","0.37","6.78","0.73","0","0","0","0.03","100","0","0.79","26.92","0.67","63.64","1.74","54.39","0.06","0.95","0.43","39.9","78.65","18.9","64.46","7.72","43.48","0.01","0.12","0.03","7.42","57.61","1.28","30.95","0.12","9.04","72.64"
"J. Reid","League Two 20-21.","Mansfield Town","CF","31","300000","","39","2945","6","10.51","2","3.88","England","right","181","3.97","4.13","57.78","5.78","28.57","0.03","2.33","3.15","0.18","0.32","0","2.26","29.73","8.108","1.1","16.67","4","48.09","15.8","28.43","4.25","0.83","0.46","18.31","74.96","3.67","63.33","0.73","50","0.12","0.86","0.58","1.34","61.36","1.25","48.78","1.13","1.31","76.74"
"L. Sutton","League Two 20-21.","Bradford City","RCMF, RDMF","28","150000","2026-06-30","34","2934","2","0.88","3","1.83","England","right","180","8.93","9.02","59.18","4.66","48.03","0.09","3.57","2.21","0.06","0.03","0","0.49","43.75","12.5","0.8","26.92","3.22","48.57","7.3","40.34","1.23","1.44","0.89","26.13","80.05","8.74","71.23","1.66","59.26","0.06","0.55","0.31","3.5","71.05","1.17","44.74","0.77","3.9","74.02"
"H. Clifton","League Two 20-21.","Grimsby Town","LB, LCMF","27","250000","2026-06-30","35","2915","2","3.44","0","1.31","England","right","180","10.47","7.22","53.85","4.29","44.6","0.4","9.15","1.95","0.06","0.11","0","1.02","42.42","6.061","1.05","23.53","1.82","62.71","3.98","49.61","1.08","1.08","0.96","34.98","71.32","16.43","58.08","7.53","45.08","0.04","0.43","0.19","7.44","51.87","2.16","37.14","0.56","7.93","66.15"
"W. Hoolahan","League Two 20-21.","Cambridge United","AMF, LW, RW","43","0","","34","2904","7","1.59","8","9.12","Republic of Ireland","left","168","6.51","6.69","51.39","0.77","24","0.03","3.9","5.18","0.22","0.05","0","0.99","40.63","21.875","2.39","37.66","5.49","55.93","12.92","41.97","1.64","2.6","1.46","46.92","78.14","16.36","71.78","3.66","49.15","0.28","1.77","0.87","6.54","70.62","4.8","56.13","2.45","8.74","82.27"
"J. Clarke","League Two 20-21.","Walsall","LCB, RCB, CB","36","75000","2026-06-30","31","2900","2","2.34","0","0","England","right","183","6.55","3.44","61.26","5.12","58.79","0.71","6.33","0.4","0.06","0.07","0","0.31","50","20","0.09","66.67","0.22","85.71","1.68","64.81","0.53","0.31","0.16","23.9","77.4","12.44","65.34","6.02","54.12","0","0","0","3.91","57.94","0.34","36.36","0.09","6.52","60.48"
"H. Clarke","League Two 20-21.","Oldham Athletic","RCB, LCB","24","5000000","2026-06-30","32","2876","1","1.66","1","0.52","England","right","180","10.48","6.04","57.51","7.13","53.51","0.53","9.03","1","0.03","0.05","0","0.31","50","10","0.31","20","1.16","64.86","2.88","41.3","0.44","1.75","0.94","41.5","77","19.81","62.72","8.92","43.51","0.02","0.13","0.09","8.36","49.81","1.13","22.22","0.13","10.26","61.28"
"L. O'Connor","League Two 20-21.","Tranmere Rovers","RB, DMF","25","300000","2027-06-30","35","2872","0","0.16","0","1.11","Republic of Ireland","right","178","10.18","6.99","61.88","3.89","51.61","0.16","8.1","0.97","0","0.01","0","0.09","0","0","2.07","27.27","0.38","58.33","2.29","39.73","0.19","0.88","0.44","39.23","75.08","17.17","61.68","6.71","47.66","0.03","0.25","0.13","7.05","58.67","2.29","39.73","0.28","10.22","70.55"
"J. Bedeau","League Two 20-21.","Scunthorpe United","LCB","26","325000","2027-06-30","34","2869","1","1.85","1","0.99","England","left","182","11.89","7.34","76.07","7.25","60.17","0.91","8.62","0.47","0.03","0.06","0","0.25","25","12.5","0.13","50","0.66","52.38","1.69","44.44","0.5","0.63","0.41","33.72","77.4","16.81","65.3","8.47","49.63","0.03","0.06","0.16","5.9","47.34","0.75","37.5","0.28","8.41","67.16"
"A. McCalmont","League Two 20-21.","Oldham Athletic","LCMF, RCMF","25","175000","2026-06-30","35","2857","8","3.93","3","1.66","England","right","175","7.62","6.8","56.94","1.73","29.09","0.09","5.08","1.64","0.25","0.12","0","1.23","35.9","20.513","0.44","28.57","1.61","52.94","5.51","32","0.88","1.07","0.69","38.53","81.11","11.59","59.78","4.98","46.84","0.05","0.35","0.19","5.89","63.64","1.35","41.86","0.5","5.39","67.84"
"Otis Khan","League Two 20-21.","Tranmere Rovers","RB, LCMF","30","100000","","37","2855","2","1.65","0","4.46","England","right","170","6.75","6.43","54.9","2.11","47.76","0.06","5.02","4.95","0.06","0.05","0","0.82","34.62","7.692","3.91","37.9","4.98","59.49","10.09","40.94","0.95","2.05","1.54","42.49","79.53","12.39","64.12","5.61","58.99","0.14","0.5","0.47","5.52","57.71","3.81","46.28","0.57","7.69","75.82"
"S. McLaughlin","League Two 20-21.","Mansfield Town","LB, LW, DMF","35","75000","2026-06-30","36","2849","4","1.26","3","5.65","Republic of Ireland","left","175","10.39","6.92","64.84","3.73","50.85","0.16","8.6","3.51","0.13","0.04","0","1.01","25","12.5","3.03","39.58","3.06","61.86","6.13","55.15","0.82","1.99","1.74","36.42","66.96","17.91","56.61","7.08","42.41","0.18","0.38","0.44","8.59","51.47","3.32","40.95","0.44","10.08","72.1"
"C. Cooke","League Two 20-21.","Bradford City","LCMF, AMF, RCMF","28","0","","34","2842","3","5.48","7","4.4","England","right","172","5.42","5.07","66.88","2.31","21.92","0.13","2.71","2.66","0.06","0.17","0","1.36","39.53","6.977","1.33","45.24","2.22","55.71","6.81","36.74","1.39","1.49","1.05","38.19","84.49","10.29","72.31","3.1","56.12","0.14","0.92","0.48","5.57","72.16","3.29","59.62","1.33","5.29","89.22"
"W. Boyle","League Two 20-21.","Cheltenham Town","LCB","30","250000","2027-06-30","29","2826","6","5.4","2","0.62","England","left","191","9.14","5.13","63.98","12.01","59.95","0.22","7.65","1.46","0.19","0.17","0.16","1.27","45","15","0.83","30.77","0.89","60.71","1.56","42.86","1.85","1.24","0.29","38.98","75.33","18.63","63.42","7.39","50.43","0.02","0.19","0.1","7.32","54.35","1.27","30","0.29","10.54","64.65"
"T. Pett","League Two 20-21.","Stevenage","RCMF, AMF","34","100000","2027-06-30","31","2821","2","1.38","1","2.2","England","right","173","11.77","7.94","66.27","2.84","44.94","0.22","7.46","2.42","0.06","0.04","0","0.64","40","10","0.77","20.83","2.49","66.67","6.29","55.33","0.67","1.12","0.7","38.09","72.28","16.78","56.08","6.35","41.21","0.07","1.18","0.22","7.78","56.15","2.2","40.58","0.73","7.18","68"
"G. Francomb","League Two 20-21.","Crawley Town","RB, LB","34","0","2026-06-30","33","2812","6","2.55","2","2.7","England","right","180","8.29","6.21","53.61","3.39","54.72","0.48","6.84","1.76","0.19","0.08","0","0.67","42.86","28.571","1.95","39.34","1.25","51.28","2.18","39.71","0.9","0.54","0.35","40.04","76.82","17.6","65.82","6.91","46.3","0.09","0.22","0.32","7.36","59.57","2.02","42.86","0.48","9.73","70.72"
"J. Gordon","League Two 20-21.","Walsall","CF, RW, RWF","31","125000","2026-06-30","36","2799","5","9.92","2","1.77","England","right","178","7.94","7.04","56.16","10.64","30.82","0.1","4.97","2.67","0.1","0.32","0.03","2.03","36.51","7.937","1.45","28.89","3.02","41.49","12.57","27.11","2.51","0.87","0.42","21.74","68.49","6.21","45.08","1.83","40.35","0.06","0.55","0.29","2.86","53.93","1.74","37.04","0.45","3.18","58.59"
"L. Norris","League Two 20-21.","Stevenage","CF","32","125000","2026-06-30","40","2792","11","11.12","0","0.69","England","right","182","4.22","3.55","60.91","12.18","27.78","0.13","2.1","3.58","0.26","0.36","0.16","2.77","44.19","12.791","0.68","28.57","3.93","49.18","15.15","33.19","3.58","0.77","0.16","20.08","68.38","4.38","50.74","1.64","54.9","0.02","0.61","0.1","2.32","38.89","1.35","35.71","0.61","2.16","76.12"
"T. Vancooten","League Two 20-21.","Stevenage","RCB","28","225000","2027-06-30","29","2791","0","0.18","1","0.24","England","right","185","12.45","6.68","72.95","8.84","56.57","0.61","9.27","0.48","0","0.01","0","0.1","0","0","0.19","0","0.74","65.22","2.32","55.56","0.42","0.42","0.35","37.18","75.63","20.28","63.43","8.87","50.55","0.01","0.1","0.03","6.74","49.28","0.77","20.83","0.32","8.96","63.31"
"J. Brown","League Two 20-21.","Colchester United","CF, AMF","31","250000","","40","2785","7","6.03","3","1.32","England","left","175","4.36","4.52","55.71","8.82","26.74","0.03","2.47","2.29","0.23","0.19","0.03","1.36","38.1","16.667","0.65","35","2.46","43.42","10.08","27.24","2.78","0.71","0.42","23.24","77.75","5.56","59.88","1.07","60.61","0.04","1.16","0.23","2.23","59.42","1.71","54.72","1.03","2.29","78.87"
"K. Woolery","League Two 20-21.","Tranmere Rovers","CF, RAMF","31","200000","","42","2782","8","5.87","4","1.8","England","right","182","4.85","3.79","54.7","8.96","36.46","0.13","4.05","4.27","0.26","0.19","0.03","2.01","24.19","12.903","2.72","20.24","4.95","64.05","13.78","40.85","2.78","2.3","1.23","17.44","67.35","3.07","51.58","0.78","54.17","0.06","0.19","0.32","0.81","64","1.65","33.33","0.29","2.2","58.82"
"O. Threlkeld","League Two 20-21.","Salford City","LDMF, LCMF, RCMF","31","0","2026-06-30","35","2766","0","0.38","1","2.34","England","right","184","9.73","7.39","59.47","5.6","60.47","0.2","7","0.72","0","0.01","0","0.52","12.5","0","0.55","17.65","0.85","46.15","2.73","46.43","0.26","0.29","0.23","40.41","78.66","14.09","63.74","5.99","47.83","0.08","0.39","0.13","7.74","60.5","1.98","44.26","0.72","7.26","66.37"
"K. Gordon","League Two 20-21.","Mansfield Town","RB","28","125000","2026-06-30","32","2766","0","0.33","1","2.87","England","right","182","8.2","6.54","53.73","1.85","40.35","0.2","6.67","6.25","0","0.01","0","0.36","18.18","0","5.76","37.29","5.86","68.89","8.85","60.66","0.52","3.45","2.38","36.77","66.73","17.51","61.9","7.42","46.05","0.09","0.13","0.26","7.71","56.12","4.98","45.75","0.39","11.97","75.27"
"D. Bahamboula","League Two 20-21.","Oldham Athletic","RW, RAMF, CF","30","0","","38","2753","6","7.46","7","5.07","France","right","192","5.13","4.54","56.83","3.63","40.54","0","3.43","7.91","0.2","0.24","0","2.09","35.94","9.375","2.84","26.44","11.12","56.47","21.84","42.22","2.52","3.86","1.8","29.46","75.92","7.52","66.09","1.5","47.83","0.17","0.56","0.65","3.33","71.57","2.32","45.07","0.95","4.12","69.84"
"R. O'Donnell","League Two 20-21.","Bradford City","GK","37","75000","2026-06-30","28","2729","0","0","0","0","England","left","188","0.99","0.07","100","0.26","87.5","0","1.2","0","0","0","0","0","0","0","0","0","0.03","0","0.07","50","0","0","0","16.89","80.66","13.13","75.88","11.44","72.05","0","0","0","4.85","68.71","0.1","0","0.03","9.43","84.97"
"O. Clarke","League Two 20-21.","Mansfield Town","RCMF, DMF","33","150000","","33","2728","3","4.59","2","2.1","England","right","180","10.03","7.65","60.34","5.54","55.95","0.36","7.45","3","0.1","0.15","0","1.39","23.81","7.143","1.12","35.29","3.73","54.87","8.25","43.6","1.58","1.15","1.52","35.76","73.52","13.63","55.69","5.71","38.15","0.07","0.56","0.43","7.49","54.63","2.47","42.67","0.86","6.24","73.02"
"J. McAnuff","League Two 20-21.","Leyton Orient","RCMF, LCMF","44","0","","40","2726","2","2.03","5","4.93","England","right","178","6.4","5.08","55.19","3.17","35.42","0.4","4.8","3.7","0.07","0.07","0","1.35","17.07","4.878","2.34","28.17","4.59","56.83","9.71","45.24","1.29","1.95","1.62","36.52","76.4","11.89","61.11","4.33","45.8","0.16","0.89","0.46","5.22","63.29","2.97","50","0.99","5.91","74.86"
"C. Norman","League Two 20-21.","Walsall","RB, RWB","30","225000","2026-06-30","35","2708","0","0.43","4","2.88","England","right","188","9.77","6.61","62.31","5.15","54.84","0.3","7.66","3.49","0","0.01","0","0.37","0","0","4.05","33.61","3.69","55.86","6.88","52.66","0.53","1.76","0.93","36.43","63.96","17.38","54.3","9.07","43.22","0.1","0.23","0.37","9.74","51.88","4.52","40.44","0.56","11.2","73.29"
"A. Sarcevic","League Two 20-21.","Bolton Wanderers","RCMF, AMF","33","125000","2026-06-30","32","2696","7","4.56","5","4.22","England","right","182","7.88","5.41","62.35","3.51","60.95","0.17","6.48","4.71","0.23","0.15","0","1.67","40","14","2.34","35.71","4.57","62.77","9.68","52.76","3.14","1.7","1.07","39.66","73.15","14.62","63.01","4.77","43.36","0.14","0.9","0.7","6.81","62.25","3.84","47.83","1.5","7.71","79.65"
"J. Taylor","League Two 20-21.","Barrow","LCMF, RCMF","38","0","","34","2693","0","0.95","3","0.37","England","right","185","8.25","7.95","56.3","4.24","59.06","0.17","5.07","0.43","0","0.03","0","0.27","37.5","0","0.17","20","0.53","50","2.57","36.36","0.5","0.1","0","25.03","74.23","9.66","55.71","2.77","33.73","0.01","0.37","0.1","4.51","52.59","0.57","35.29","0.27","4.44","61.65"
"M. O'Malley","League Two 20-21.","Scunthorpe United","LB, LWB","24","0","","29","2672","0","0.25","2","2.81","Republic of Ireland","left","170","10.1","7.58","59.11","4.51","46.27","0.17","6.86","1.01","0","0.01","0","0.17","20","0","2.05","32.79","0.51","33.33","2.16","32.81","0.34","0.51","0.3","36.55","67.74","17.99","58.05","7.95","43.22","0.09","0.27","0.2","7.78","53.68","2.19","30.77","0.07","10.34","64.17"
"K. Mellor","League Two 20-21.","Morecambe","RB, RWB","34","75000","","33","2670","1","1.2","2","1.24","England","right","188","10.52","8.26","68.16","4.31","50","0.24","5.94","2.06","0.03","0.04","0","0.47","35.71","7.143","1.58","31.91","2.16","62.5","5.53","49.39","0.4","1.21","0.57","24.34","68.01","12.91","58.22","5.43","40.37","0.04","0.1","0.27","6.03","54.75","2.12","50.79","0.51","7.75","64.35"
"B. Thomas-Asante","League Two 20-21.","Salford City","RAMF, CF, RW","27","0","2028-06-30","42","2669","5","8.12","3","3.63","England","right","182","5.16","4.45","61.36","5.83","19.08","0.03","3.45","5.97","0.17","0.27","0","2.46","34.25","6.849","1.96","41.38","6.41","61.58","18.61","41.49","3.61","2.02","0.91","20.23","67","5.43","52.8","1.35","45","0.12","1.05","0.4","2.46","56.16","2.53","58.67","1.05","3.61","73.83"
"S. Ling","League Two 20-21.","Leyton Orient","RB","29","0","","30","2662","0","1.31","1","0.2","England","right","175","9.53","5.82","56.98","4.29","44.88","0.54","9.12","0.78","0","0.04","0","0.24","0","0","1.01","30","0.78","52.17","2.1","40.32","0.54","0.57","0.2","38.95","79.6","18.43","69.54","6.29","48.39","0.01","0.07","0","8.18","66.94","1.42","35.71","0.37","9.97","79.32"
"R. Cooney","League Two 20-21.","Morecambe","RB, LB","25","250000","2027-05-31","39","2654","0","0.61","2","1.82","England","right","179","11.06","8.61","65.75","2.2","33.85","0.14","6.16","1.7","0","0.02","0","0.51","26.67","0","1.87","29.09","1.56","63.04","3.63","64.49","0.34","1.22","1.05","23.23","68.18","10.78","61.64","3.46","42.16","0.06","0.24","0.31","4.61","58.09","2.27","35.82","0.27","6.24","68.48"
"D. Bernard","League Two 20-21.","Salford City","LCB, RCB, RB","25","1500000","2027-06-30","30","2638","2","1.64","1","0.14","England","right","188","11.67","8.29","71.19","8.29","64.61","0.61","8.44","1.16","0.07","0.06","0.03","0.31","44.44","22.222","0.38","54.55","1.4","58.54","3.68","44.44","0.58","1.4","0.51","38.01","76.3","16.58","61.52","5.25","33.12","0","0.03","0.07","5.56","51.53","1.16","32.35","0.27","8.02","54.89"
"R. Fallowfield","League Two 20-21.","Harrogate Town","RB","30","0","2026-05-31","31","2627","0","0.51","4","3.32","England","right","174","9.63","5.89","54.65","2.98","54.02","0.27","9.04","1.88","0","0.02","0","0.34","20","0","3.63","32.08","0.72","66.67","1.44","50","0.82","0.86","0.55","46.52","74.74","19.73","64.93","7.78","52.42","0.11","0.48","0.41","8.74","64.31","3.94","44.35","0.58","12.47","81.32"
"T. Parkes","League Two 20-21.","Exeter City","LCB, CB","33","0","","31","2625","1","1.43","0","0","England","left","188","11.35","6.82","70.35","7.1","67.15","0.51","9.86","0.38","0.03","0.05","0","0.41","16.67","8.333","0.03","0","0.38","72.73","1.61","42.55","0.55","0.38","0","41.49","76.2","21.05","62.38","10.25","45.15","0","0.03","0.03","8.61","49.4","0.69","20","0.24","9.81","62.94"
"C. Burton","League Two 20-21.","Cambridge United","GK","29","250000","2027-06-30","27","2604","0","0","0","0","England","right","188","1.21","0.1","0","0.48","100","0","1.64","0.03","0","0","0","0","0","0","0","0","0.03","100","0.1","100","0","0","0","12.79","79.19","9.23","71.91","8.09","68.8","0","0","0","3.84","68.47","0.24","0","0","6.39","84.86"
"R. McDonald","League Two 20-21.","Carlisle United","LCB","33","100000","2026-06-30","29","2582","0","1.18","1","0.43","England","left","191","8.51","5.4","75.48","6.24","63.13","0.38","6.71","0.31","0","0.04","0","0.28","12.5","0","0.21","50","0.21","83.33","1.22","60","0.49","0.07","0","24.36","65.09","14.43","55.56","9.06","40.38","0.02","0","0.03","7.18","41.26","0.94","22.22","0.1","7.01","58.21"
"L. Prosser","League Two 20-21.","Stevenage","LCB","37","0","","30","2578","1","1.05","0","0.02","England","left","191","8.27","4.64","74.44","5.24","68","0.42","6.1","0.1","0.03","0.04","0.03","0.31","22.22","11.111","0.1","0","0.03","100","0.59","47.06","0.42","0.1","0.03","33.55","80.75","16.86","71.22","6.98","64","0","0.03","0","5.38","55.84","0.49","21.43","0.14","8.2","66.81"
"A. Read","League Two 20-21.","Stevenage","LCMF, LW","26","250000","2026-06-30","32","2570","2","1.98","0","2.6","England","left","178","8.75","6.93","61.62","3.43","41.84","0.14","4.51","2.24","0.07","0.07","0","1.09","38.71","6.452","1.16","24.24","2.73","51.28","7.74","40.72","0.81","0.7","0.46","29.8","78.38","9.77","58.78","4.1","41.88","0.09","0.56","0.11","4.97","59.15","1.61","36.96","0.67","4.41","72.22"
"M. Benning","League Two 20-21.","Mansfield Town","LB, LWB","32","150000","2026-06-30","32","2561","0","0.64","0","2.83","England","left","178","11.46","7.98","58.15","5.55","48.73","0.32","9.6","4.18","0","0.02","0","0.56","25","0","4.67","38.35","3.3","64.89","5.66","55.9","0.88","2.18","0.95","38.2","69.18","17.4","61.82","7.63","49.31","0.1","0.21","0.35","7.45","59.91","4.29","46.72","0.63","11.67","70.48"
"J. White","League Two 20-21.","Southend United","RCB","39","0","","28","2551","1","0.74","0","0.39","England","right","185","9.24","5.05","72.73","4.9","60.43","0.49","7.64","0.14","0.04","0.03","0","0.28","25","12.5","0.14","25","0.11","33.33","0.67","52.63","0.78","0.18","0.04","27.45","71.34","17.46","63.03","12.6","59.38","0.01","0","0.07","8.08","58.95","0.46","7.69","0.28","9.74","71.74"
"T. Clarke","League Two 20-21.","Salford City","RB, RCB","38","0","","32","2549","2","3.01","2","1.2","England","right","183","11.33","8.26","65.81","8.05","60.09","0.35","7.62","0.85","0.07","0.11","0.04","0.64","38.89","11.111","0.99","28.57","0.39","45.45","1.17","39.39","1.17","0.18","0","38.56","67.22","20.83","55.59","8.01","39.65","0.04","0.32","0.11","7.8","42.99","1.2","41.18","0.32","10.7","61.39"
"P. Amond","League Two 20-21.","Newport County","CF","37","0","2026-11-30","44","2542","6","9.01","1","1.92","Republic of Ireland","right","180","3.19","2.9","54.88","11.01","21.54","0.07","2.44","1.49","0.18","0.32","0","1.7","39.58","12.5","1.38","20.51","0.92","46.15","4.89","24.64","3.22","0.42","0.18","16.07","64.32","4.39","42.74","0.99","50","0.07","0.28","0.39","1.88","45.28","1.59","46.67","0.71","1.88","66.04"
"A. May","League Two 20-21.","Cambridge United","RCMF, LCMF","28","200000","","38","2530","3","1.99","1","1.19","England","right","182","9.6","7.93","58.74","3.98","55.36","0.32","6.18","1.42","0.11","0.07","0","1.46","34.15","7.317","0.64","50","0.78","54.55","2.42","51.47","1.07","0.46","0.28","43.86","81.43","14.91","63.72","5.91","48.19","0.04","0.28","0.18","8.4","63.14","2.03","50.88","0.68","6.76","72.63"
"J. Iredale","League Two 20-21.","Cambridge United","LB, LW","29","250000","2028-05-31","38","2499","4","1.47","3","2.51","Scotland","left","184","9.87","8.07","62.05","3.64","52.48","0.32","6.53","3.82","0.11","0.05","0","0.5","57.14","21.429","4.57","34.65","2.92","60.49","5.15","51.75","0.97","1.66","0.72","36.37","62.97","16.71","54.31","7.31","43.84","0.09","0.72","0.36","7.06","50","4.54","38.1","0.58","10.88","66.89"
"G. Lapslie","League Two 20-21.","Mansfield Town","AMF, RCMF","28","225000","2027-06-30","29","2491","8","5.95","4","2.75","England","right","180","8.38","7.33","58.62","5.31","33.33","0.22","5.03","2.1","0.29","0.21","0.07","1.37","60.53","21.053","1.05","20.69","1.7","53.19","6.47","43.02","2.31","1.16","0.72","29.92","76.57","9.76","63.7","2.85","48.1","0.1","0.47","0.51","4.01","64.86","2.35","46.15","1.41","5.13","72.54"
"A. Martin","League Two 20-21.","Harrogate Town","CF","34","0","","36","2490","5","10.71","6","1.29","England","","183","5.57","4.55","57.14","32.24","39.91","0.18","4.13","2.06","0.18","0.39","0.04","2.28","39.68","7.937","0.61","29.41","2.42","40.3","9.18","25.98","3.69","0.83","0.22","15.72","62.3","5.6","45.16","0.98","44.44","0.05","0.11","0.25","2.02","48.21","1.23","55.88","0.72","2.2","59.02"
"S. Hendrie","League Two 20-21.","Morecambe","LB, LWB","30","0","2026-05-31","37","2480","1","0.57","2","2.96","Scotland","left","178","10.42","8.75","62.24","3.41","53.19","0.18","5.75","2.14","0.04","0.02","0","0.58","12.5","6.25","3.52","29.9","1.71","51.06","2.83","47.44","0.54","1.02","0.65","28.56","60.1","15.71","55.89","7.44","35.12","0.11","0.22","0.36","7.48","46.6","3.05","39.29","0.47","9.07","74"
"B. Cargill","League Two 20-21.","Forest Green Rovers","LB, LCB","30","250000","2027-06-30","25","2476","2","2.24","2","1.99","England","left","189","10.9","7.42","66.67","6.72","58.92","0.22","8.04","2.33","0.07","0.08","0.04","0.62","47.06","11.765","1.53","35.71","2.04","66.07","3.74","45.63","1.16","1.56","0.58","36.71","70.69","19.85","63.19","8.29","49.56","0.07","0.55","0.29","8.94","53.25","2.22","42.62","0.65","11.56","74.21"
"B. Stevenson","League Two 20-21.","Colchester United","LDMF, DMF, RDMF","28","200000","2026-06-30","32","2473","2","0.85","3","0.27","England","right","182","10.34","7.68","64.93","2.91","52.5","0.25","6.83","0.95","0.07","0.03","0","0.44","25","16.667","0.25","57.14","1.09","43.33","2.77","42.11","0.25","0.47","0.25","35.05","80.17","12.34","66.08","5.42","51.68","0.01","0.29","0.15","6.22","64.91","0.91","44","0.33","7.06","63.92"
"O. Patrick","League Two 20-21.","Carlisle United","LWF, RWF, RW","29","150000","2026-06-30","37","2470","5","4.73","2","1.76","England","right","185","7.54","6.74","57.3","6.05","33.13","0.04","5.57","6.09","0.18","0.17","0","2.77","28.95","6.579","2.73","25.33","9.77","45.15","16.54","33.48","2.95","2.59","1.68","20.77","61.75","6.38","51.43","1.93","41.51","0.06","0.69","0.29","1.82","36","2.59","46.48","0.98","3.75","63.11"
"E. Osadebe","League Two 20-21.","Walsall","LCMF, AMF, LW","29","150000","2027-06-30","38","2464","3","5.88","2","2.32","Republic of Ireland","right","188","6.21","5.44","57.05","4.05","38.74","0.15","4.06","3.51","0.07","0.21","0.04","1.53","30.95","7.143","1.53","28.57","4.64","48.03","11.69","35.63","1.97","1.42","1.06","27.07","73.68","9.02","61.94","2.81","46.75","0.08","0.88","0.26","4.09","59.82","3","45.12","1.31","5.41","71.62"
"F. Azaz","League Two 20-21.","Cheltenham Town","RCMF, LCMF, AMF","25","0","2029-06-30","37","2452","1","3.52","1","2.92","England","right","185","6.68","5.43","61.49","3.89","41.51","0.04","4.91","3.08","0.04","0.13","0.04","1.1","36.67","3.333","1.62","40.91","3.27","51.69","8.74","38.66","2.72","0.99","0.7","33.25","69.87","11.42","54.66","4.18","37.72","0.11","1.39","0.4","6.02","44.51","2.86","48.72","1.03","5.25","74.13"
"O. Bailey","League Two 20-21.","Forest Green Rovers","AMF, LW, RW","26","350000","2026-06-30","36","2443","4","6.69","5","4.7","England","left","178","4.97","5.08","60.87","3.39","27.17","0.04","3.08","4.94","0.15","0.25","0","1.92","38.46","7.692","2.03","43.64","6.08","50.3","13.12","38.2","2.1","1.77","0.99","25.16","78.18","6.3","64.33","1.55","61.9","0.17","0.44","0.41","2.76","77.33","1.95","60.38","0.77","3.94","71.96"
"C. Borthwick-Jackson","League Two 20-21.","Oldham Athletic","LB, LCB, LWB","28","250000","","31","2440","2","1.71","1","1.63","England","left","190","9.7","5.46","58.11","4.46","63.64","0.55","7.71","2.21","0.07","0.06","0","0.41","36.36","18.182","2.73","31.08","1.92","59.62","3.36","48.35","0.74","1.55","0.81","36.3","73.37","15.86","62.33","6.27","40.59","0.06","0.3","0.26","6.6","54.75","2.58","31.43","0.37","9.77","69.43"
"H. White","League Two 20-21.","Walsall","RB, RCB","30","0","2026-11-30","28","2432","0","0.21","2","0.66","England","right","185","9.92","8.22","62.61","3.11","55.95","0.37","6.59","1.7","0","0.01","0","0.11","33.33","0","1.3","28.57","2.22","56.67","5.33","43.75","0.37","1.07","0.96","33.38","74.17","15.47","62.44","4.92","48.12","0.02","0.11","0.11","5.33","52.78","1.85","38","0.22","7.62","69.9"
"A. Cook","League Two 20-21.","Bradford City","CF","35","150000","2026-06-30","41","2427","11","7.85","1","0.92","England","right","185","4.23","3.82","48.54","19.43","42.56","0.22","3.29","1.85","0.41","0.29","0.11","2.3","45.16","17.742","0.3","12.5","1.93","32.69","10.64","21.6","3.15","0.41","0.22","14.28","63.64","3.63","50","0.33","44.44","0.03","0.15","0.19","1.85","54","0.56","46.67","0.44","1.22","63.64"
"D. Bernard","League Two 20-21.","Forest Green Rovers","RCMF, LCB, RB","28","175000","","27","2409","0","0.14","0","0.24","England","right","180","9.79","6.35","65.88","3.21","40.7","0.34","7.85","0.56","0","0.01","0","0.11","0","0","0.07","50","0.93","52","3.21","45.35","0.15","0.45","0.19","30.82","82.3","12.74","67.45","4.22","46.02","0.01","0.07","0","4.52","62.81","0.49","38.46","0.26","6.31","67.46"
"D. Fage","League Two 20-21.","Oldham Athletic","RWB, RB, LWB","26","0","","34","2396","1","1.44","1","0.94","France","right","178","9.09","8.94","58.4","3.42","37.36","0.08","4.97","3.83","0.04","0.05","0","0.53","21.43","7.143","3.01","25","6.16","46.95","10.07","40.67","0.86","2.44","1.84","28.25","74.34","8.6","70.31","2.1","30.36","0.04","0.15","0.19","3.16","66.67","2.85","36.84","0.38","5.82","65.81"
"M. Platt","League Two 20-21.","Barrow","CB, LCB","28","275000","2026-06-30","24","2380","2","2.6","0","1.53","England","right","188","10.63","4.76","71.43","8.28","65.75","0.53","10.3","0.53","0.08","0.1","0.08","0.72","31.58","10.526","0.11","66.67","0.34","55.56","1.02","48.15","1.4","0.42","0.19","39.18","76.93","20.08","64.78","10.13","51.49","0.06","0.04","0.23","7.9","52.63","0.98","46.15","0.57","10.25","68.63"
"K. Letheren","League Two 20-21.","Morecambe","GK","38","0","","24","2372","0","0","0","0","Wales","right","188","1.78","0","0","1.06","92.86","0","2.16","0","0","0","0","0","0","0","0","0","0","0","0.04","0","0","0","0","11.34","63.88","10.78","63.03","10.4","62.41","0","0","0","6.07","60.62","0.19","20","0.15","7.7","81.77"
"C. Lavery","League Two 20-21.","Walsall","CF","33","0","","41","2349","6","7.11","3","1.74","Canada","right","180","3.52","3.41","48.31","7.39","24.35","0.11","2.17","1.69","0.19","0.27","0.08","1.53","37.5","15","0.38","10","1.76","50","11.23","25.6","2.91","0.69","0.23","16.13","73.63","3.33","62.07","0.31","50","0.07","0.61","0.31","0.96","52","1.03","40.74","1","1","84.62"
"E. Onariase","League Two 20-21.","Scunthorpe United","RCB, LCB, CB","29","0","","26","2345","2","2.44","0","0.23","England","right","188","10.94","5.99","74.36","7.64","71.86","0.92","8.35","0.35","0.08","0.09","0","0.54","14.29","14.286","0.04","100","0.27","71.43","1.27","30.3","0.81","0.5","0.08","28.13","72.17","14.93","58.87","7.33","37.17","0.01","0.04","0.04","5.07","43.18","0.73","5.26","0.15","7.79","51.72"
"B. Garrity","League Two 20-21.","Oldham Athletic","RCMF, RDMF","28","350000","2026-06-30","29","2279","2","3.42","0","0.79","England","right","183","10.62","6.91","62.86","7.82","57.58","0.28","7.88","1.26","0.08","0.13","0","0.87","36.36","9.091","0.47","16.67","1.42","55.56","4.38","37.84","1.58","0.67","0.43","28.55","68.6","11.61","44.9","4.5","34.21","0.03","0.24","0.04","5.69","46.53","1.03","26.92","0.2","5.02","54.33"
"C. Senior","League Two 20-21.","Colchester United","LAMF, RAMF, LW","28","0","","35","2278","0","1.28","1","2.56","England","right","176","7.03","6.2","52.87","1.58","17.5","0","4.69","4.19","0","0.05","0","0.95","4.17","0","1.9","29.17","5.89","53.02","10.86","44.73","1.86","3.6","2.33","27.54","74.75","9.13","62.34","1.98","46","0.1","1.07","0.4","4.42","61.61","2.01","54.9","0.91","5.49","80.58"
"J. Randall","League Two 20-21.","Exeter City","LAMF, LW","26","600000","2028-06-30","30","2263","8","6.43","4","4.85","England","right","177","7.04","4.65","63.25","2.23","35.71","0.04","6.23","3.82","0.32","0.26","0.04","1.59","42.5","20","2.39","35","4.22","49.06","8.59","33.8","3.94","1.95","1.39","28","80.54","6.8","70.76","1.35","64.71","0.19","0.64","0.64","2.03","72.55","1.95","36.73","0.99","3.22","81.48"
"M. Štěch","League Two 20-21.","Mansfield Town","GK","35","0","","24","2257","0","0","0","0","Czech Republic","right","191","1.28","0","0","0.4","100","0","1.8","0","0","0","0","0","0","0","0","0","0","0","0","0","0","0","0","17.23","75.46","13.32","69.76","11.88","65.77","0","0","0","6.26","66.24","0.28","0","0","9.21","81.82"
"M. Pollock","League Two 20-21.","Grimsby Town","LCB","24","500000","2029-06-30","25","2252","3","3.02","0","0.14","England","right","190","11.55","6.51","70.55","10.07","69.84","0.44","9.63","0.2","0.12","0.12","0.04","0.48","33.33","25","0.08","0","0.12","33.33","0.76","42.11","0.8","0.44","0.2","35.45","77.34","17.42","63.07","9.35","56.84","0.01","0.04","0.04","6.31","56.33","0.84","38.1","0.32","9.83","66.67"
"K. Poku","League Two 20-21.","Colchester United","AMF, RW, RAMF","24","1500000","","33","2250","0","2.28","0","1.81","England","left","179","7.08","7.36","57.61","2.36","10.17","0.08","3.42","5","0","0.09","0","1.44","27.78","0","1.92","16.67","7.24","51.38","14.68","41.69","1.6","3.24","0.96","28.56","76.33","8.2","61.95","2.04","50.98","0.07","1.6","0.32","3.12","62.82","2.72","45.59","0.88","4.36","75.23"
"H. Pell","League Two 20-21.","Colchester United","RCMF, RDMF, LDMF","34","100000","","25","2250","2","3.38","2","2.42","England","right","192","9.56","6.32","57.59","9.4","62.55","0.2","7.39","1.52","0.08","0.14","0","1.2","26.67","6.667","0.8","25","1.32","57.58","4.6","46.96","1.44","0.6","0.48","38.04","70.77","17.2","53.26","7.56","39.68","0.1","0.48","0.32","8.12","44.33","2.12","33.96","0.64","7.36","69.02"
"C. Bramall","League Two 20-21.","Colchester United","LB","29","600000","","23","2221","0","0.42","2","3.4","England","left","178","9.12","6.93","46.78","3.28","51.85","0.32","7.75","2.55","0","0.02","0","0.61","26.67","0","3.2","35.44","2.59","45.31","4.78","32.2","1.22","2.19","2.11","37.2","68.63","16.01","52.91","6.89","32.35","0.14","0.2","0.32","6.65","48.78","2.76","36.76","0.2","9.73","57.92"
"R. Williams","League Two 20-21.","Exeter City","RAMF, RW","29","450000","","29","2215","4","3.95","1","4.79","England","left","173","4.75","3.66","56.67","4.51","30.63","0.12","3.9","5.32","0.16","0.16","0","1.34","36.36","12.121","4.39","26.85","7.4","47.25","11.46","37.94","3.49","2.4","1.22","23.73","65.24","5.28","50.77","1.26","48.39","0.19","0.61","0.73","1.38","50","4.1","42.57","1.18","4.39","66.67"
"A. Williams","League Two 20-21.","Cheltenham Town","CF","39","0","2026-06-30","45","2213","8","10.25","0","1","England","right","188","4.03","3.25","50","14.15","34.77","0","3.37","2.24","0.33","0.42","0.08","2.24","36.36","14.545","1.1","22.22","2.48","44.26","9.44","31.9","3.54","1.3","0.65","14.93","59.67","3.99","41.84","0.73","38.89","0.04","0.49","0.12","1.79","29.55","1.14","46.43","0.37","1.63","60"
"H. Davis","League Two 20-21.","Morecambe","LCB, CB","34","0","","27","2192","0","0.83","1","0.38","England","right","185","10.18","5.38","84.73","6.57","60","0.7","7.13","0.16","0","0.03","0","0.33","25","0","0.12","0","0.21","40","0.74","38.89","0.94","0.16","0.21","19.83","62.53","12.69","52.43","6.41","42.95","0.02","0","0.08","4.43","37.96","0.21","20","0.25","6.04","51.7"
"L. Page","League Two 20-21.","Exeter City","LB","29","0","2026-06-30","32","2188","0","0.23","1","0.52","England","left","178","9.67","6.42","65.38","6.87","54.49","0.21","8.68","1.81","0","0.01","0","0.37","11.11","0","2.06","24","1.85","55.56","3.58","54.02","0.29","2.02","1.07","37.39","73.05","17.07","61.45","6.58","46.25","0.02","0.37","0.12","7.32","55.06","2.51","39.34","0.53","9.46","70.87"
"C. Whelan","League Two 20-21.","Oldham Athletic","RCMF, LCMF","27","0","2027-06-30","31","2181","0","0.74","3","2.17","England","right","176","7.76","5.45","58.33","1.24","36.67","0.37","5.78","1.24","0","0.03","0","0.62","33.33","0","0.7","58.82","1.24","50","3.47","38.1","0.33","0.95","0.45","48.03","84.54","16.13","72.38","6.19","52.67","0.09","0.41","0.29","8.25","65.5","1.82","50","0.45","8.01","76.29"
"J. McNerney","League Two 20-21.","Crawley Town","RCB, LCB, CB","35","0","","26","2178","1","2.11","0","0.2","England","right","193","11.78","7.73","66.84","11.9","64.58","0.62","9.24","0.66","0.04","0.09","0.04","0.54","46.15","7.692","0.25","33.33","0.41","80","0.83","50","0.95","0.08","0.04","25.29","70.1","14.46","60.86","5.74","52.52","0.01","0.04","0.08","4.59","50.45","0.62","20","0.12","6.53","54.43"
"T. Cordner","League Two 20-21.","Southend United","LCB, RCB","27","0","2026-05-31","26","2176","1","0.66","1","0.28","England","right","186","10.92","5.75","74.82","8.31","63.18","0.79","8.9","0.62","0.04","0.03","0.04","0.29","28.57","14.286","0.12","66.67","0.7","58.82","2.61","34.92","0.33","0.7","0.08","30.85","71.45","15.76","55.12","9.02","41.28","0.01","0.21","0.08","7.16","44.51","1.2","31.03","0.37","7.53","65.38"
"L. Kerry","League Two 20-21.","Harrogate Town","LCMF","37","0","","31","2166","2","2.27","1","0.96","England","right","173","13.55","11.18","59.11","4.2","41.58","0.29","8.34","1.5","0.08","0.09","0","0.87","47.62","9.524","0.5","33.33","1.54","51.35","4.4","37.74","0.91","0.54","0.17","34.11","79.42","10.43","59.36","3.78","52.75","0.04","0.37","0.08","5.15","57.26","1.04","48","0.42","4.65","65.18"
"J. Kay","League Two 20-21.","Barrow","LWB, LW, CF","28","0","","29","2152","5","5.34","3","3.44","England","right","182","7.49","6.4","55.56","2.93","28.57","0.08","5.15","5.31","0.21","0.22","0","1.84","31.82","11.364","2.93","24.29","6.69","56.88","12.84","46.25","2.93","3.39","2.05","26.39","66.4","7.57","50.83","3.72","42.7","0.14","0.75","0.54","3.47","53.01","3.01","31.94","0.75","5.06","66.94"
"A. Phillips","League Two 20-21.","Morecambe","RCMF, AMF","27","500000","2026-06-30","25","2152","8","7.47","7","6.7","England","right","180","6.4","4.1","57.14","3.39","40.74","0.08","4.28","3.72","0.17","0.31","0","2.26","40.74","14.815","3.97","33.68","1.97","55.32","5.19","37.9","2.17","0.67","0.25","36.3","63.48","15.18","50.96","8.57","41.46","0.28","1","1.17","10.33","51.01","5.94","37.32","1.34","9.45","73.45"
"D. Newton","League Two 20-21.","Stevenage","CF","34","0","2026-06-30","35","2147","4","7.35","0","0.48","England","","178","6.25","6.29","53.33","19.58","33.4","0.21","3.57","2.72","0.17","0.31","0","2.35","39.29","7.143","0.92","9.09","3.73","43.82","9.22","30.45","2.68","0.96","1.34","15.38","57.49","4.9","36.75","1.17","17.86","0.02","0.42","0.08","2.26","35.19","1.55","16.22","0.46","1.59","60.53"
"N. Ferguson","League Two 20-21.","Southend United","LCMF, RCMF, DMF","30","0","","28","2146","2","1.56","0","1.2","England","right","178","9.27","5.75","61.31","6.04","47.22","0.29","7.56","1.34","0.08","0.07","0","1.17","32.14","7.143","0.96","39.13","1.05","44","3.82","36.26","0.63","0.34","0.08","32.38","72.8","12.92","55.52","5.58","42.11","0.05","0.29","0.08","6.58","54.14","1.64","43.59","0.25","6.46","66.88"
"D. Green","League Two 20-21.","Scunthorpe United","LW, RW, CF","29","0","","36","2137","3","3.29","0","0.79","England","right","173","6.53","4.63","62.73","6.57","32.69","0.17","4.82","3.41","0.13","0.14","0","0.88","42.86","14.286","2.61","22.58","4.34","55.34","9.05","43.72","1.81","1.64","1.31","17.39","64.89","5.01","46.22","1.18","42.86","0.03","0.17","0.21","1.47","51.43","1.94","32.61","0.29","3.24","58.44"
"S. Wagstaff","League Two 20-21.","Forest Green Rovers","RWB, LWB, AMF","35","0","","35","2137","1","0.94","2","2","England","right","175","6.57","5.56","56.82","2.06","36.73","0.13","4.83","2.19","0.04","0.04","0.04","0.51","41.67","8.333","2.32","38.18","2.44","44.83","5.22","36.29","1.52","1.01","0.63","25.94","76.95","7.16","64.12","2.4","38.6","0.08","0.08","0.42","2.57","59.02","1.94","54.35","0.55","4.38","64.42"
"D. Preston","League Two 20-21.","Grimsby Town","LB, LWB","25","0","","25","2125","0","0","0","0.9","England","","0","12.66","7.84","62.7","6.23","51.7","0.38","11.36","1.65","0","0","0","0","0","0","2.03","27.08","1.36","71.88","3.01","54.93","0.34","1.06","0.68","37.86","67.23","18.47","53.44","8.39","42.93","0.04","0.25","0.21","8.72","50","3.47","36.59","0.76","10.46","68.83"
"K. Taylor","League Two 20-21.","Southend United","LCMF, LDMF, RCMF","26","175000","","31","2119","1","1.13","1","0.38","Switzerland","right","167","7.26","4.97","65.81","2.46","37.93","0.21","5.31","1.49","0.04","0.05","0","0.64","13.33","6.667","1.02","12.5","1.87","56.82","4.8","43.36","1.02","1.15","0.47","37.25","78.91","12.32","63.79","3.44","38.27","0.02","0.64","0.08","5.73","59.26","2","46.81","0.72","4.67","61.82"
"R. Bennett","League Two 20-21.","Carlisle United","LCB, RCB","34","75000","","24","2116","4","4.51","0","0.02","England","right","191","10.34","7.83","75.54","9.1","59.81","0.34","6.31","0.77","0.17","0.19","0.13","0.68","43.75","25","0.04","100","0.68","62.5","1.87","45.45","1.11","0.3","0.04","16.97","69.42","10","61.7","4.34","52.94","0","0","0","2.68","58.73","0.21","20","0.17","5.02","55.93"
"T. Clifford","League Two 20-21.","Southend United","LB","26","0","","28","2114","3","1.05","1","1.84","England","left","172","12.39","8.94","70.95","3.15","28.38","0.13","7.73","1.36","0.13","0.04","0","0.38","44.44","33.333","1.79","35.71","1.11","50","2.85","40.3","0.21","0.81","0.47","33.33","68.45","17.03","57.5","7.24","44.71","0.08","0.04","0.26","7.54","54.8","2.21","34.62","0.17","10.52","66.4"
"J. Armer","League Two 20-21.","Carlisle United","LB, RB","24","500000","2026-06-30","24","2106","1","1.41","1","3.08","England","left","185","10.3","7.56","69.49","4.91","52.17","0.21","7.11","2.05","0.04","0.06","0.04","0.6","14.29","7.143","3.33","42.31","1.07","48","2.26","35.85","1.07","0.6","0.51","28.12","60.03","16.92","56.31","8.5","46.23","0.13","0.26","0.43","8.16","50.26","4.4","48.54","0.85","10.81","75.89"
"J. Clarke","League Two 20-21.","Scunthorpe United","RB, RCB","34","0","","24","2099","1","0.81","0","0.33","England","right","183","11.75","7.46","66.67","4.46","60.58","0.6","9.05","1.54","0.04","0.03","0.04","0.39","44.44","11.111","1.46","23.53","1.46","70.59","3.22","49.33","0.26","0.6","0.3","35.42","71.43","17.97","61.34","6.99","39.88","0.01","0.13","0.09","7.55","52.27","1.72","32.5","0.26","9.78","72.81"
"E. Adebayo","League Two 20-21.","Walsall","CF","28","0","","25","2086","10","8.37","0","1.22","England","right","193","4.36","4.01","49.46","12.6","34.25","0.22","3.43","3.49","0.43","0.36","0.09","2.2","43.14","19.608","1.47","26.47","5","42.24","15.58","26.32","4.14","0.99","0.43","15.75","70.68","3.15","58.9","0.22","40","0.05","0.35","0.09","1.25","58.62","1.12","46.15","0.56","1.34","61.29"
"O. Banks","League Two 20-21.","Barrow","DMF, RCMF","33","0","2027-06-30","32","2084","0","1.25","1","1.34","England","right","191","8.94","7.17","55.42","4.19","63.92","0.13","6.25","1.04","0","0.05","0","1.12","26.92","0","0.86","35","0.78","38.89","3.28","44.74","0.65","0.22","0.22","43.83","74.88","18.35","57.65","9.16","43.87","0.06","0.13","0.04","10.67","52.23","1.94","42.22","0.78","9.46","72.15"
"A. Stone","League Two 20-21.","Mansfield Town","GK","26","200000","2026-06-30","22","2084","0","0","0","0","England","right","186","1.55","0.09","0","0.39","100","0","2.45","0","0","0","0","0","0","0","0","0","0","0","0.04","100","0","0","0","16.45","74.54","13.21","69.93","11.1","66.15","0","0","0","4.49","61.54","0.35","12.5","0.04","8.85","81.46"
"L. Isgrove","League Two 20-21.","Bolton Wanderers","RAMF, RW, RWF","32","0","","32","2074","4","3.47","2","4.53","England","right","178","7.03","5.99","57.97","3.6","26.51","0","5.93","5.29","0.17","0.15","0","1.22","35.71","14.286","4.51","35.58","5.08","54.7","8.64","43.72","2.73","2.82","1.82","30.59","71.35","9.16","62.09","1.74","52.5","0.2","1","0.74","3.21","66.22","4.34","45","1.39","6.34","76.03"
"A. Davies","League Two 20-21.","Crawley Town","RB","27","100000","2026-06-30","34","2053","0","0.19","0","0.91","England","right","183","10.92","9.21","59.52","2.89","42.42","0.35","6.9","2.5","0","0.01","0","0.35","12.5","0","2.5","29.82","2.15","69.39","3.59","52.44","0.61","0.92","0.88","29.46","69.35","13.2","59.8","5.3","40.5","0.04","0.48","0.31","4.73","46.3","2.76","41.27","0.53","7.28","68.67"
"J. McPake","League Two 20-21.","Harrogate Town","LW","24","0","2026-05-31","23","2045","4","3.68","0","1.24","Scotland","right","0","7.39","6.51","66.22","2.29","28.85","0.13","4.3","6.43","0.18","0.16","0","1.98","44.44","8.889","0.62","21.43","9.86","52.23","16.72","42.37","3.34","3.78","2.29","15.58","76.84","3.92","55.06","1.1","36","0.05","0.57","0.31","1.1","48","1.1","56","0.97","1.58","52.78"
"R. Willmott","League Two 20-21.","Exeter City","RAMF, RW, LAMF","35","50000","2026-05-31","36","2027","1","1.43","2","3.93","England","right","175","6.39","4.26","59.38","3.73","28.57","0.27","6.09","4.08","0.04","0.06","0","0.53","33.33","8.333","4.8","37.96","3.06","60.87","5.28","46.22","1.91","1.95","0.8","31.88","70.19","10.12","62.28","3.29","40.54","0.17","0.44","0.49","3.95","52.81","4.26","46.88","0.53","6.75","76.97"
"N. Maynard","League Two 20-21.","Newport County","CF","39","0","","39","2014","6","8.49","2","1.59","England","right","180","4.25","3.35","50.67","6.21","19.42","0.22","2.88","2.73","0.22","0.38","0","2.64","35.59","10.169","0.4","33.33","2.46","58.18","9.25","29.47","3.4","0.63","0.54","12.15","76.47","2.9","49.23","0.54","50","0.07","0.63","0.31","1.61","55.56","0.89","40","0.63","1.16","76.92"
"D. Kemp","League Two 20-21.","Leyton Orient","AMF, LW, RWF","26","300000","2028-06-30","24","2013","5","4.27","2","2.84","England","left","168","7.11","6.39","57.34","2.82","28.57","0","5.01","2.68","0.22","0.19","0","1.43","25","15.625","1.97","22.73","3.26","43.84","9.17","38.54","2.24","0.63","0.76","25.04","78.04","5.54","58.06","1.7","26.32","0.13","1.07","0.22","3","59.7","2.24","38","0.45","3.4","71.05"
"M. Williams","League Two 20-21.","Bolton Wanderers","RDMF, LDMF","30","250000","2027-06-30","21","2000","0","0.04","1","0.25","Wales","right","187","9.9","8.46","55.85","3.11","43.48","0.23","8.64","0.36","0","0","0","0.09","0","0","0.27","33.33","0.63","42.86","2.3","39.22","0.18","1.08","0.36","46.89","82.92","14.9","65.86","5.45","43.8","0.01","0.18","0.05","8.78","65.64","0.72","43.75","0.18","7.47","65.66"
"J. Widdowson","League Two 20-21.","Leyton Orient","LB, LCB","36","0","","26","1992","0","0","0","0.38","England","left","183","10.48","7.05","58.97","4.97","60.91","0.36","7.67","0.72","0","0","0","0","0","0","0.59","38.46","0.59","69.23","2.17","41.67","0.36","1.27","0.59","38.77","77.62","17.26","60.21","5.78","36.72","0.02","0.09","0.05","6.1","51.85","0.68","33.33","0.05","7.32","62.35"
"A. Bates","League Two 20-21.","Walsall","DMF, LCMF, RCMF","24","0","2026-06-30","36","1988","0","0.66","2","1.07","England","right","170","7.15","6.61","58.22","2.54","35.71","0.09","4.48","1.18","0","0.03","0","0.63","14.29","0","0.63","50","0.91","80","3.76","34.94","0.14","0.32","0.27","35.76","74.56","12.27","53.14","7.74","48.54","0.05","0.23","0.09","8.42","56.45","1.9","38.1","0.41","6.88","67.76"
"C. Taylor","League Two 20-21.","Barrow","LCMF","39","0","","31","1987","1","1.53","2","2.09","England","left","183","7.43","6.07","61.19","3.03","47.76","0.23","4.38","1.13","0.05","0.07","0","0.72","25","6.25","0.86","21.05","1.09","50","2.99","51.52","1.45","0.41","0.23","25.41","74.87","8.52","57.98","2.31","27.45","0.09","0.41","0.27","3.8","58.33","1.22","70.37","0.95","3.99","62.5"
"K. Wilson","League Two 20-21.","Forest Green Rovers","RWB, RW, RB","25","500000","","27","1984","1","0.89","2","2.09","England","right","178","8.3","5.9","56.92","4.54","50","0.14","6.69","4.63","0.05","0.04","0","0.5","18.18","9.091","3.54","41.03","5.63","50","11.3","39.36","1.04","2.81","2.13","30.35","74.89","9.12","60.7","2","43.18","0.09","0.54","0.32","3.13","55.07","3.18","52.86","0.54","5.99","75.76"
"L. Gibson","League Two 20-21.","Morecambe","LB","28","175000","2026-06-30","26","1975","0","0.15","1","0.65","England","left","185","13.4","10.66","61.11","6.11","59.7","0.09","8.05","1.73","0","0.01","0","0.14","33.33","0","1.18","15.38","2.1","69.57","4.37","46.88","0.55","0.64","0.46","28.03","61.46","15.77","48.84","6.97","26.14","0.03","0.14","0.05","5.92","44.62","1.91","26.19","0.36","8.93","54.08"
"C. Montaño","League Two 20-21.","Port Vale","LB, LWB","34","300000","2026-05-31","29","1968","3","2.05","1","2.22","Colombia","left","180","11.52","8.37","64.48","7","60.13","0.14","8.9","3.7","0.09","0.09","0","1.14","44","8","2.2","31.25","4.44","56.7","8.23","47.22","2.06","1.83","0.96","25.06","63.14","12.62","55.8","5.9","44.19","0.1","0.27","0.32","5.67","48.39","2.1","47.83","0.87","7.5","64.02"
"C. Donaldson","League Two 20-21.","Bradford City","CF, AMF","41","0","","35","1966","4","4.24","2","2.37","England","right","185","3.34","2.56","64.29","9.61","46.19","0.09","2.12","2.88","0.18","0.19","0.09","1.56","47.06","11.765","1.19","38.46","2.56","60.71","10.94","38.91","3.02","0.69","0.46","18.68","79.41","3.8","61.45","0.5","45.45","0.11","0.41","0.41","2.15","59.57","1.14","60","0.92","2.29","76"
"D. Rowe","League Two 20-21.","Bradford City","CF, AMF","36","0","","33","1943","9","5.29","4","3.25","England","right","186","4.68","4.31","47.31","8.24","33.15","0.14","3.13","4.54","0.37","0.25","0.09","2.96","48.44","14.063","1.99","27.91","3.61","65.38","9.13","42.13","2.5","0.69","0.28","24.32","67.81","6.72","48.28","2.59","42.86","0.15","0.74","0.42","4.54","46.94","1.95","33.33","0.46","3.2","73.91"
"J. Wright","League Two 20-21.","Crawley Town","RCMF, DMF","36","0","","29","1939","1","0.96","2","0.72","England","right","185","7.61","5.52","48.74","4.27","44.57","0.32","6.27","0.79","0.05","0.04","0","0.56","16.67","8.333","0.6","46.15","0.6","38.46","2.6","37.5","0.84","0.6","0.14","39.64","79.27","15.6","66.96","6.08","52.67","0.03","0.46","0.09","7.33","62.66","1.72","54.05","0.84","7.75","75.45"
"N. Adams","League Two 20-21.","Oldham Athletic","RB, RWB, LWB","39","0","","23","1937","0","1.08","3","4.34","England","right","178","6.6","4.83","53.85","1.63","48.57","0.23","5.01","4.6","0","0.05","0","0.46","60","0","6.13","30.3","4","60.47","6.97","53.33","0.65","2.18","0.88","41.72","69.82","14.36","56.96","6.78","40.41","0.2","0.28","0.37","5.62","52.07","5.53","33.61","0.42","9.71","70.33"
"A. Crawford","League Two 20-21.","Tranmere Rovers","AMF, LCMF","34","200000","2026-05-31","30","1932","1","2.51","4","2.54","Scotland","right","173","5.4","4.8","58.25","1.82","17.95","0.14","3.5","1.96","0.05","0.12","0","2.05","20.45","2.273","1.07","21.74","1.63","45.71","3.82","37.8","1.21","0.75","0.7","35.12","78.51","10.85","62.23","5.68","48.36","0.12","1.16","0.33","7.5","63.35","2.93","44.44","1.16","6.24","76.87"
"T. Beadling","League Two 20-21.","Barrow","RCMF, DMF, CB","29","300000","","29","1926","2","2.14","0","0.42","England","right","186","9.81","5.98","64.84","5.23","59.82","0.42","7.83","1.21","0.09","0.1","0","0.93","35","10","0.19","25","1.45","45.16","3.79","37.04","0.89","0.93","0.14","29.77","80.53","12.24","63.36","4.53","50.52","0.02","0.28","0.09","5.79","62.1","0.56","58.33","0.47","6.4","71.53"
"R. Hackett","League Two 20-21.","Southend United","RW, LW, LAMF","27","275000","2026-06-30","25","1926","1","2.93","0","2.36","England","left","190","9.39","7.38","55.7","3.97","42.35","0.14","7.43","4.77","0.05","0.14","0","1.59","14.71","2.941","3.18","36.76","6.59","49.65","12.62","35.56","2.01","2.2","1.17","22.01","67.52","6.31","52.59","2.29","42.86","0.11","0.33","0.56","2.15","56.52","3.04","44.62","0.47","4.35","67.74"
"C. Lines","League Two 20-21.","Stevenage","LCMF","40","0","","20","1920","0","0.85","3","3.32","England","right","188","6.66","4.73","58.42","2.67","61.4","0.19","5.47","0.7","0","0.04","0","0.52","9.09","0","0.52","54.55","0.84","38.89","1.69","33.33","0.52","0.89","0.52","42.47","82.23","14.48","68.61","6.61","54.61","0.16","0.19","0.56","7.87","69.64","1.92","65.85","0.98","8.44","78.33"
"S. Brisley","League Two 20-21.","Port Vale","LCB, RCB","35","0","","24","1907","1","1.61","1","0.08","England","right","192","10.62","6.14","68.46","13.88","61.9","0.57","8.64","0.33","0.05","0.08","0","0.42","44.44","11.111","0.09","0","0.28","50","0.85","44.44","0.66","0.33","0","25.53","69.32","14.87","56.19","7.79","47.88","0","0.05","0.05","5.38","51.75","0.52","9.09","0.14","8.02","56.47"
"A. Hartridge","League Two 20-21.","Exeter City","LCB","26","275000","2026-06-30","29","1903","0","1.23","0","0.02","England","left","185","10.97","6.01","69.29","8.7","67.93","0.38","11.19","0.76","0","0.06","0","0.19","25","0","0.28","16.67","0.9","63.16","2.32","48.98","0.47","0.57","0.05","40.06","70.13","25.02","59.36","13.76","49.14","0","0.14","0","11.63","52.44","1.18","32","0.38","12.82","70.85"
"T. Abrahams","League Two 20-21.","Leyton Orient","CF","27","0","2026-06-30","37","1902","4","5.94","2","1.22","England","left","185","3.93","3.88","64.63","5.77","14.75","0.09","2.15","2.41","0.09","0.28","0","1.47","35.48","12.903","1.94","29.27","2.89","40.98","11.31","23.01","2.93","1.23","0.47","12.35","73.18","2.03","48.84","0.33","14.29","0.06","0.24","0.47","0.95","55","1.47","45.16","0.62","1.32","71.43"
"S. Matthews","League Two 20-21.","Crawley Town","RW, LW","28","0","","30","1893","0","1.58","2","3.01","England","left","175","6.32","6.75","54.23","3.66","28.57","0.05","3.64","3.66","0","0.08","0","1.62","20.59","0","2.23","25.53","4.66","48.98","7.7","40.74","1.95","1.57","1.24","36.28","71.43","11.89","56.8","3.47","43.84","0.14","1.38","0.38","5.47","65.22","3.04","43.75","0.95","6.47","72.06"
"A. Nathaniel-George","League Two 20-21.","Southend United","LW, RW, LAMF","30","0","2026-06-30","29","1887","2","3.17","1","1.22","England","right","177","6.58","5.82","62.3","3.05","21.88","0","3.96","6.15","0.05","0.15","0","1.53","31.25","6.25","1.48","45.16","8.59","56.67","18.84","43.8","1.91","2.62","1.43","22.08","80.13","6.25","65.65","1.34","42.86","0.06","0.33","0.24","1.76","67.57","2.05","69.77","0.86","3.96","60.24"
"E. Osborne","League Two 20-21.","Stevenage","RW, LCMF, RCMF","29","0","2026-06-30","26","1885","2","1.31","3","3.28","England","right","183","8.21","7.88","65.45","3.34","35.71","0.24","4.17","3.06","0.1","0.06","0","1.05","22.73","9.091","2.34","28.57","3.49","46.58","8.93","31.55","1.34","1.34","0.76","29.6","71.61","10.98","60.87","3.92","42.68","0.16","1.15","0.76","5.3","49.55","3.2","52.24","1.1","5.49","69.57"
"S. Long","League Two 20-21.","Cheltenham Town","LCB, RCB","30","275000","","22","1880","2","1.48","1","0.93","Republic of Ireland","right","178","7.18","3.59","70.67","9.72","65.52","0.34","6.58","0.67","0.1","0.07","0.1","0.53","45.45","18.182","0.91","31.58","0.34","42.86","1.39","31.03","0.77","0.62","0.14","32.94","70.2","16.61","59.37","7.76","48.15","0.04","0.1","0.14","7.23","56.29","1.91","30","0.48","10.05","59.52"
"B. Clarke","League Two 20-21.","Bradford City","RAMF, AMF, RW","38","0","","29","1878","2","3.45","4","3.68","Republic of Ireland","left","170","5.85","4.27","52.81","2.78","27.59","0.05","4.27","3.93","0.05","0.17","0","1.34","39.29","7.143","2.11","43.18","4.22","51.14","8.58","35.75","2.4","1.39","0.29","40.73","75.06","12.41","57.14","5.51","46.09","0.18","1.05","0.58","6.42","56.72","3.64","51.32","1.49","8.15","74.71"
"D. Mitov","League Two 20-21.","Cambridge United","GK","28","500000","2027-06-30","20","1865","0","0","0","0","Bulgaria","right","188","1.35","0.05","0","0.72","93.33","0","1.78","0.1","0","0","0","0","0","0","0","0","0.1","100","0.14","100","0","0","0","15.39","76.18","11.68","70.25","10.28","66.2","0","0","0","5.12","66.04","0.1","50","0.14","8.06","82.63"
"R. Delaney","League Two 20-21.","Bolton Wanderers","LCB","29","225000","","20","1862","1","0.68","0","0.05","Republic of Ireland","left","196","11.36","9.23","68.59","9.86","60.29","0.29","6.65","0.39","0.05","0.03","0","0.19","25","25","0.24","20","0.34","71.43","1.64","61.76","0.34","1.31","0.73","43.07","74.07","22.96","61.68","9.18","38.95","0","0.15","0","7.59","45.22","0.63","7.69","0.19","11.02","55.26"
"M. Melbourne","League Two 20-21.","Walsall","LB, LWB","27","100000","2026-06-30","20","1858","1","0.76","0","1.26","England","left","178","8.38","6.83","64.54","6.05","50.4","0.1","5.49","2.13","0.05","0.04","0","0.29","50","16.667","1.4","34.48","2.57","58.49","5.81","40","1.16","0.92","0.63","27.76","75.92","11.38","65.53","4.21","44.83","0.06","0","0.19","3.2","62.12","1.5","35.48","0.34","6.39","63.64"
"S. Smith","League Two 20-21.","Cheltenham Town","CF","27","600000","2028-06-30","26","1858","4","6.27","0","0.32","England","left","181","3.58","2.81","39.66","18.02","36.56","0.1","3.06","1.99","0.19","0.3","0.05","1.84","55.26","10.526","0.44","66.67","1.45","43.33","8.09","28.74","2.71","0.63","0.39","15.36","72.56","1.84","39.47","0.53","54.55","0.02","0.05","0.1","0.68","21.43","0.58","58.33","0.19","1.07","45.45"
"R. Hutton","League Two 20-21.","Stevenage","RB, LB, LWB","27","250000","","26","1854","0","0.16","1","0.9","England","right","174","7.48","6.26","64.34","1.99","36.59","0.1","4.18","3.93","0","0.01","0","0.24","20","0","4.85","36","3.88","50","6.12","42.86","0.44","1.89","0.87","30.49","65.92","12.72","56.49","6.7","41.3","0.04","0.63","0.15","6.7","42.03","5.15","39.62","0.49","8.25","75.29"
"J. Coulson","League Two 20-21.","Leyton Orient","RCB","36","0","","20","1851","0","0.78","1","0.32","England","right","191","9.09","4.04","74.7","8.12","57.49","0.68","8.81","0.24","0","0.04","0","0.39","62.5","0","0.05","0","0.05","0","0.63","46.15","0.88","1.02","0.15","43.23","82.68","18.91","68.64","9.19","56.08","0.02","0","0.05","6.27","55.04","0.39","37.5","0.34","9.34","67.71"
"T. Egbri","League Two 20-21.","Southend United","RW, RAMF","24","0","2026-06-30","25","1848","1","0.53","1","0.77","England","","0","7.01","6.53","58.96","2.87","16.95","0","4.05","3.41","0.05","0.03","0","0.83","23.53","5.882","2.29","42.55","3.8","55.13","8.67","39.33","0.83","2.24","1.31","21.04","74.77","5.06","61.54","1.31","44.44","0.04","0.39","0.19","2.48","62.75","2.14","52.27","0.19","3.9","75"
"G. Touré","League Two 20-21.","Carlisle United","LWF, LW, LAMF","31","0","","34","1846","2","6.85","3","1.32","France","right","190","7.95","7.26","60.4","6.14","53.97","0.15","5.3","7.36","0.1","0.33","0","2.68","36.36","3.636","2.83","32.76","9.26","55.79","17.75","41.48","3.51","3.66","1.95","21.31","75.06","5.46","70.54","0.63","46.15","0.06","0.44","0.44","1.9","82.05","2.34","43.75","0.83","3.17","84.62"
"B. Thomas","League Two 20-21.","Barrow","RCB, LCB, CB","24","2500000","2027-06-30","21","1839","1","1.71","0","0.32","England","right","186","10.23","5.24","68.22","8.37","59.65","0.69","8.65","0.93","0.05","0.08","0","0.59","25","8.333","0.69","42.86","0.54","72.73","2.15","38.64","0.98","0.15","0.05","26.62","62.87","15.56","51.26","7.88","42.24","0.02","0.1","0","6.41","41.22","1.32","51.85","0.49","8.52","55.75"
"R. Holden","League Two 20-21.","Walsall","RW, AMF","28","100000","2026-06-30","21","1833","4","3.3","4","5.6","Northern Ireland","left","181","5.4","4.27","58.62","3.39","33.33","0.15","3.65","5.3","0.2","0.16","0","1.52","48.39","12.903","3.68","32","5.01","53.92","11","45.98","1.57","1.72","1.23","36.73","77.94","10.51","69.16","3.19","58.46","0.28","1.13","0.64","5.2","65.09","4.03","52.44","0.83","6.09","83.06"
"D. John","League Two 20-21.","Bolton Wanderers","LB","30","300000","2027-05-31","21","1829","2","0.84","0","2.18","Wales","left","178","6.99","5.02","65.69","3.44","31.43","0.05","6.29","2.95","0.1","0.04","0","1.03","28.57","9.524","1.97","32.5","2.9","66.1","4.13","54.76","1.23","3.05","1.87","43.15","80.16","19.04","70.03","5.17","41.9","0.11","0.25","0.34","5.36","55.96","2.46","50","0.93","8.81","72.07"
"E. Whitehouse","League Two 20-21.","Forest Green Rovers","LCMF, RCMF, AMF","32","0","2026-01-31","27","1828","2","2.17","0","0.09","England","right","180","8.07","5.81","53.39","4.58","44.09","0.2","6.43","0.79","0.1","0.11","0.05","0.64","38.46","15.385","0.2","50","0.54","63.64","3.45","55.71","0.69","0.15","0.25","26.78","83.09","8.71","68.36","2.26","50","0","0.2","0.05","4.14","70.24","0.39","50","0.15","4.09","69.88"
"D. Fitzpatrick","League Two 20-21.","Port Vale","LB","35","0","","22","1826","0","0.22","0","0.5","England","left","179","9.41","6.36","69.77","4.04","54.88","0.15","7.25","0.94","0","0.01","0","0.25","0","0","1.82","37.84","0.59","16.67","1.48","23.33","0.25","0.64","0.1","38.3","75.8","19.12","68.04","6.7","56.62","0.02","0.39","0.2","8.58","68.39","3.06","56.45","0.74","11.68","75.95"
"F. Nouble","League Two 20-21.","Colchester United","CF","34","0","2026-06-30","20","1823","3","3.06","0","1.26","England","right","190","2.96","2.67","48.15","13.23","40.3","0","2.21","2.72","0.15","0.15","0.05","0.84","29.41","17.647","1.93","30.77","2.62","66.04","11.8","33.89","2.76","0.84","0.44","21.77","65.99","5.78","53.85","1.93","38.46","0.06","0.39","0.3","2.47","48","1.28","50","0.64","2.57","53.85"
"J. Richardson","League Two 20-21.","Forest Green Rovers","RWB, RW, RB","25","325000","2027-05-31","34","1823","0","1.08","0","1.67","England","right","184","6.12","5.73","59.48","2.17","31.82","0.2","4.2","3.51","0","0.05","0","0.84","35.29","0","1.93","30.77","4.79","53.61","8.1","43.9","2.07","2.42","2.02","24.54","77.06","6.37","62.79","1.73","31.43","0.08","0.1","0.39","1.88","52.63","1.48","63.33","0.44","4.2","57.65"
"K. Jameson","League Two 20-21.","Oldham Athletic","LCB, RCB","27","100000","","25","1822","2","0.7","1","0.76","England","right","183","12.3","7.8","70.89","6.62","56.72","0.3","7.61","1.38","0.1","0.03","0.1","0.25","80","40","0.35","14.29","1.48","70","4.45","51.11","0.3","1.04","0.49","39.07","76.49","19.96","63.86","7.46","43.05","0.04","0.4","0.1","7.41","52.67","1.23","28","0.3","10.08","63.73"
"B. Cooper","League Two 20-21.","Newport County","RCB","25","350000","2027-06-30","19","1818","1","2.93","0","0.12","Wales","right","185","9.75","7.03","66.2","8.51","67.44","0.4","7.58","0.94","0.05","0.15","0.05","0.99","20","5","0.2","50","0.89","72.22","2.52","56.86","1.04","1.44","0.35","38.47","79.02","20.25","68.22","7.82","44.94","0.01","0.15","0.1","7.48","58.28","0.59","16.67","0.2","10.74","70.97"
"H. Boateng","League Two 20-21.","Cambridge United","LCMF","29","225000","","25","1816","0","1.12","2","1.16","England","left","183","7.68","5.6","55.75","3.42","39.13","0.1","5.43","2.48","0","0.06","0","0.84","29.41","0","1.54","25.81","2.53","56.86","8.03","40.74","0.84","1.69","1.14","40.99","84.52","14.03","73.85","4.31","57.47","0.06","0.69","0.35","6.39","68.99","2.18","50","0.64","7.38","79.19"
"F. Cousin-Dawson","League Two 20-21.","Bradford City","RB","23","0","2026-06-30","23","1804","0","0.77","0","0.01","Northern Ireland","right","183","10.48","8.93","56.98","5.84","51.28","0.2","6.2","0.8","0","0.04","0","0.35","0","0","1","20","1","55","2.49","40","0.75","0.45","0.1","25.04","71.31","11.13","58.74","3.94","41.77","0","0.15","0","4.09","48.78","1.2","25","0.2","5.84","60.68"
"B. Sarpong-Wiredu","League Two 20-21.","Colchester United","LCMF, AMF, RCMF","26","375000","2028-06-30","20","1798","1","3.77","0","0.9","England","right","191","11.41","8.61","63.37","6.61","50.76","0.4","6.83","1.65","0.05","0.19","0","0.75","20","6.667","0.5","10","2.5","54","6.51","51.54","1.7","1.25","0.9","26.68","71.67","9.36","45.99","3.95","39.24","0.04","0.35","0.2","5.61","44.64","1.25","24","0.5","4.86","59.79"
"J. Matete","League Two 20-21.","Grimsby Town","RCMF","24","300000","2026-06-30","20","1797","3","1.19","1","0.34","England","right","173","10.22","8.91","58.99","5.01","37","0.15","6.73","3.26","0.15","0.06","0","0.95","36.84","15.789","0.5","70","4.21","55.95","12.67","39.53","0.55","1.1","1.1","33.66","81.1","10.02","63.5","2.85","45.61","0.02","0.5","0.15","5.06","62.38","1.1","59.09","0.4","4.56","64.84"
"G. Thomason","League Two 20-21.","Bolton Wanderers","LDMF, LCMF, RDMF","24","600000","2028-06-30","24","1788","1","2.75","0","0.81","England","left","177","9.21","6.95","65.22","2.82","32.14","0.3","6.96","1.26","0.05","0.14","0.05","0.96","21.05","5.263","0.4","25","1.36","55.56","4.73","46.81","0.65","0.86","0.45","42.13","80.53","12.38","64.63","6.19","45.53","0.04","0.4","0.1","7.85","66.03","1.66","39.39","0.76","6.04","64.17"
"K. Lee","League Two 20-21.","Bolton Wanderers","RDMF, AMF, LDMF","37","0","","20","1779","1","2.4","0","1.17","England","right","185","9.41","7.94","59.87","4.1","34.57","0.25","6.98","1.72","0.05","0.12","0.05","0.76","20","6.667","1.67","27.27","1.82","44.44","5.77","38.6","2.68","1.97","0.71","43.81","84.18","11.99","70.46","2.68","43.4","0.06","0.4","0.1","5.11","67.33","2.12","50","0.81","5.67","73.21"
"J. Karacan","League Two 20-21.","Scunthorpe United","RCMF, DMF","36","0","","24","1775","0","0.68","1","0.32","England","right","178","13.69","9.18","61.88","4.87","42.71","0.51","9.8","0.66","0","0.03","0","0.51","30","0","0.05","100","1.37","29.63","3.9","37.66","0.2","0.25","0.1","37.27","79.32","13.64","63.2","4.31","48.24","0.02","0.1","0.1","5.93","56.41","0.51","50","0.2","5.78","60.53"
"S. Burgess","League Two 20-21.","Port Vale","RCMF","29","0","","24","1768","0","1.39","0","0.89","England","right","179","7.02","5.7","66.07","4.89","33.33","0.2","4.27","1.48","0","0.07","0","0.92","11.11","0","1.22","54.17","1.88","35.14","4.73","27.96","1.02","0.51","0.36","29.98","78.44","9.77","61.46","4.33","43.53","0.05","0.36","0.15","5.35","55.24","1.99","56.41","0.46","4.33","84.71"
"S. Quinn","League Two 20-21.","Mansfield Town","LCMF","39","50000","","23","1765","2","1.87","2","3.24","Republic of Ireland","left","168","8.62","6.58","60.47","4.64","48.35","0.1","6.77","3.06","0.1","0.1","0","1.22","16.67","8.333","3.31","33.85","2.14","50","5.1","51","2.45","1.12","0.76","42.02","77.91","15.76","72.49","3.67","54.17","0.17","0.97","0.76","6.02","68.64","4.49","57.95","1.99","9.59","82.98"
"R. Gotts","League Two 20-21.","Salford City","AMF, LW, RAMF","26","250000","2027-06-30","23","1757","3","2.11","2","2.62","England","right","177","8.76","8.35","58.28","2.87","30.36","0.1","5.04","3.69","0.15","0.11","0","1.33","26.92","11.538","2.51","36.73","4.3","50","10.81","36.49","2.87","2.2","1.38","28.99","70.85","8.5","50.6","3.43","38.81","0.13","0.56","0.46","3.89","48.68","2.77","40.74","0.87","4","75.64"
"G. Evans","League Two 20-21.","Bradford City","LAMF, LW","37","0","","27","1754","2","3.21","2","1.53","England","right","179","6.52","6.77","53.79","1.95","28.95","0.1","3.87","2.82","0.1","0.16","0","1.33","38.46","7.692","2.82","30.91","2.92","47.37","6.16","37.5","1.9","0.97","0.72","32.07","75.36","7.7","58.67","2.98","43.1","0.08","0.15","0.31","3.9","47.37","2.26","31.82","0.31","4.21","68.29"
"S. Hornby","League Two 20-21.","Bradford City","GK","30","75000","2027-06-30","18","1750","0","0","0","0.08","England","left","185","1.85","0.15","33.33","0.62","100","0","2.6","0","0","0","0","0","0","0","0","0","0","0","0.1","100","0","0","0","19.08","73.32","14.86","66.78","12.24","60.92","0","0","0","5.86","55.26","0.36","0","0","9.05","78.41"
"D. Jones","League Two 20-21.","Harrogate Town","LB","31","125000","2026-06-30","21","1744","1","1.28","0","3.1","England","left","183","10.42","7.79","60.93","7.02","51.47","0.21","8.47","1.7","0.05","0.07","0.05","0.83","18.75","6.25","3.35","30.77","0.67","61.54","1.81","34.29","1.19","0.62","0.36","35.25","64.13","18.17","55.68","9.24","39.11","0.16","0.31","0.36","9.65","49.2","4.59","34.83","0.67","11.61","72.44"
"A. Lewis","League Two 20-21.","Newport County","RWB, LWB, LB","27","250000","2026-06-30","23","1735","1","1.11","1","1.41","Wales","right","183","9.65","7.68","66.22","3.63","35.71","0.16","6.78","4.05","0.05","0.06","0","1.19","21.74","4.348","3.73","33.33","3.89","62.67","6.85","49.24","1.19","1.87","0.88","31.38","71.9","11.36","55.25","3.89","41.33","0.07","0.16","0.26","5.24","54.46","3.37","47.69","0.62","7.37","71.83"
"Zak Mills","League Two 20-21.","Port Vale","RB","33","0","2026-06-30","21","1730","0","0.39","0","0.95","England","right","183","9.73","7.23","54.68","3.38","61.54","0.31","7.24","2.24","0","0.02","0","0.36","0","0","2.18","35.71","1.87","69.44","3.12","58.33","0.78","1.25","0.62","32.83","66.72","17.43","61.19","7.7","45.95","0.05","0.21","0.21","9.05","58.62","3.07","38.98","0.73","10.82","75.48"
"J. Doherty","League Two 20-21.","Colchester United","LB","29","0","","20","1730","0","0.32","0","0.67","Northern Ireland","left","179","10.25","7.13","52.55","6.66","59.38","0.21","8.04","2.34","0","0.02","0","0.36","14.29","0","1.77","47.06","2.08","62.5","3.38","58.46","0.1","1.35","0.88","29.81","64.92","16.13","52.58","7.96","40.52","0.04","0.21","0.42","8.17","56.05","2.55","42.86","0.31","9.88","69.47"
"B. Ntambwe","League Two 20-21.","Oldham Athletic","DMF, LCMF, RCMF","32","0","","24","1723","0","0.03","0","0.12","Belgium","right","183","10.39","7.63","63.7","4.34","54.22","0.42","6.26","0.52","0","0","0","0.1","0","0","0.16","0","0.78","60","3.4","43.08","0.1","0.21","0","29.09","84.2","11.07","71.7","3.03","48.28","0.01","0.16","0","5.01","69.79","0.26","0","0.05","5.17","66.67"
"J. Aitchison","League Two 20-21.","Stevenage","LW, AMF","25","300000","2026-06-30","26","1718","1","2.07","0","1.49","Scotland","right","180","6.55","5.97","64.91","2.51","20.83","0","3.92","3.35","0.05","0.11","0","1.73","27.27","3.03","0.79","26.67","5.5","42.86","12.21","37.34","2.36","1","0.84","21.95","78.52","6.71","62.5","1.94","48.65","0.08","0.68","0.31","3.67","60","1.41","62.96","0.79","2.83","77.78"
"E. Acquah","League Two 20-21.","Southend United","CF","25","325000","2028-05-31","31","1712","1","4.5","1","0.78","England","right","191","4.47","3.52","58.21","13.72","27.97","0.21","3.28","1.89","0.05","0.24","0","1.58","30","3.333","0.16","33.33","2.68","45.1","13.51","21.79","2.52","0.42","0.37","12.56","71.97","3.1","49.15","0.32","83.33","0.04","0.47","0.11","1.26","50","0.58","63.64","0.32","0.84","62.5"
"G. Lloyd","League Two 20-21.","Cheltenham Town","CF","25","0","","32","1707","3","5.17","0","0.31","England","right","175","5.96","6.06","54.78","8.91","31.95","0.11","3.45","1.95","0.16","0.27","0.05","1.69","43.75","9.375","1.21","17.39","2.16","41.46","8.54","30.25","2.9","0.9","0.37","13.92","59.09","4.32","35.37","0.63","25","0.02","0.79","0.11","1.79","32.35","1.74","30.3","0.47","1.58","60"
"R. Taylor","League Two 20-21.","Newport County","CF","37","0","","28","1700","2","3.03","0","0.77","England","left","188","2.91","1.75","75.76","16.46","32.8","0","2.5","0.79","0.11","0.16","0","0.64","33.33","16.667","0.26","0","0.79","53.33","11.06","26.32","2.22","0.16","0.05","17.26","75.15","2.81","64.15","0.37","71.43","0.04","0.21","0.16","1.22","73.91","0.48","55.56","0.48","1.43","59.26"
"B. Kiernan","League Two 20-21.","Harrogate Town","LW, RW, RWF","33","100000","","30","1694","4","5.23","0","1.07","England","right","175","5.47","6.27","44.07","2.18","14.63","0.05","3.58","5.05","0.16","0.28","0","2.18","21.95","9.756","3.77","18.31","7.44","51.43","14.66","38.04","3.67","2.76","1.86","22.69","68.62","5.74","55.56","0.96","55.56","0.06","0.37","0.37","1.75","36.36","2.34","40.91","0.96","2.92","69.09"
"R. Clampin","League Two 20-21.","Colchester United","LB","26","0","2026-06-30","21","1693","1","0.47","0","0.47","England","left","180","11.96","8.72","67.07","3.83","62.5","0.21","7.22","2.39","0.05","0.02","0","0.32","50","16.667","1.81","26.47","2.92","58.18","4.78","55.56","0.48","1.86","1.7","28.65","72.36","12.6","57.81","4.68","38.64","0.02","0.11","0.16","3.72","45.71","1.97","18.92","0.16","6.11","58.26"
"L. Ridehalgh","League Two 20-21.","Tranmere Rovers","LB","34","75000","","26","1693","0","0.38","1","0.52","England","left","178","9.52","6.54","62.6","5.42","68.63","0.21","7.35","1.38","0","0.02","0","0.16","33.33","0","3.19","36.67","0.58","27.27","1.22","34.78","0.53","0.96","0.58","42.32","70.23","21.8","60.98","9.25","43.1","0.03","0.05","0.21","9.52","58.1","3.08","36.21","0.11","12.92","72.02"
"R. McArdle","League Two 20-21.","Exeter City","RCB, CB","38","0","","21","1688","1","1.16","1","0.44","England","right","185","12.42","6.24","73.5","11.25","71.09","0.64","12.2","0.27","0.05","0.06","0.05","0.32","33.33","16.667","0.05","100","0.16","66.67","1.07","55","0.64","0.21","0","36.58","70.12","23.78","62.56","10.88","50.98","0.02","0.05","0.05","10.24","47.92","0.85","18.75","0.21","11.68","66.21"
"S. Hart","League Two 20-21.","Southend United","LB, LWB, LW","29","125000","2026-06-30","21","1676","0","0.14","2","2.17","England","left","183","11.92","8.05","55.33","6.12","56.14","0.43","10.17","2.26","0","0.01","0","0.16","0","0","3.33","30.65","2.04","60.53","4.67","43.68","0.75","1.24","0.86","28.57","61.47","14.71","56.93","6.61","55.28","0.12","0.16","0.21","6.23","48.28","3.06","35.09","0.21","8.22","62.09"
"J. Hanson","League Two 20-21.","Grimsby Town","CF","38","0","","23","1674","2","4.42","1","1.19","England","left","193","2.69","1.99","70.27","23.12","52.09","0.05","2.05","0.86","0.11","0.24","0","1.29","33.33","8.333","0.48","55.56","0.38","42.86","5.27","27.55","2.8","0.38","0.16","18.82","69.71","4.89","49.45","0.54","50","0.06","0.11","0.22","2.15","55","1.18","27.27","0.91","1.88","74.29"
"S. Twine","League Two 20-21.","Newport County","LCMF, AMF, RCMF","26","0","2028-06-30","19","1660","6","4.11","7","4.02","England","right","174","4.77","4.72","56.32","0.87","25","0.11","3.38","3.8","0.33","0.22","0","3.58","31.82","9.091","0.81","46.67","3.69","52.94","9","49.4","2.39","1.84","0.92","27.49","83.23","7.81","63.89","2.82","44.23","0.22","0.76","0.76","3.96","63.01","2.01","48.65","1.14","3.9","75"
"J. Maguire-Drew","League Two 20-21.","Crawley Town","RW, RWB, RWF","28","0","","30","1655","3","2.87","2","1.94","England","left","181","5.87","5.38","53.54","3.26","40","0","4.17","5.98","0.16","0.16","0","2.18","32.5","7.5","5","32.61","6.42","54.24","10.01","45.11","3.1","2.99","1.2","25.07","66.16","7.45","56.93","3.48","46.88","0.11","0.33","0.49","3.48","53.13","4.46","39.02","0.76","5.22","75"
"N. Eardley","League Two 20-21.","Barrow","RB, RWB, RCB","36","0","","19","1653","0","0.31","0","2.96","Wales","right","180","9.64","6.37","64.1","3.48","62.5","0.38","7.34","1.58","0","0.02","0","0.33","0","0","1.96","55.56","0.87","43.75","1.69","35.48","0.16","0.87","0.38","35.23","70.32","17.75","59.51","9.85","50.83","0.16","0.27","0.33","8.44","54.84","2.89","52.83","0.65","11.54","71.7"
"D. Rose","League Two 20-21.","Grimsby Town","LDMF, DMF, LCMF","37","0","","22","1652","0","0.34","1","1.35","England","left","173","12.26","9.21","56.21","3.87","50.7","0.27","10.31","0.33","0","0.02","0","0.33","0","0","0.98","16.67","0.38","28.57","1.96","33.33","0.27","0.11","0.05","49.3","81.1","16.34","64","5.88","48.15","0.07","0.16","0.27","7.79","69.23","1.69","35.48","0.38","7.68","68.09"
"J. Tilley","League Two 20-21.","Crawley Town","LW, RW","27","350000","","32","1640","5","2.49","0","1.03","England","left","173","7.24","7.57","52.17","4.66","25.88","0.11","4.7","3.62","0.27","0.14","0","1.48","40.74","18.519","2.3","11.9","6.09","45.05","12.18","37.39","1.87","1.87","1.1","20.25","71.82","4.34","53.16","1.15","23.81","0.06","0.05","0.11","1.87","55.88","2.25","26.83","0.33","2.47","57.78"
"D. Lloyd-McGoldrick","League Two 20-21.","Tranmere Rovers","LAMF, CF, AMF","34","0","2026-06-30","32","1637","3","3.32","2","1.58","England","left","173","6.87","5.94","49.07","2.97","20.37","0.11","6.49","4.34","0.05","0.18","0","1.48","44.44","11.111","3.02","21.82","5.28","55.21","10.61","38.86","2.31","1.59","1.54","28.53","67.05","8.19","52.35","2.14","35.9","0.09","0.44","0.38","2.53","54.35","2.97","25.93","0.38","4.07","58.11"
"K. Ntlhe","League Two 20-21.","Barrow","LCB, LW","31","0","","22","1625","0","0.71","0","0.08","South Africa","left","175","10.8","6.48","64.1","6.7","59.5","0.22","8.85","0.94","0","0.04","0","0.33","16.67","0","0.78","35.71","1.27","43.48","3.27","47.46","0.44","0.44","0.44","21.77","68.19","11.13","56.22","4.6","40.96","0","0.22","0.06","3.82","42.03","1.05","36.84","0.33","5.26","61.05"
"J. Smith","League Two 20-21.","Stevenage","RCMF, RW","24","0","2026-06-30","25","1612","0","0.47","1","0.98","England","right","185","10.05","7.37","64.39","2.01","36.11","0.06","6.01","1.45","0","0.03","0","0.56","20","0","1.45","30.77","1.4","40","4.3","36.36","0.89","0.33","0.28","32.88","75.89","12.79","60.7","3.68","46.97","0.05","1.23","0.33","5.81","53.85","2.51","40","0.78","6.25","73.21"
"B. Grant","League Two 20-21.","Oldham Athletic","CF","35","0","","23","1611","3","4.54","2","2.24","England","left","180","2.74","2.79","48","8.6","31.17","0.17","1.7","1.9","0.17","0.25","0","1.62","34.48","10.345","1.06","26.32","1.62","55.17","7.6","33.82","1.9","0.5","0.28","14.13","69.17","3.8","39.71","1.28","26.09","0.12","0.5","0.11","1.96","37.14","1.62","27.59","0.5","2.07","81.08"
"J. Taylor","League Two 20-21.","Port Vale","RCMF, LCMF","27","125000","","25","1589","1","1.27","1","0.49","England","right","178","5.66","5.1","62.22","2.61","36.96","0.06","3.15","2.83","0.06","0.07","0","1.25","22.73","4.545","1.13","30","3.4","56.67","8.67","50.98","1.36","0.91","0.68","28.49","81.11","8.95","69.62","2.72","56.25","0.03","0.4","0.11","3.91","68.12","1.93","52.94","0.91","4.98","77.27"
"D. Sweeney","League Two 20-21.","Forest Green Rovers","RCMF, LCMF","31","175000","","23","1577","0","0.24","1","0.4","England","right","191","9.93","5.76","56.44","8.56","68.67","0.23","10.56","1.37","0","0.01","0","0.63","0","0","0.57","30","1.83","62.5","5.88","43.69","0.57","1.48","0.97","40.92","79.64","16.38","62.37","5.31","46.24","0.02","0.34","0.11","9.25","65.43","1.2","38.1","0.51","8.9","71.15"
"T. Robinson","League Two 20-21.","Port Vale","CF","36","0","","29","1575","3","5.77","1","0.8","England","right","175","2.86","3.6","53.97","7.6","21.8","0","1.38","2","0.11","0.33","0","2.06","41.67","8.333","1.26","22.73","1.26","54.55","9.66","17.75","3.2","0.74","0.23","15.49","69.74","3.43","58.33","0.57","50","0.05","0.4","0.23","1.26","68.18","1.26","27.27","0.46","1.31","69.57"
"J. Wilson","League Two 20-21.","Salford City","CF, RWF","30","250000","","24","1572","7","5.47","1","2.36","England","left","183","4.47","3.03","56.6","6.18","30.56","0.29","4.02","3.84","0.4","0.31","0","2.23","56.41","17.949","1.26","31.82","3.49","59.02","10.59","40","3.44","1.43","0.97","18.26","74.29","2.98","59.62","0.63","63.64","0.14","0.4","0.46","1.09","63.16","1.15","30","0.46","1.66","62.07"
"B. Goodship","League Two 20-21.","Southend United","CF, AMF, LW","31","0","2026-06-30","29","1556","1","1.71","0","0.74","England","right","190","3.7","2.95","56.86","3.64","15.87","0.17","2.27","2.49","0.06","0.1","0","1.33","30.43","4.348","0.93","25","2.78","58.33","7.4","40.63","2.02","0.93","0.64","23.83","71.36","5.84","48.51","2.72","46.81","0.04","0.81","0.06","2.83","55.1","1.1","47.37","0.46","3.3","57.89"
"C. Winchester","League Two 20-21.","Forest Green Rovers","LCMF, RCMF","32","275000","2026-11-30","18","1547","2","3.17","0","0.97","Northern Ireland","right","178","8.49","5.35","73.91","1.98","50","0.35","6.57","1.4","0.12","0.18","0","1.75","20","6.667","0.41","42.86","1.45","52","3.08","47.17","0.87","2.15","1.16","45.84","87.82","12.51","73.95","3.49","51.67","0.06","0.29","0.23","6.75","77.59","1.11","52.63","0.47","6.28","80.56"
"H. Biggins","League Two 20-21.","Barrow","AMF, RW","29","200000","2026-06-30","22","1540","2","2.48","1","2.26","England","right","175","6.31","4.27","45.21","2.51","34.88","0.12","5.63","1.69","0.12","0.14","0","1.46","12","8","1.29","22.73","2.4","41.46","7.42","40.94","1.29","0.82","0.82","31.56","82.96","8.12","63.31","2.57","38.64","0.13","0.41","0.29","5.49","70.21","1.69","34.48","0.58","4.15","76.06"
"J. Rowe","League Two 20-21.","Scunthorpe United","RB","24","0","","25","1540","1","0.46","0","0.21","England","right","181","9.58","6.66","69.3","5.08","49.43","0.18","5.83","2.34","0.06","0.03","0.06","0.23","50","25","1.69","31.03","2.51","62.79","3.62","53.23","0.29","0.7","0.41","28.4","59.67","15.25","46.74","7.19","34.15","0.01","0.35","0.12","7.07","47.11","1.64","28.57","0.06","8.18","59.29"
"J. Caprice","League Two 20-21.","Exeter City","RB, RWB","33","150000","","34","1537","0","0.07","0","1.64","England","right","179","8.31","7.5","67.97","2.75","48.94","0.41","5.12","4.45","0","0","0","0.18","33.33","0","4.74","30.86","5.09","56.32","8.14","44.6","0.41","2.46","1","33.49","73.43","11.48","63.78","5.56","52.63","0.1","0.18","0.35","6.15","65.71","3.28","46.43","0.18","8.9","75.66"
"G. Taft","League Two 20-21.","Scunthorpe United","LCB","32","0","","17","1529","0","1.59","0","0.05","England","right","196","8.53","5.42","63.04","6.59","70.54","0.65","6.55","0.47","0","0.09","0","0.47","37.5","0","0.12","100","0.29","60","1.12","31.58","0.71","0.65","0.06","26.37","72.54","13.6","59.74","6.53","52.25","0","0.06","0","4.41","44","0.41","28.57","0.06","6.89","53.85"
"M. Green","League Two 20-21.","Grimsby Town","CF","38","0","","28","1515","3","2.49","0","0.42","England","right","183","2.73","3.21","48.15","13.96","36.17","0","1.12","1.43","0.18","0.15","0","1.31","50","13.636","0.89","33.33","0.89","46.67","8.08","22.79","1.66","0.59","0.42","16.57","66.67","4.46","53.33","0.42","42.86","0.02","0.24","0.24","1.96","39.39","0.53","44.44","0.24","1.49","56"
"J. Olayinka","League Two 20-21.","Southend United","LW, AMF, RW","25","150000","2027-11-30","20","1504","2","1.01","0","0.43","England","right","175","6.28","6.28","56.19","3.71","25.81","0.12","3.44","3.05","0.12","0.06","0","1.14","31.58","10.526","0.48","12.5","4.97","45.78","9.93","37.35","1.2","2.15","1.02","26.03","79.77","7.3","61.48","1.86","61.29","0.03","1.02","0.06","3.89","64.62","1.86","48.39","0.9","3.41","77.19"
"O. Afolayan","League Two 20-21.","Bolton Wanderers","LAMF, AMF","28","3000000","2026-06-30","21","1498","1","3.06","2","1.45","England","right","180","10.45","8.47","60.28","4.15","40.58","0.18","9.46","8.47","0.06","0.18","0","2.64","27.27","2.273","2.16","25","12.44","54.11","22.23","44.32","2.94","4.03","1.62","31.9","77.21","6.91","53.04","2.88","52.08","0.09","1.08","0.6","3.3","65.45","2.58","48.84","1.5","5.11","64.71"
"Z. Jules","League Two 20-21.","Walsall","LB, LCB","28","300000","2026-06-30","17","1496","1","1","1","0.3","England","left","190","11.19","6.38","63.21","5.66","69.15","0.42","10","1.99","0.06","0.06","0","0.54","22.22","11.111","1.02","29.41","2.17","72.22","5.41","46.67","1.02","1.32","0.36","33.21","75.72","16.06","67.04","4.39","42.47","0.02","0.3","0.12","6.08","63.37","1.14","15.79","0.06","8","57.89"
"R. Towell","League Two 20-21.","Salford City","AMF, RCMF, RW","34","125000","","24","1490","3","2.45","2","1.44","Republic of Ireland","right","179","6.22","5.5","62.64","3.87","37.5","0.12","4.03","2.66","0.12","0.15","0","1.75","27.59","10.345","2.11","31.43","1.99","48.48","6.22","38.83","2.11","1.21","0.79","37.45","76.13","10.33","57.89","4.11","39.71","0.09","0.85","0.6","5.01","54.22","2.78","39.13","0.97","4.65","75.32"
"C. Brown","League Two 20-21.","Barrow","LWB, RWB, RB","33","0","","19","1475","1","0.82","1","0.85","England","right","175","10.56","8.42","62.32","2.99","55.1","0.18","7.36","2.01","0.06","0.05","0","0.49","12.5","12.5","1.53","20","2.81","56.52","6.47","53.77","1.1","2.5","1.4","28.68","75.53","11.04","61.33","3.91","42.19","0.05","0.18","0.24","4.52","56.76","1.53","56","0.79","7.14","72.65"
"Sido Jombati","League Two 20-21.","Oldham Athletic","RCB, RB, CB","38","0","","19","1475","0","0.04","1","0.29","Portugal","right","193","11.35","8.48","73.38","7.75","67.72","0.61","6.35","0.55","0","0","0","0.06","0","0","0.49","37.5","0.43","71.43","2.44","37.5","0.43","0.73","0.49","37.46","79.15","18.79","66.56","7.2","41.53","0.02","0.12","0.18","4.76","55.13","0.79","30.77","0.24","6.89","62.83"
"J. Murphy","League Two 20-21.","Tranmere Rovers","GK","44","25000","2026-06-30","15","1458","0","0","0","0","Republic of Ireland","left","188","1.73","0.12","50","0.31","100","0","2.68","0.06","0","0","0","0","0","0","0","0","0.06","100","0.06","100","0","0","0","22.65","89.37","14.38","84.55","11.3","79.23","0","0","0","4.38","77.46","0.12","0","0","9.51","88.31"
"L. John-Lewis","League Two 20-21.","Grimsby Town","CF, RWF","36","0","2026-06-30","20","1455","4","6.37","1","1.04","England","left","180","4.64","3.53","66.67","13.73","32.88","0.12","3.06","1.86","0.19","0.39","0.12","2.35","42.11","10.526","0.74","16.67","1.86","33.33","11.69","21.69","3.46","0.31","0.06","18.68","64.24","5.07","47.56","0.68","54.55","0.06","0.62","0.37","1.98","46.88","0.99","25","0.56","1.67","62.96"
"M. Hippolyte","League Two 20-21.","Scunthorpe United","LW, LB, LCMF","30","175000","2026-06-30","26","1453","1","2.14","0","0.68","England","left","183","10.59","6.19","51","3.41","40","0.31","10.06","3.04","0.06","0.13","0","0.87","50","7.143","1.49","20.83","3.59","60.34","7.8","42.86","1.3","1.18","0.81","28.31","68.93","9.42","50","3.16","29.41","0.04","0.31","0.19","3.96","51.56","1.86","30","0.37","6.13","54.55"
"J. Turley","League Two 20-21.","Leyton Orient","RCB, LCB","35","0","","18","1452","1","0.98","1","0","England","right","185","10.72","5.89","74.74","8.93","63.89","0.62","8.65","0.12","0.06","0.06","0.06","0.31","40","20","0.19","0","0.12","0","0.93","46.67","0.99","0.19","0.06","42.77","75.07","21.82","59.66","11.65","46.28","0","0","0","8.68","40.71","0.74","8.33","0.12","9.55","59.74"
"L. Kitching","League Two 20-21.","Forest Green Rovers","LCB","26","3800000","2027-06-30","15","1449","0","0.18","1","1.56","England","left","191","9.63","6.58","69.81","4.35","58.57","0.56","7.21","0.87","0","0.01","0","0.19","0","0","1.06","35.29","0.87","42.86","2.73","40.91","0.75","2.17","0.93","49.5","78.54","22.67","68.49","11.06","50.56","0.1","0.19","0.5","10.99","64.97","2.17","45.71","0.87","13.73","73.76"
"J. Rose","League Two 20-21.","Walsall","GK","30","125000","","15","1441","0","0","0","0","England","right","190","1.31","0.06","0","0.25","100","0","1.94","0","0","0","0","0","0","0","0","0","0","0","0.12","100","0","0","0","16.43","76.43","12.43","69.85","10.62","65.88","0","0","0","5.12","56.1","0.56","0","0","7.87","84.13"
"L. Novak","League Two 20-21.","Bradford City","CF","37","0","","17","1434","6","6.87","0","0.5","England","right","183","2.01","1.57","44","6.65","38.68","0.13","1.82","1.51","0.38","0.43","0.13","2.01","46.88","18.75","1.13","27.78","0.82","30.77","4.83","27.27","4.02","0.31","0.19","21.15","75.37","4.64","58.11","1.76","46.43","0.03","0.31","0.25","2.51","55","1.26","50","0.5","2.51","85"
"E. Francis","League Two 20-21.","Harrogate Town","LB, LCMF, DMF","26","0","2026-06-30","20","1431","1","1.01","0","0.88","England","left","182","13.14","8.74","60.43","4.53","55.56","0.25","10.17","1.01","0.06","0.06","0","0.57","33.33","11.111","0.75","50","0.44","71.43","1.26","50","0.57","0.31","0.31","35.28","68.63","18.49","57.82","8.05","47.66","0.06","0.38","0.25","9.43","60","1.64","46.15","0.5","11.01","70.29"
"N. Canavan","League Two 20-21.","Bradford City","LCB","34","100000","2026-06-30","16","1431","0","0.62","1","0.16","England","left","193","10.63","4.34","72.46","6.67","66.98","1.13","9.97","0.25","0","0.04","0","0.19","33.33","0","0.06","100","0.13","100","0.5","62.5","0.5","0.25","0","35.35","79","17.8","67.14","7.23","49.57","0.01","0.06","0.06","4.72","50.67","0.57","22.22","0","7.3","62.07"
"H. Darling","League Two 20-21.","Cambridge United","RCB, LCB","26","2000000","2028-06-30","16","1424","0","1.64","1","0.1","England","right","180","11.63","6.64","69.52","5.94","60.64","0.95","8.84","0.51","0","0.1","0","0.51","37.5","0","0.13","0","0.44","71.43","1.52","58.33","0.63","0.76","0.25","31.73","72.71","15.48","55.92","8.22","50.77","0.01","0","0.06","6.07","48.96","0.57","0","0.13","8.91","54.61"
"C. Carter","League Two 20-21.","Stevenage","RW, CF, RCMF","29","0","2026-06-30","18","1421","3","2.02","0","0.85","England","right","185","9.18","7.16","61.06","8.17","41.86","0.13","5.63","2.28","0.19","0.13","0.06","1.46","26.09","13.043","1.2","5.26","3.48","41.82","7.6","33.33","2.09","1.01","0.57","26.35","70.43","9.94","53.5","2.66","33.33","0.05","0.7","0.44","4.37","47.83","1.84","41.38","0.76","4.69","71.62"
"O. Zanzala","League Two 20-21.","Carlisle United","CF","29","100000","","22","1411","6","8.77","0","0.1","Congo","right","185","3.76","3.7","55.17","11.74","20.65","0.19","2.48","2.87","0.32","0.56","0.06","1.85","55.17","20.69","0.38","16.67","3.38","50.94","14.1","29.41","3.19","1.02","0.83","10.27","68.94","1.85","37.93","0.45","14.29","0.01","0.32","0","0.64","60","0.32","0","0.38","0.7","27.27"
"James Jones","League Two 20-21.","Barrow","RCB","28","0","2026-06-30","18","1404","1","0.95","0","0.01","Wales","","183","9.62","6.79","68.87","7.05","60","0.32","6.62","0.77","0.06","0.06","0","0.51","12.5","12.5","0.51","25","0.83","69.23","1.73","51.85","0.83","0.64","0.06","33.65","72.76","19.1","63.09","9.68","55.63","0","0","0","7.5","56.41","1.35","33.33","0.32","10.38","61.73"
"J. McAtee","League Two 20-21.","Scunthorpe United","AMF, CF","26","300000","2027-06-30","30","1404","1","2.5","2","0.68","England","right","180","7.05","5.51","61.63","2.56","20","0.13","4.24","2.95","0.06","0.16","0","1.35","57.14","4.762","1.86","20.69","2.82","59.09","6.79","42.45","1.79","1.6","0.64","30.38","69.62","9.04","43.97","2.56","42.5","0.04","0.77","0.32","3.53","38.18","1.47","39.13","0.51","3.53","52.73"
"S. George","League Two 20-21.","Colchester United","GK","28","300000","2026-06-30","15","1399","0","0","0","0","England","right","191","1.54","0.06","100","0.45","100","0","2","0","0","0","0","0","0","0","0","0","0","0","0.06","100","0","0","0","17.56","84.98","11.07","76.74","7.72","70","0","0","0","2.64","60.98","0.13","0","0","5.98","80.65"
"K. Guthrie","League Two 20-21.","Port Vale","CF","32","150000","2026-05-31","25","1367","1","2.65","0","0.4","England","right","191","5.33","4.67","56.34","18.04","35.77","0.2","4.1","2.5","0.07","0.17","0","1.78","44.44","3.704","0.66","30","3.16","43.75","11.39","33.53","3.42","0.79","0.33","16.13","72.65","5.14","52.56","0.2","33.33","0.03","0.13","0.2","1.78","48.15","1.05","56.25","0.59","1.84","64.29"
"J. Lawlor","League Two 20-21.","Harrogate Town","RCB","34","0","","17","1360","0","0.66","2","0.2","England","right","193","9.79","5.43","70.73","6.35","58.33","0.66","7.72","0.2","0","0.04","0","0.4","33.33","0","0","0","0.13","50","0.66","20","0.79","0","0","28.52","77.49","14.82","69.2","5.16","55.13","0.01","0.07","0.07","4.5","45.59","0.26","25","0.2","6.88","62.5"
"J. Turner","League Two 20-21.","Morecambe","GK","26","175000","","14","1360","0","0","0","0","England","right","194","0.93","0.13","100","0.4","100","0","0.99","0.13","0","0","0","0","0","0","0","0","0.13","100","0.2","100","0","0","0","13.96","70.14","12.24","66.49","11.05","62.87","0","0","0","5.63","57.65","0.07","0","0","7.81","87.29"
"C. Vernam","League Two 20-21.","Bradford City","RW, RAMF, LAMF","29","150000","2026-06-30","21","1357","2","3.36","1","1.08","England","right","170","4.31","4.11","50","3.71","42.86","0.07","3","4.31","0.13","0.22","0","2.12","37.5","6.25","2.52","18.42","5.5","53.01","10.15","39.22","2.06","2.06","2.06","27.13","72.37","7.63","53.04","1.92","24.14","0.07","0.13","0.4","3.18","58.33","2.39","47.22","0.93","4.18","58.73"
"M. Beck","League Two 20-21.","Harrogate Town","CF","31","0","2026-05-31","26","1356","4","5.59","1","1.01","England","left","196","3.12","2.26","55.88","26.22","50.38","0.07","2.69","0.8","0.27","0.37","0.07","1.53","34.78","17.391","0.07","0","0.4","66.67","5.77","26.44","3.65","0","0","20.31","63.73","6.24","41.49","0.27","50","0.07","0.13","0.13","2.65","40","0.8","25","0.8","1.99","63.33"
"R. Cundy","League Two 20-21.","Cambridge United","RCB","28","200000","2026-06-30","17","1355","0","0.58","0","0.32","England","right","189","9.76","4.85","67.12","7.64","70.43","1.13","7.84","0.46","0","0.04","0","0.33","40","0","0.13","50","0.27","100","1.73","50","0.73","0.2","0.07","28.43","76.17","14.35","65.28","6.31","55.79","0.02","0","0.07","4.98","53.33","0.27","100","0.27","7.9","60.5"
"J. Young","League Two 20-21.","Forest Green Rovers","CF, AMF, LAMF","24","300000","","30","1341","6","3.83","1","2.82","England","right","186","4.16","3.36","58","3.83","17.54","0.2","3.47","4.63","0.4","0.26","0","2.35","37.14","17.143","2.55","21.05","7.79","41.38","13.89","29.47","3.83","2.21","1.21","12.62","62.23","2.62","46.15","0.87","30.77","0.19","0.34","0.47","1.34","40","1.95","20.69","0.6","1.34","75"
"G. Coke","League Two 20-21.","Grimsby Town","DMF, LCMF, RCMF","39","0","","17","1340","0","0.93","0","0.08","England","left","182","12.43","7.79","64.66","4.9","72.6","0.2","10.03","0.74","0","0.06","0","0.6","11.11","0","0.07","0","1.41","42.86","4.23","46.03","0.67","0.2","0.07","39.69","79.86","14.78","63.18","4.63","44.93","0.01","0.2","0.07","6.31","60.64","0.34","20","0.2","6.11","60.44"
"A. Crookes","League Two 20-21.","Port Vale","LB, LCB","28","0","2026-06-30","16","1338","1","2.3","0","0.26","England","left","183","10.22","6.66","64.65","7.26","57.41","0.13","8.16","1.41","0.07","0.15","0","0.27","100","25","0.94","42.86","0.94","64.29","1.88","53.57","0.27","0.94","0.2","32.15","71.34","17.76","60.98","8.68","48.84","0.02","0.2","0.2","8.41","53.6","1.88","32.14","0.27","9.75","73.1"
"C. Clements","League Two 20-21.","Cheltenham Town","DMF, LCMF, RCMF","35","0","2026-06-30","17","1338","1","0.31","0","1.81","England","right","175","7","6.73","50","2.22","45.45","0","4.6","1.68","0.07","0.02","0.07","0.54","25","12.5","0.4","50","1.68","80","4.51","67.16","0.67","0.87","0.07","45.87","82.4","16.08","67.78","6.66","55.56","0.12","0.34","0.2","9.42","63.57","1.95","41.38","0.74","9.55","76.76"
"S. Perry","League Two 20-21.","Walsall","DMF, RCMF","23","0","","16","1330","1","0.23","0","0.16","England","","184","13.74","7.58","66.96","7.04","54.81","0.47","11.88","0.68","0.07","0.02","0","0.34","20","20","0.54","12.5","1.02","46.67","3.25","37.5","0.47","0.34","0.07","41.14","71.55","21.25","61.46","7.17","46.23","0.01","0.47","0.07","10.96","59.26","1.42","23.81","0.41","10.62","72.61"
"E. Oyeleke","League Two 20-21.","Port Vale","RCMF, DMF","32","0","","20","1327","2","1.14","1","0.58","England","right","175","9.43","5.9","65.52","5.29","47.44","0.34","8.4","2.1","0.14","0.08","0","0.47","28.57","28.571","0.47","14.29","2.71","57.5","10.78","36.48","1.76","0.75","0.47","34.32","79.45","12.34","67.58","2.1","61.29","0.04","0.61","0.27","4.75","67.14","1.36","45","0.95","4.54","74.63"
"P. Coutts","League Two 20-21.","Salford City","LCMF, LDMF, RCMF","37","0","","19","1321","0","0.27","0","0.68","Scotland","right","184","9.61","7.49","64.55","2.11","54.84","0.27","6.87","1.36","0","0.02","0","0.27","0","0","0.61","66.67","1.5","59.09","5.86","45.35","0.34","0.82","0.14","52.19","87.21","15.6","69.87","5.52","53.09","0.05","0.48","0","9.54","77.14","1.09","62.5","0.2","8.79","82.17"
"M. Hilßner","League Two 20-21.","Oldham Athletic","AMF, LDMF, DMF","30","0","","20","1298","1","3.15","1","2.65","Germany","left","183","5.62","6.17","56.18","2.63","31.58","0","2.64","3.67","0","0.22","0","2.22","31.25","3.125","1.59","43.48","3.95","49.12","8.81","39.37","0.9","1.32","0.9","36.89","78.76","10.19","57.82","4.23","57.38","0.18","0.69","0.21","5.89","51.76","2.08","53.33","0.62","5.96","66.28"
"L. Thomas","League Two 20-21.","Forest Green Rovers","GK","28","150000","2026-06-30","13","1280","0","0","0","0","Wales","right","185","2.88","0","0","0.21","100","0","4.05","0","0","0","0","0","0","0","0","0","0.07","0","0.14","50","0","0","0","25.38","83.38","14.13","73.13","10.48","64.43","0","0","0","2.95","50","0.07","0","0","8.37","76.47"
"M. Jones","League Two 20-21.","Barrow","RCMF, LCMF, DMF","38","0","","13","1274","2","0.35","0","1.11","England","right","183","10.6","8.19","62.93","3.32","42.55","0.28","7.5","1.2","0.14","0.02","0","0.71","50","20","0.35","40","0.85","75","3.25","45.65","0.07","0.85","0.57","48.39","86.57","12.65","64.25","4.03","38.6","0.08","0.14","0.14","6.43","67.03","1.27","22.22","0.14","6.36","63.33"
"J. Brown","League Two 20-21.","Scunthorpe United","LB","36","0","","14","1269","0","0.14","1","0.28","England","left","175","9.01","5.11","51.39","2.84","62.5","0.28","7.17","1.42","0","0.01","0","0.21","33.33","0","0.99","35.71","1.28","72.22","2.7","52.63","0.14","0.28","0.21","29.43","73.25","15.89","65.63","4.96","48.57","0.02","0.07","0.07","5.11","62.5","1.49","47.62","0.35","8.79","65.32"
"A. Hurst","League Two 20-21.","Port Vale","LW, LWF","26","0","","20","1259","1","1.68","0","0.93","England","","0","5.29","4.93","50.72","2.36","3.03","0.07","3.93","5.72","0.07","0.12","0","0.71","50","10","4.22","33.9","7.51","52.38","12.94","41.44","1.72","2.57","1.07","21.66","71.29","4","58.93","2","46.43","0.07","0.14","0.5","1.07","60","3.93","41.82","0.57","4","69.64"
"P. Farquharson","League Two 20-21.","Newport County","RCB, RB","28","100000","2026-06-30","16","1254","0","0.44","0","0.15","England","right","191","11.63","8.18","71.93","8.83","51.22","0.5","8.14","1.44","0","0.03","0","0.22","0","0","0.5","57.14","1.51","71.43","4.74","46.97","0.79","1.44","1.08","33.88","76.06","15.57","58.53","6.67","44.09","0.01","0.07","0","6.1","49.41","0.93","38.46","0.14","6.96","61.86"
"P. Kioso","League Two 20-21.","Bolton Wanderers","RWB","26","400000","2026-05-31","13","1253","3","1.53","2","1.81","Congo DR","right","183","9.7","6.32","68.18","9.48","53.79","0.14","6.81","3.09","0.22","0.11","0.07","0.86","25","25","3.66","33.33","2.8","53.85","7.04","47.96","2.08","1.08","1.22","35.12","71.17","10.92","56.58","3.45","45.83","0.13","0.29","0.86","3.66","43.14","2.94","46.34","0.65","8.55","65.55"
"D. Angus","League Two 20-21.","Barrow","CF","31","0","","22","1251","4","5.62","0","0.54","England","right","183","2.88","2.23","70.97","7.77","20.37","0.14","1.62","2.95","0.07","0.4","0","1.65","69.57","17.391","0.36","20","2.95","53.66","10.36","25.69","2.73","0.5","0.5","13.24","75","2.52","45.71","0.14","0","0.04","0.22","0.22","1.15","50","0.86","41.67","0.36","0.72","70"
"T. Wright","League Two 20-21.","Walsall","RW, RAMF","24","250000","2026-06-30","16","1242","0","1.25","2","1.57","Republic of Ireland","right","179","5.14","4.2","62.07","2.46","20.59","0","3.76","3.26","0","0.09","0","1.3","27.78","0","2.1","24.14","4.28","50.85","8.12","35.71","1.09","2.17","1.67","26.23","66.85","7.97","51.82","2.9","45","0.11","0.72","0.36","3.77","53.85","2.75","31.58","0.43","5.29","72.6"
"D. Amoo","League Two 20-21.","Port Vale","RW, RWF","34","0","","26","1237","1","2.74","2","1.7","England","right","178","6.77","6.11","64.29","8.88","48.36","0.07","4.01","6.04","0.07","0.2","0","1.75","29.17","4.167","4.51","33.87","6.69","58.7","14.26","37.24","3.93","2.26","1.16","25.54","69.23","6.33","51.72","1.09","20","0.12","0.15","0.36","2.55","48.57","3.2","45.45","0.58","3.49","64.58"
"N. Tsaroulla","League Two 20-21.","Crawley Town","LB, LWB, LW","26","250000","2026-06-30","17","1234","0","0.48","0","1.33","England","left","173","7.59","6.56","53.33","1.75","33.33","0.36","5.56","3.65","0","0.04","0","0.58","12.5","0","3.65","24","4.67","56.25","9.55","48.85","1.46","1.6","1.31","28.15","63.47","11.74","51.55","4.45","49.18","0.1","0.66","0.29","3.94","55.56","3.65","32","0.8","6.64","65.93"
"A. Oteh","League Two 20-21.","Colchester United","CF","27","100000","2026-06-30","26","1234","5","4.39","1","0.31","England","right","176","3.65","4.45","52.46","6.93","14.74","0.07","1.29","2.99","0.22","0.32","0","1.46","60","25","0.66","44.44","3.06","54.76","10.21","29.29","1.9","1.31","0.73","12.11","84.34","1.97","62.96","0.44","50","0.02","0.15","0.15","0.95","61.54","0.88","75","0.51","0.88","75"
"M. Folivi","League Two 20-21.","Colchester United","CF, AMF","27","0","","27","1227","4","4.39","1","0.49","England","right","180","3.81","3.96","50","4.25","27.59","0","2.47","3.74","0.22","0.32","0","1.61","54.55","18.182","1.1","26.67","4.11","51.79","12.4","32.54","3.01","1.32","0.66","13.35","67.58","3.81","63.46","0.44","66.67","0.04","0.59","0.59","1.54","57.14","0.88","75","0.73","2.35","65.63"
"A. Tutte","League Two 20-21.","Bolton Wanderers","DMF, LCMF, RCMF","35","0","","19","1225","0","0.2","0","0.12","England","right","175","9.92","7.86","59.81","2.13","34.48","0","6.48","0.66","0","0.01","0","0.88","8.33","0","0.29","50","0.66","55.56","2.06","46.43","0","0.81","0.96","45.92","83.04","14.69","65","5.58","55.26","0.01","0.15","0.07","7.64","63.46","0.96","53.85","0.44","8.52","67.24"
"K. van Veen","League Two 20-21.","Scunthorpe United","CF, AMF","34","400000","2027-06-30","19","1216","1","1.2","3","2.09","Netherlands","right","189","5.11","4.14","50","5.33","25","0.15","3.24","3.18","0.07","0.09","0","1.92","42.31","3.846","1.92","23.08","3.26","56.82","11.1","32.67","1.26","1.18","0.67","17.54","68.78","4.44","56.67","1.85","68","0.15","0.3","0.44","2.29","64.52","1.78","29.17","0.07","2.44","69.7"
"H. McGahey","League Two 20-21.","Scunthorpe United","RCB, LCB","30","75000","2026-06-30","16","1210","1","0.95","1","0.51","England","right","187","8.33","3.87","65.38","3.12","52.38","0.74","7.96","0.52","0.07","0.07","0","0.22","66.67","33.333","0.45","50","0.22","33.33","1.41","21.05","0.67","0.67","0.45","41.21","76.17","19.64","59.09","10.12","41.91","0.04","0.07","0.15","9.67","48.46","1.71","39.13","0.45","9.07","68.85"
"T. King","League Two 20-21.","Newport County","GK","30","200000","2027-06-30","12","1200","1","0.1","0","0.06","England","right","194","2.4","0.23","66.67","0.53","85.71","0","3.63","0.15","0.08","0.01","0","0.08","100","100","0","0","0.08","100","0.08","100","0.08","0","0.08","18","78.33","12.6","70.83","9.9","62.12","0","0","0.08","5.63","61.33","0.38","20","0.08","7.2","84.38"
"H. Kyprianou","League Two 20-21.","Leyton Orient","DMF, RDMF, RCMF","24","700000","2030-06-30","22","1195","0","0.64","2","0.45","England","right","189","10.92","8.51","69.03","7.83","58.65","0.68","6.74","0.83","0","0.05","0","0.3","25","0","0.3","25","1.05","64.29","5.12","42.65","0.98","1.43","1.13","38.11","81.82","12.13","62.73","2.49","48.48","0.03","0.38","0.15","5.27","74.29","0.68","22.22","0.38","5.27","62.86"
"J. Scrimshaw","League Two 20-21.","Newport County","CF, LW, RW","25","0","","30","1193","4","5.33","0","0.22","England","","0","5.51","5.13","61.76","8.37","10.81","0.08","3.04","1.43","0.3","0.4","0.08","1.74","39.13","17.391","0.91","16.67","2.49","24.24","7.47","19.19","2.56","0.75","0.45","13.58","66.67","3.17","42.86","0.83","36.36","0.02","0.23","0.08","0.91","33.33","0.75","50","0.38","1.13","53.33"
"J. Okedina","League Two 20-21.","Cambridge United","RCB","25","200000","2026-11-30","14","1188","0","0","0","0.01","England","right","183","8.41","5.53","76.71","4.62","67.21","0.45","5.67","0.08","0","0","0","0","0","0","0.15","0","0.15","50","1.21","43.75","0","0.76","0.3","29.92","71.14","14.85","54.08","7.35","47.42","0","0","0","4.7","53.23","0.76","20","0.23","8.79","50.86"
"L. Collins","League Two 20-21.","Newport County","CF","24","0","","19","1181","2","1.94","1","1.83","Wales","right","178","3.96","5.03","46.97","6.17","16.05","0.08","2.89","2.82","0.15","0.15","0","1.07","64.29","14.286","1.83","20.83","3.43","46.67","7.54","33.33","1.98","1.6","0.69","14.63","67.19","3.66","54.17","0.99","15.38","0.14","0.15","0.38","1.37","33.33","2.21","44.83","0.84","1.83","75"
"J. Law","League Two 20-21.","Mansfield Town","AMF, RWF, CF","26","0","","17","1181","1","1.85","1","1.42","England","left","180","8.23","8.46","60.36","4.42","20.69","0.08","4.45","3.58","0.08","0.14","0","1.75","21.74","4.348","1.52","35","3.43","64.44","9.68","40.16","2.44","0.99","0.38","27.82","76.99","9.98","63.36","1.75","39.13","0.11","0.84","0.15","3.51","52.17","1.6","66.67","0.76","3.35","68.18"
"N. Atangana","League Two 20-21.","Exeter City","RCMF, LCMF, RDMF","36","0","","28","1180","0","1.11","1","0.6","France","right","187","10.07","7.17","60.64","7.32","44.79","0.31","8.73","0.92","0","0.08","0","0.38","40","0","0.15","50","0.92","66.67","3.13","46.34","0.99","0.31","0.61","39.13","78.17","12.97","58.82","4.73","35.48","0.05","0.31","0.08","6.1","55","1.3","41.18","0.31","5.34","60"
"R. Watson","League Two 20-21.","Scunthorpe United","GK","29","0","2026-06-30","12","1176","0","0","0","0","England","right","190","1.53","0.08","100","0.61","100","0","2.16","0","0","0","0","0","0","0","0","0","0","0","0.31","50","0","0","0","18.98","78.23","13.24","69.36","10.26","61.94","0","0","0","4.9","54.69","0.23","0","0","6.96","84.62"
"L. Walker","League Two 20-21.","Oldham Athletic","GK","36","0","2026-06-30","12","1164","0","0","0","0","England","right","196","1.7","0.08","0","0.31","100","0","2.3","0","0","0","0","0","0","0","0","0","0","0","0","0","0","0","0","17.94","85.34","8.2","70.75","4.56","50.85","0","0","0","0.77","30","0.15","0","0","3.63","57.45"
"H. Brockbank","League Two 20-21.","Bolton Wanderers","RCB, LWB, RB","27","0","","18","1147","0","0.72","0","0.53","England","right","180","8.4","5.73","50.68","5.18","50","0","7.25","1.18","0","0.06","0","0.86","9.09","0","1.26","37.5","1.49","36.84","2.9","32.43","0.94","1.41","0.47","38.06","80.62","14.67","71.66","4.86","48.39","0.04","0.47","0.16","5.96","65.79","1.33","52.94","0.39","8.95","75.44"
"D. Drysdale","League Two 20-21.","Cambridge United","RCB, DMF","25","100000","","13","1140","1","0.86","0","0.02","England","right","196","12.47","6.08","61.04","6","65.79","0.63","10.65","0.79","0.08","0.07","0.08","0.39","60","20","0.32","25","1.11","42.86","2.92","40.54","0.39","0.79","0.24","30.24","78.85","14.53","67.93","5.37","54.41","0","0","0","5.21","57.58","0.87","27.27","0.16","6.32","63.75"
"T. Davies","League Two 20-21.","Barrow","CB, LCB","33","125000","2026-06-30","12","1139","1","0.36","0","0.01","England","right","185","12.33","7.11","85.56","5.69","63.89","0.47","7.79","0.4","0.08","0.03","0.08","0.24","66.67","33.333","0","0","0.4","60","0.87","36.36","0.47","0.08","0.08","30.97","73.21","15.65","60.1","6.87","50.57","0","0","0","5.29","52.24","0.32","25","0.16","7.35","60.22"
"E. Chapman","League Two 20-21.","Cheltenham Town","DMF, LCMF","24","175000","","21","1111","0","0","0","0.53","England","left","191","11.26","8.1","59","2.43","53.33","0.24","7.82","0.97","0","0","0","0.16","0","0","0.81","40","1.13","57.14","2.03","36","0.08","0.49","0.16","37.91","77.14","12.8","61.39","5.83","44.44","0.04","0.24","0.16","8.51","58.1","1.78","45.45","0.57","6.97","66.28"
"O. Edwards","League Two 20-21.","Grimsby Town","LW, LAMF, RAMF","24","200000","2026-06-30","17","1109","1","1.75","3","2.09","England","right","173","5.76","6.82","48.81","2.35","13.79","0","3.43","5.44","0.08","0.14","0","1.38","17.65","5.882","2.27","28.57","9.25","48.25","18.58","41.48","2.19","3.49","1.7","22.89","70.21","3.98","55.1","1.62","25","0.17","0.49","0.57","2.52","45.16","2.27","46.43","0.57","2.52","70.97"
"L. Gambin","League Two 20-21.","Newport County","AMF, LDMF, LAMF","32","0","2026-06-30","22","1109","2","0.79","1","0.75","England","left","168","4.79","5.76","40.85","3","27.03","0.16","2.74","3.41","0.16","0.06","0","1.06","23.08","15.385","2.76","38.24","4.46","47.27","9.09","37.5","1.06","0.89","0.32","31.16","75.78","9.41","58.62","4.14","45.1","0.06","0.16","0.24","4.95","63.93","2.92","50","0.41","5.03","79.03"
"A. McCormack","League Two 20-21.","Southend United","LCMF, DMF, RCMF","41","0","","20","1107","0","1.2","0","0.13","Republic of Ireland","right","180","8.54","4.88","48.33","2.6","56.25","0.08","9.46","1.87","0","0.1","0","1.46","22.22","0","0.73","66.67","1.63","60","4.63","56.14","0.49","0.81","0.33","29.43","75.14","9.67","57.14","4.8","40.68","0.01","0.33","0.16","6.02","47.3","1.54","42.11","0.41","4.96","59.02"
"M. Watters","League Two 20-21.","Crawley Town","CF","26","400000","2026-06-30","15","1107","13","7.59","0","0.84","England","right","181","2.76","2.52","61.29","10.33","21.26","0","1.66","3.9","1.06","0.62","0.08","2.6","71.88","40.625","1.87","26.09","2.68","54.55","9.76","33.33","4.07","1.71","0.89","20.08","65.59","4.23","40.38","0.41","60","0.07","0.81","0.24","1.79","54.55","2.36","34.48","0.81","1.54","89.47"
"T. Frost","League Two 20-21.","Crawley Town","LW, RW","26","0","2026-06-30","23","1088","2","2.05","2","0.57","England","right","172","7.78","7.94","57.29","4.05","26.53","0.17","4.13","4.22","0.17","0.17","0","1.65","45","10","3.06","16.22","5.29","53.13","9.93","36.67","2.98","2.32","2.07","23.91","66.78","7.69","50.54","2.07","36","0.05","0.41","0.25","3.14","50","1.65","45","0.58","3.89","59.57"
"L. Dennis","League Two 20-21.","Leyton Orient","LW, LAMF, LWF","33","0","2026-06-30","24","1081","1","0.87","2","1.2","England","right","185","7.24","6.08","53.42","5.58","41.79","0.17","5.12","3.5","0.08","0.07","0","1","16.67","8.333","2.08","24","4.25","60.78","10.49","42.06","2","2.16","0.67","25.56","76.55","6.83","56.1","1.42","47.06","0.1","1.08","0.42","2.16","53.85","2.58","51.61","0.92","3.75","68.89"
"M. Clark","League Two 20-21.","Port Vale","RB","26","200000","2026-06-30","11","1074","1","0.22","0","0.71","England","right","173","10.14","8.21","62.24","2.43","37.93","0.17","5.83","3.27","0.08","0.02","0","0.42","20","20","2.93","40","3.85","52.17","5.03","50","1.01","2.6","1.42","32.18","69.53","16.51","56.85","6.54","32.05","0.06","0","0.5","8.72","48.08","2.51","46.67","0.25","8.55","77.45"
"B. Crellin","League Two 20-21.","Bolton Wanderers","GK","25","0","2026-05-31","11","1071","0","0","0","0","England","right","185","1.68","0.25","0","0.76","88.89","0","2.54","0","0","0","0","0","0","0","0","0","0","0","0.25","100","0","0","0","22.77","87.08","14.54","80.35","7.98","64.21","0","0","0","2.18","65.38","0.17","0","0","6.55","75.64"
"A. Badan","League Two 20-21.","Oldham Athletic","LB, LCB, LWB","27","50000","","18","1058","0","0.03","2","0.97","Italy","left","176","10.04","7.32","65.12","2.64","54.84","0.26","7.17","2.13","0","0","0","0.17","0","0","1.79","23.81","3.15","51.35","6.64","34.62","0.68","2.55","1.28","35.39","74.04","15.91","61.5","6.98","45.12","0.08","0.26","0.43","4.93","51.72","1.96","30.43","0.6","8.34","50"
"L. Spokes","League Two 20-21.","Grimsby Town","LCMF, RCMF","25","0","2026-05-31","17","1056","1","1.43","0","0.73","England","","182","8.69","7.24","54.12","3.84","48.89","0.17","6.53","2.3","0.09","0.12","0","1.7","15","5","1.28","60","1.96","60.87","5.45","32.81","0.85","0.77","0.43","31.53","78.11","9.38","56.36","4.52","49.06","0.06","0.43","0.26","5.11","65","1.79","57.14","0.26","5.88","69.57"
"A. Gnahoua","League Two 20-21.","Bolton Wanderers","CF, LAMF, RAMF","33","100000","2026-06-30","28","1053","2","2","5","2.6","France","left","185","9.74","6.41","64","7.18","28.57","0.17","8.94","5.9","0.17","0.17","0","1.79","33.33","9.524","2.31","29.63","8.21","53.13","15.04","38.07","3.76","2.31","1.11","22.31","73.56","5.21","57.38","1.11","7.69","0.22","0.68","0.94","2.48","48.28","1.62","47.37","1.03","2.99","74.29"
"C. Wright","League Two 20-21.","Cheltenham Town","RCMF, AMF","25","700000","2026-06-30","16","1051","4","3.76","3","1.05","England","right","182","7.02","4.88","42.11","4.62","40.74","0","6.2","2.74","0.34","0.32","0","2.74","37.5","12.5","1.71","20","2.57","50","4.37","33.33","2.91","0.69","0","26.55","61.61","11.99","49.29","4.71","41.82","0.09","0.34","0.34","5.57","41.54","2.48","34.48","0.51","5.57","67.69"
"J. Devitt","League Two 20-21.","Barrow","RCMF, AMF","35","0","","25","1049","2","1.44","1","2.36","Republic of Ireland","right","176","6.52","6.01","55.71","1.63","15.79","0.09","4.49","2.49","0.17","0.12","0","1.8","23.81","9.524","1.63","47.37","1.89","50","6.01","38.57","1.2","0.94","0.26","27.8","71.6","9.61","56.25","4.55","39.62","0.2","1.12","0.6","3.95","52.17","2.83","51.52","0.86","6.69","71.79"
"R. Marshall","League Two 20-21.","Stevenage","LCB, RCB","26","0","","15","1047","0","0.21","0","0.06","England","","191","8.17","4.9","50.88","7.82","53.85","0.69","7.59","0.09","0","0.02","0","0.26","0","0","0.09","0","0.26","33.33","0.43","40","0.86","0.09","0","27.68","79.19","11.69","64.71","5.33","41.94","0","0","0.09","3.87","42.22","0.17","0","0","5.5","56.25"
"J. Davison","League Two 20-21.","Forest Green Rovers","CF","26","225000","2026-06-30","22","1044","3","1.76","0","0.27","England","right","188","3.02","3.02","57.14","12.5","26.21","0","1.97","1.64","0.26","0.15","0.09","0.95","72.73","27.273","0.17","0","1.98","47.83","12.67","27.21","2.93","0.86","0.43","13.45","69.87","2.93","50","0.26","66.67","0.02","0.09","0.17","0.86","50","0.6","42.86","0.34","0.52","83.33"
"C. Kirby","League Two 20-21.","Harrogate Town","LCMF, RCMF","27","0","","16","1041","0","0.47","0","0","England","right","172","9.51","7.52","59.77","4.84","30.36","0.17","6.24","0.61","0","0.04","0","0.61","28.57","0","0.52","16.67","0.86","40","2.33","29.63","0.61","0.17","0.69","33.11","80.16","10.37","60.83","4.06","44.68","0","0.26","0","4.93","59.65","1.21","28.57","0.35","4.41","64.71"
"A. Hartigan","League Two 20-21.","Newport County","LCMF, RCMF","25","0","2026-06-30","14","1024","0","0.19","1","0.33","England","right","178","6.24","4.48","58.82","3.78","39.53","0.09","5.79","0.79","0","0.02","0","0.88","10","0","0.79","22.22","0.79","44.44","2.11","29.17","0.88","0.35","0.09","30.41","76.88","10.63","62.81","4.57","53.85","0.03","0.35","0.18","4.66","49.06","1.76","35","0.53","4.66","73.58"
"T. Dallison-Lisbon","League Two 20-21.","Crawley Town","LB, LCB","29","125000","2026-06-30","14","1020","2","1.24","1","0.71","England","left","193","10.24","6.62","57.33","6","64.71","0.97","8.91","1.5","0.18","0.11","0","0.35","75","50","1.15","7.69","1.68","68.42","3.53","57.5","0.88","1.5","0.35","29.21","71.6","13.94","61.39","5.47","35.48","0.06","0","0.09","7.94","54.44","1.85","33.33","0.44","8.03","79.12"
"L. McAlinden","League Two 20-21.","Morecambe","CF, RW, RAMF","32","0","2026-06-30","31","1020","3","2.53","3","1.96","Northern Ireland","left","186","6.09","6.62","54.67","6.71","28.95","0","2.52","3.53","0.26","0.22","0","1.85","33.33","14.286","2.82","18.75","5.12","44.83","11.03","32.8","3.09","1.5","0.97","13.32","60.26","3.18","36.11","0.79","33.33","0.17","0.44","0.44","1.15","38.46","1.68","31.58","0.44","1.5","58.82"
"H. Pritchard","League Two 20-21.","Bradford City","LCMF, LAMF, LW","32","0","","16","1012","2","1.71","1","0.85","England","left","183","7.38","4","64.44","4.54","41.18","0.53","6.83","1.87","0.18","0.15","0.09","1.25","42.86","14.286","1.78","20","1.51","47.06","3.91","47.73","3.38","0.71","0.44","26.77","77.08","8","58.89","2.4","55.56","0.08","0.36","0.62","2.93","48.48","1.78","30","1.16","4.36","67.35"
"O. Crankshaw","League Two 20-21.","Bradford City","RW, LAMF, LW","27","0","","19","1007","1","1.36","1","0.26","England","right","182","9.29","9.29","62.5","2.95","36.36","0","4.67","3.31","0.09","0.12","0","1.34","33.33","6.667","2.41","11.11","5.54","46.77","11.8","34.85","2.23","1.97","1.25","19.04","74.18","3.57","62.5","1.43","56.25","0.02","0.09","0.09","0.89","60","1.43","25","0.27","2.41","48.15"
"J. Slew","League Two 20-21.","Morecambe","CF, LAMF, LW","33","100000","2026-06-30","17","1006","1","1.53","2","0.86","England","right","191","5.28","3.4","60.53","12.88","39.58","0","3.84","3.04","0.09","0.14","0.09","1.43","18.75","6.25","2.06","26.09","3.94","47.73","12.44","33.81","2.68","1.34","0.72","22.37","74.8","4.92","67.27","0.89","70","0.08","0.45","0.45","2.5","64.29","1.97","50","0.81","2.95","84.85"
"S. Power","League Two 20-21.","Harrogate Town","RW","27","100000","2026-11-30","13","1005","1","0.55","0","2.17","Republic of Ireland","right","177","7.52","6.27","58.57","4.3","29.17","0.09","5.39","5.01","0.09","0.05","0","0.72","25","12.5","2.69","36.67","6.36","56.34","10.48","43.59","1.7","1.97","1.52","23.1","70.93","6.63","58.11","1.79","35","0.19","0.45","0.81","2.42","48.15","2.96","51.52","0.9","4.93","61.82"
"J. Flint","League Two 25-26.","Crawley Town","LCB","25","450000","2026-06-30","25","2519","0","2.32","1","2.47","England","left","178","8.32","4.75","67.67","7.61","54.93","0.36","8.87","1.93","0","0.08","0","0.79","40.91","0","1.07","36.67","1.89","62.26","4.54","51.18","1.29","2.79","0.46","45.2","81.58","21.76","72.91","5.72","43.13","0.09","0.07","0.21","7.36","57.77","1.54","44.19","0.46","9.11","69.8"
"N. Smith","League Two 25-26.","Tranmere Rovers","CB, LCB","29","450000","2027-06-30","25","2505","3","3.54","0","0.02","England","right","180","8.77","4.71","75.57","8.51","68.35","0.93","7.86","0.14","0.11","0.13","0.07","0.61","23.53","17.647","0","0","0","0","0.93","53.85","1.08","0.04","0","24.65","74.93","11.75","60.86","3.56","44.44","0","0","0.04","2.8","53.85","0.5","14.29","0.18","5.75","46.25"
"Z. Hemming","League Two 25-26.","Chesterfield","GK","25","500000","2028-06-30","25","2482","0","0","0","0.15","England","right","188","1.49","0.15","75","0.69","100","0","2.34","0","0","0","0","0","0","0","0","0","0","0","0.11","100","0","0","0","24.66","72.65","17.3","61.43","13.53","52.82","0.01","0","0.07","7.87","51.15","0.51","0","0.04","9.21","76.38"
"J. Day","League Two 25-26.","Cheltenham Town","GK","35","100000","2027-06-30","25","2471","0","0","0","0","England","left","190","1.64","0.04","100","0.66","94.44","0","2.24","0","0","0","0","0","0","0","0","0","0","0","0.07","100","0","0","0","18.25","77.25","11.44","64.65","9.94","60.44","0","0","0","4.48","58.54","0.36","0","0","7.36","78.71"
"M. Pinnock","League Two 25-26.","Bromley","LWB, LW, LAMF","31","300000","","25","2468","0","1.67","9","10.85","England","left","178","4.74","3.39","60.22","2.63","33.33","0.11","3.73","3.83","0","0.06","0","1.31","25","0","5.29","42.76","2.52","49.28","5.51","36.42","1.5","0.62","0.15","24.91","59.59","9.04","42.74","4.81","34.85","0.4","0","0.8","4.23","43.1","4.89","53.73","0.55","7","67.19"
"L. Billington","League Two 25-26.","Crewe Alexandra","RB, LCB","21","0","2026-06-30","25","2420","0","1.08","1","1.59","England","right","185","7.92","5.58","60.67","4.98","56.72","0.26","6.6","1.34","0","0.04","0","0.48","38.46","0","1.97","41.51","0.74","45","2.27","45.9","0.56","1.08","0.07","41.73","71.57","20.83","58.21","9.22","41.13","0.06","0","0.22","8.93","51.67","2.94","48.1","0.6","10.93","61.9"
"C. Barker","League Two 25-26.","Crawley Town","RCB","22","50000","","24","2420","1","1.8","1","0.87","England","right","0","9.82","5.17","63.31","8.4","49.12","0.93","11.72","0.89","0.04","0.07","0.04","0.71","21.05","5.263","1.12","40","0.33","77.78","1.82","46.94","1.12","1.15","0.11","51.25","80.91","23.58","69.87","8.03","42.13","0.03","0.04","0.22","8.22","55.2","1.93","32.69","0.3","10.15","68.5"
"J. Tucker","League Two 25-26.","Colchester United","RCB","26","275000","2027-06-30","24","2419","2","0.85","1","1.18","England","right","192","6.51","2.46","78.79","6.88","65.41","0.48","6.93","0.22","0.07","0.03","0.04","0.3","37.5","25","0.19","20","0.07","100","0.67","33.33","0.78","0.22","0","44.46","78.49","22.17","63.93","10.86","53.42","0.04","0","0.15","8.15","57.53","1.12","33.33","0.45","11.68","66.24"
"C. McJannett","League Two 25-26.","Grimsby Town","LCB","27","175000","2026-06-30","24","2418","1","0.94","0","0.04","England","left","173","8.3","4.99","73.88","7.67","64.56","0.3","8.65","0.86","0.04","0.04","0.04","0.45","25","8.333","0.45","33.33","0.97","61.54","3.05","51.22","0.63","1.56","0.04","53.04","82.04","24.16","67.95","9.49","47.45","0","0","0","9.79","61.22","1.08","34.48","0.15","11.02","63.85"
"C. Ripley","League Two 25-26.","Swindon Town","GK","32","225000","2027-06-30","24","2410","0","0","0","0","England","right","191","1.53","0.04","100","0.52","92.86","0","2.34","0.07","0","0","0","0","0","0","0","0","0.07","100","0.19","80","0.04","0","0","35.93","81.29","24.12","73.53","18.19","65.3","0","0","0","8.14","62.39","0.71","15.79","0.07","14.3","81.46"
"E. Monthe","League Two 25-26.","Oldham Athletic","LCB","30","225000","2026-06-30","24","2410","1","1.96","0","0.03","Cameroon","left","194","10.2","5.19","82.01","5.79","63.23","0.71","8.79","0.6","0.04","0.07","0","0.56","26.67","6.667","0.22","0","0.52","85.71","2.99","48.75","0.56","0.9","0.11","24.68","70.35","13.29","56.46","5.71","45.75","0","0","0","4.67","53.6","0.93","28","0.26","7.24","57.73"
"M. Hudson","League Two 25-26.","Oldham Athletic","GK","27","0","2028-06-30","24","2410","0","0","1","0.46","England","right","193","1.94","0.04","0","0.45","75","0","2.95","0","0","0","0","0","0","0","0","0","0","0","0.07","100","0","0","0","20.88","79.79","16.66","74.89","13.97","70.59","0.02","0","0.04","7.88","71.56","0.3","25","0.07","10.94","91.13"
"J. Eastwood","League Two 25-26.","Cambridge United","GK","29","100000","2026-06-30","24","2407","0","0","0","0","England","right","193","1.98","0","0","0.41","100","0","2.92","0","0","0","0","0","0","0","0","0","0","0","0.37","90","0","0","0.04","18.7","73","12.45","60.66","10.32","55.43","0","0","0","6.09","45.4","0.75","0","0","6.77","80.66"
"K. Roos","League Two 25-26.","Notts County","GK","33","500000","2027-06-30","24","2403","0","0","1","0","Netherlands","right","196","1.16","0","0","0.3","100","0","1.81","0.04","0","0","0","0","0","0","0","0","0.04","100","0.19","100","0","0","0","26.48","71.43","18.13","59.92","13.48","49.17","0","0","0.04","5.13","36.5","0.71","10.53","0.07","9.25","65.99"
"A. Flint","League Two 25-26.","Walsall","CB","36","100000","2026-06-30","24","2398","1","2.82","1","0.97","England","right","197","6.83","2.4","67.19","8.14","65.44","0.49","6.43","0.34","0.04","0.11","0.04","0.64","23.53","5.882","0.15","75","0.11","66.67","0.6","50","1.61","0.08","0","23.68","71.16","13.36","57.58","6.72","53.07","0.04","0","0.08","5.44","53.1","0.9","29.17","0.41","7.54","62.19"
"M. Roberts","League Two 25-26.","Walsall","GK","24","0","2026-06-30","24","2398","0","0","0","0","England","","0","1.31","0.04","100","0.53","85.71","0","1.63","0","0","0","0","0","0","0","0","0","0","0","0.04","0","0","0","0","11.75","67.73","9.65","62.26","8.63","56.96","0","0","0","4.8","50","0.41","0","0","5.7","83.55"
"H. Rodgers","League Two 25-26.","Grimsby Town","RB","29","250000","2026-06-30","24","2393","1","1.13","1","1.88","England","right","189","6.43","3.23","66.28","5.9","70.06","0.3","7.3","1.28","0.04","0.04","0","0.64","5.88","5.882","2.14","28.07","0.79","76.19","2.44","43.08","1.28","0.87","0.08","34.07","68.32","18.28","60.29","3.91","47.12","0.07","0.08","0.26","6.09","59.26","2.75","49.32","0.79","8.69","63.64"
"L. Garbutt","League Two 25-26.","Salford City","LCB, LWB","32","175000","2026-06-30","24","2390","3","2.41","1","4.13","England","left","180","8.32","6.44","64.33","5.54","50.34","0.41","6.43","1.32","0.08","0.09","0","1.09","44.83","10.345","1.32","31.43","0.6","62.5","1.96","48.08","0.38","1.28","0.11","38.41","75.78","17.74","63.48","7.64","41.87","0.16","0.04","0.15","8.62","58.08","2.22","37.29","0.38","9.19","66.8"
"J. Lynch","League Two 25-26.","Fleetwood Town","GK","32","225000","2027-06-30","24","2390","0","0","0","0.22","England","right","188","2","0.08","0","0.15","75","0","2.88","0","0","0","0","0","0","0","0","0","0","0","0.41","81.82","0","0","0","19.92","81.66","14.42","75.46","11.64","70.23","0.01","0","0.04","5.61","67.11","0.41","18.18","0.08","9.23","86.94"
"J. Bedeau","League Two 25-26.","Notts County","LCB","26","325000","2027-06-30","24","2389","0","0.32","0","0.95","England","left","182","7.65","4.9","63.85","6.52","53.76","0.34","6.88","0.6","0","0.01","0","0.08","0","0","0.94","48","0.23","66.67","1.66","43.18","0.34","0.64","0.08","50.78","81.38","24.19","70.72","6.78","34.44","0.04","0","0.15","7.08","58.51","1.39","54.05","0.34","9.46","65.34"
"D. Collinge","League Two 25-26.","Barnet","RCB, RB","27","0","","24","2386","1","1.23","1","1.82","England","right","186","7.62","5.09","80","6.68","62.15","0.11","6.19","0.91","0.04","0.05","0","0.53","14.29","7.143","0.64","58.82","0.68","55.56","2.3","34.43","1.13","1.09","0.11","38.06","80.67","18.9","70.86","7.09","56.91","0.07","0.11","0.3","7.54","64.5","1.43","47.37","0.6","9.17","72.84"
"L. Jenkins","League Two 25-26.","Newport County","RCB","24","0","","24","2375","0","1.18","2","2.45","Wales","right","176","9.06","4.7","73.39","7.47","62.44","0.68","7.08","0.64","0","0.04","0","0.42","27.27","0","0.91","33.33","0.27","85.71","1.06","64.29","1.06","0.87","0.3","40.17","76.89","17.62","59.14","6.75","38.2","0.09","0","0.08","4.55","35","1.25","30.3","0.11","7.16","49.21"
"S. Clucas","League Two 25-26.","Shrewsbury Town","LWB, LB","35","300000","2027-06-30","24","2366","2","1.53","4","2.79","England","left","178","8.98","5.36","71.63","3.35","50","0.19","6.64","2.47","0.08","0.06","0","1.33","17.14","5.714","3.08","30.86","2.02","60.38","3.8","45","1.67","1.07","0.38","31.57","72.65","12.29","62.85","4.87","53.13","0.11","0.11","0.3","5.06","62.41","2.78","45.21","0.65","8.29","73.85"
"C. Raglan","League Two 25-26.","Barrow","CB, RCB","32","0","2027-06-30","24","2344","1","1.59","1","0.49","England","right","183","9.75","5.22","72.06","8.29","68.98","0.84","7.29","0.42","0.04","0.06","0.04","0.5","38.46","7.692","0.23","33.33","0.15","75","0.84","50","1","0.35","0.08","30.22","78.53","14.36","65.24","5.76","50.67","0.02","0.04","0.08","4.84","59.52","0.38","30","0.12","7.22","63.3"
"M. Sanders","League Two 25-26.","Crewe Alexandra","LDMF, RDMF","27","200000","2026-06-30","24","2332","3","3.29","3","3.77","England","right","176","6.79","5.02","68.46","1.89","53.06","0.19","4.77","1.89","0.12","0.13","0","1.78","28.26","6.522","0.93","37.5","1.78","56.52","4.86","43.65","1.43","0.66","0.12","46","81.54","15.05","65.13","8.18","50.94","0.15","0.04","0.46","9.73","62.3","2.55","46.97","1","8.07","77.99"
"L. Offord","League Two 25-26.","Milton Keynes Dons","LCB, RCB","26","275000","","24","2331","1","1.22","1","0.32","England","right","182","8.61","5.41","72.86","5.87","55.26","0.35","6.6","0.66","0.04","0.05","0.04","0.46","33.33","8.333","0.5","53.85","0.27","85.71","1.66","44.19","0.77","1.04","0.08","37.64","73.85","20.93","62.73","10.5","44.12","0.01","0","0.08","8.38","52.53","1.12","41.38","0.31","10.46","62.36"
"C. MacGillivray","League Two 25-26.","Milton Keynes Dons","GK","32","225000","2026-06-30","24","2329","0","0","0","0","Scotland","right","188","1.7","0.04","100","0.73","89.47","0","2.43","0","0","0","0","0","0","0","0","0","0","0","0.12","66.67","0","0","0","19.79","81.25","13.53","72.86","10.55","65.93","0","0","0","4.87","59.52","0.19","0","0","7.54","86.15"
"K. Watts","League Two 25-26.","Cambridge United","LCB","26","250000","2026-06-30","24","2326","2","2.19","0","0.93","England","left","192","6.31","3.06","70.89","8.16","54.98","0.39","6.07","0.5","0.08","0.08","0.08","0.46","41.67","16.667","0.31","62.5","0.08","100","1.28","54.55","0.97","0.39","0.04","38","76.78","19.15","62.42","8.82","53.07","0.04","0.04","0.08","7.2","49.46","0.77","30","0.19","8.44","65.6"
"R. Glover","League Two 25-26.","Barnet","AMF, LW, RAMF","25","0","","24","2301","3","4.83","1","4.26","England","right","0","5.63","3.21","64.63","6.14","42.68","0.04","5.89","6.34","0.12","0.19","0","1.37","31.43","8.571","5.2","29.32","6.69","64.33","11.77","46.84","4.22","2.54","0.27","32.39","70.77","9.04","61.9","1.84","31.91","0.17","0.12","0.74","3.13","48.75","4.26","50.46","1.17","5.08","71.54"
"A. Gilbey","League Two 25-26.","Milton Keynes Dons","LCMF, AMF, DMF","31","300000","2026-06-30","23","2291","8","4.95","2","2.54","England","right","183","5.77","4.6","53.85","4.16","53.77","0.24","4.42","1.3","0.31","0.19","0","1.41","50","22.222","0.63","37.5","0.94","37.5","4.28","36.7","2.12","1.14","0.43","23.61","71.71","9.62","55.92","3.42","44.83","0.1","0","0.39","4.6","52.99","1.34","50","0.47","3.69","65.96"
"R. McKenzie","League Two 25-26.","Gillingham","CB, RCB, RCMF","27","200000","2027-06-30","24","2290","3","4.87","0","0.69","England","right","184","7","3.81","71.13","6.52","58.43","0.43","5.56","0.51","0.04","0.19","0","0.9","30.43","13.043","0.63","18.75","0.28","42.86","1.93","34.69","1.22","0.31","0","19.22","71.37","8.92","56.83","3.77","48.96","0.03","0","0.12","2.48","58.73","0.86","36.36","0.39","4.72","51.67"
"A. Senior","League Two 25-26.","Barnet","RB, LCB","23","0","","24","2285","5","6.05","2","0.66","England","right","183","8.43","5.59","64.08","5.2","62.12","0.67","8.14","1.93","0.2","0.24","0.16","1.61","36.59","12.195","1.54","38.46","1.73","43.18","3.74","41.05","2.21","1.22","0.24","29.54","74.93","14.26","66.02","5.24","43.61","0.03","0","0.16","6.54","54.82","1.81","43.48","0.39","7.13","66.85"
"M. Cheek","League Two 25-26.","Bromley","CF","34","0","2026-06-30","25","2274","14","12.25","3","2.87","England","right","186","2.53","1.86","53.19","13.26","37.91","0.04","2.25","1.5","0.47","0.48","0.12","2.34","49.15","23.729","0.51","23.08","0.55","42.86","2.85","29.17","4.2","0.51","0.04","13.18","55.86","3.56","45.56","0.79","30","0.11","0.04","0.32","1.86","42.55","1.19","33.33","0.87","1.62","68.29"
"I. Odutayo","League Two 25-26.","Bromley","LB, LCB","23","0","2026-06-30","25","2266","2","1","3","1.21","England","left","185","6.87","4.92","58.87","4.77","50","0.36","5.35","1.59","0.08","0.04","0","0.32","50","25","2.14","46.3","0.6","60","3.77","50.53","0.48","1.27","0.08","27.29","63.76","17.36","55.61","8.54","42.33","0.05","0.12","0.44","8.7","50.68","2.5","47.62","0.48","9.61","75.21"
"J. Evans","League Two 25-26.","Harrogate Town","LDMF, LCMF","25","0","","23","2265","0","0.89","2","1.26","England","left","173","9.42","7.43","67.91","3.42","32.56","0.6","4.49","1.47","0","0.04","0","0.4","20","0","1.51","28.95","1.39","68.57","5.05","44.88","0.56","1.07","0.48","28.73","79.81","9.54","67.08","2.42","50.82","0.05","0","0.24","4.01","73.27","1.55","46.15","0.4","5.32","64.93"
"Tommi O'Reilly","League Two 25-26.","Crewe Alexandra","RAMF","22","0","","25","2251","4","1.93","8","6.45","England","left","170","6.44","6.72","55.36","3.92","14.29","0.04","3.83","4.52","0.16","0.08","0","1.8","22.22","8.889","3.56","30.34","6.04","50.33","14.07","35.8","2.2","1.36","0.04","23.99","70.17","6.56","54.27","2.04","27.45","0.26","0.16","0.68","2.84","57.75","3.72","40.86","0.8","4.12","73.79"
"R. Hutchinson","League Two 25-26.","Crewe Alexandra","LB","25","250000","2027-06-30","24","2251","3","0.82","1","2.66","England","left","177","6.56","4.68","59.83","3.44","41.86","0.16","5.5","3.16","0.12","0.03","0","0.76","26.32","15.789","3.28","41.46","2","80","5.2","55.38","1.2","1.28","0.12","34.5","72.77","14.19","61.97","6.2","47.1","0.11","0","0.44","5.92","51.35","3.56","60.67","0.96","8.88","66.67"
"M. Macey","League Two 25-26.","Colchester United","GK","31","250000","2026-06-30","23","2241","0","0","0","0","England","right","201","1.69","0","0","0.4","70","0","2.58","0","0","0","0","0","0","0","0","0","0","0","0.16","100","0","0","0","18.35","81.84","10.28","69.14","7.39","56.52","0","0","0","2.53","49.21","0.28","0","0","5.42","71.85"
"A. Read","League Two 25-26.","Colchester United","RDMF, LDMF, LCMF","26","250000","2026-06-30","24","2230","3","3.05","2","3.06","England","left","178","7.67","4.92","68.85","2.5","48.39","0.24","6.02","1.7","0.08","0.12","0","1.09","37.04","11.111","0.77","42.11","1.21","66.67","5.61","49.64","0.73","0.69","0.12","38.5","82.49","11.46","63.03","4.48","47.75","0.12","0.2","0.24","5.85","57.93","1.74","53.49","0.48","5.57","64.49"
"R. Hutton","League Two 25-26.","Gillingham","RB, RWB","27","250000","","24","2229","0","0.4","2","3.07","England","right","174","6.3","5.65","64.29","1.33","51.52","0.12","3.19","3.84","0","0.02","0","0.4","30","0","5.69","38.3","3.19","48.1","6.42","39.62","0.81","1.78","0.12","29.68","63.54","12.72","54.6","8.12","47.76","0.12","0","0.4","6.7","50.6","6.3","46.15","0.93","9.25","77.73"
"J. Connolly","League Two 25-26.","Crewe Alexandra","RCB","24","375000","2026-06-30","24","2220","2","3.28","0","0.19","England","right","185","8.55","4.7","67.24","11.11","59.85","1.18","8.11","0.2","0.08","0.13","0.04","0.53","30.77","15.385","0.2","20","0","0","0.97","50","1.22","0.32","0","38.07","77.1","18.28","63.64","8.07","51.26","0.01","0","0.08","6.45","57.86","0.73","27.78","0.2","8.96","60.63"
"R. Smith","League Two 25-26.","Harrogate Town","AMF, LAMF","23","0","2027-06-30","25","2218","1","2.15","3","3.13","England","","0","6.74","6.65","61.59","3.29","29.63","0.12","3.65","3.37","0.04","0.09","0","0.85","38.1","4.762","2.64","27.69","3.98","58.16","8.16","42.79","2.23","2.92","0.57","30.92","70.73","9.45","55.79","2.76","39.71","0.13","0","0.37","3.65","62.22","2.35","55.17","0.89","4.91","62.81"
"A. Charles","League Two 25-26.","Bromley","DMF, LDMF, LCMF","26","0","2026-06-30","24","2216","0","0.63","2","1.34","Grenada","","178","9.02","6.5","64.38","5.36","55.3","0.41","6.18","0.81","0","0.03","0","0.49","0","0","1.06","34.62","0.61","73.33","3.49","55.81","0.37","0.32","0.04","33.95","70.69","14.7","57.46","6.9","43.53","0.05","0","0.28","8.08","51.76","1.95","37.5","0.37","7.07","71.26"
"W. Burrell","League Two 25-26.","Harrogate Town","LB, RB, LCB","35","75000","2027-06-30","24","2213","1","1.06","0","0","England","right","178","10.7","6.3","69.68","5.65","53.96","0.81","8.08","0.57","0.04","0.04","0","0.2","20","20","0.37","55.56","0.61","53.33","2.07","39.22","0.49","0.57","0.08","32.58","78.65","16.39","65.26","6.1","44.67","0","0","0","5.41","52.63","0.85","33.33","0.12","7.32","65"
"P. Brough","League Two 25-26.","Tranmere Rovers","LCB, LB","29","275000","2027-06-30","24","2207","1","1.4","0","0.02","England","left","191","9.42","4.98","63.93","6.89","48.52","0.61","9.35","0.65","0.04","0.06","0","0.49","25","8.333","1.47","27.78","0.12","100","1.14","25","0.73","0.41","0","33.11","73.77","18.47","68.65","6.48","56.6","0","0","0","5.71","57.14","1.59","33.33","0.24","8.56","65.24"
"L. Young","League Two 25-26.","Cheltenham Town","RCMF, LCMF","32","125000","","24","2207","2","1.3","1","2.26","England","right","173","6.77","4.57","68.75","2.9","49.3","0.61","4.87","1.14","0.08","0.05","0","1.06","38.46","7.692","1.18","55.17","0.16","50","1.84","46.67","0.24","0.53","0.04","35.4","76.38","14.52","58.71","7.34","43.89","0.09","0","0.16","7.95","54.87","1.79","47.73","0.16","6.52","75"
"R. Woods","League Two 25-26.","Oldham Athletic","DMF, RCMF","32","1000000","2027-06-30","23","2204","0","0.85","3","4.68","England","right","173","7.51","6.29","69.48","3.47","45.88","0.16","4.21","1.02","0","0.03","0","0.45","27.27","0","1.59","33.33","0.37","66.67","3.14","37.66","0.29","0.2","0","35.49","76.99","14.17","63.11","6.25","53.59","0.19","0.12","0.25","7.6","59.68","2.82","43.48","0.78","7.76","70"
"A. O'Connor","League Two 25-26.","Harrogate Town","RCB, CB","33","200000","2027-06-30","24","2198","0","1.34","1","0.32","Republic of Ireland","right","188","11.3","4.79","71.79","9.95","67.9","1.8","10.25","0.2","0","0.05","0","0.45","27.27","0","0.04","100","0.04","100","0.78","42.11","0.49","0.41","0","34.56","79.5","16.91","65.86","6.72","54.27","0.01","0","0.12","4.38","53.27","0.41","20","0.08","8.03","59.18"
"G. Smith","League Two 25-26.","Bromley","GK","32","0","2026-06-30","22","2189","0","0","0","0","England","left","185","1.19","0.08","100","0.41","90","0","1.51","0","0","0","0","0","0","0","0","0","0","0","0.04","100","0","0","0","15.17","68.83","13.57","65.76","12.58","63.4","0","0","0","8.26","63.68","0.45","0","0","8.92","88.94"
"M. Young","League Two 25-26.","Salford City","GK","19","0","2028-06-30","22","2187","0","0","1","0","England","right","191","2.43","0","0","0.29","100","0","4.12","0.04","0","0","0","0","0","0","0","0","0","0","0.25","83.33","0.04","0","0","22.72","73.73","17.37","66.59","14.32","60.92","0","0.04","0.08","8.56","57.21","0.41","10","0.08","10.12","86.59"
"L. Kelly","League Two 25-26.","Milton Keynes Dons","DMF, LCMF, RCMF","30","300000","","25","2182","0","0.57","4","3.54","England","right","163","7.59","5.98","61.38","1.53","32.43","0.04","5.72","1.15","0","0.02","0","0.74","16.67","0","1.81","43.18","0.37","55.56","2.1","43.14","0.66","0.7","0.04","40.75","76.11","17.2","59.95","6.23","35.1","0.15","0.12","0.25","8.33","54.95","2.35","52.63","0.41","7.75","66.49"
"F. Munroe","League Two 25-26.","Swindon Town","LWB, LB","20","100000","2026-06-30","23","2180","2","1.44","7","5.11","England","left","0","9.33","6.32","64.05","5.12","53.23","0.33","6.08","3.1","0.08","0.06","0.04","0.83","25","10","4.83","30.77","2.35","52.63","5.08","41.46","1.07","1.36","0.12","29.77","64.22","10.03","53.09","5.99","49.66","0.21","0.25","0.58","5.45","53.79","4.38","41.51","0.78","8.26","73.5"
"D. Matthews","League Two 25-26.","Accrington Stanley","RCB, CB","26","0","2027-06-30","22","2179","0","1.49","0","0","England","right","0","7.85","5.33","62.02","12.8","62.58","0.29","6.19","0.5","0","0.06","0","0.45","36.36","0","0.17","0","0.45","72.73","2.48","56.67","0.54","0.29","0.08","29.9","74.03","17.02","65.05","7.81","47.62","0","0","0","6.11","53.38","0.83","5","0.08","8.72","64.45"
"B. Ward","League Two 25-26.","Accrington Stanley","LCB","22","0","2026-06-30","22","2179","2","1.02","0","0.51","England","left","188","11.23","7.19","68.97","7.68","65.59","0.5","9.12","1.16","0.08","0.04","0","0.54","30.77","15.385","1.36","39.39","0.7","64.71","3.72","48.89","0.58","0.74","0.17","40.06","69.48","22.35","56.93","11.23","37.13","0.02","0","0.25","8.96","41.47","1.94","34.04","0.12","10.95","61.13"
"J. Belshaw","League Two 25-26.","Harrogate Town","GK","35","100000","2026-06-30","22","2179","0","0","0","0","England","right","191","1.2","0.12","66.67","0.62","93.33","0","1.53","0.08","0","0","0","0","0","0","0","0","0.08","100","0.17","75","0","0","0","22.76","75.5","18.5","70.31","15.08","64.93","0","0","0","6.44","60.26","0.62","13.33","0.04","11.77","80.7"
"A. Oluwo","League Two 25-26.","Salford City","CB","26","0","2027-06-30","23","2175","4","4.67","0","0.37","England","unknown","0","10.22","6.46","70.51","11.3","56.78","0.66","8.95","0.41","0.17","0.19","0.08","0.87","47.62","19.048","0","0","0.08","0","1.08","23.08","1.28","0.17","0","27.93","82.52","11.21","69","3.23","55.13","0.02","0","0.08","2.36","71.93","0.21","20","0.21","5.01","47.11"
"K. McFadzean","League Two 25-26.","Chesterfield","LCB, RCB","38","200000","","22","2174","2","1.08","0","0.13","England","right","185","8.32","4.76","69.57","4.68","71.68","0.5","8.33","0.62","0.08","0.04","0.04","0.46","54.55","18.182","0.17","75","0.29","85.71","1.08","65.38","0.46","0.29","0.04","49.6","81.72","20.24","66.87","10.97","51.32","0.01","0","0.17","8.61","62.98","0.91","40.91","0.29","10.06","64.2"
"J. Robson","League Two 25-26.","Oldham Athletic","LB","28","250000","2027-06-30","22","2162","0","0.7","2","2.78","Scotland","left","173","10.99","7.74","62.9","6.62","50.94","0.5","8.96","2.37","0","0.03","0","0.5","16.67","0","3","33.33","1.87","66.67","4.45","46.73","1.29","0.87","0.12","31.05","65.28","16.53","58.69","6.41","44.81","0.12","0.04","0.37","5.99","62.5","2.66","53.13","0.79","9.99","66.25"
"W. Boyle","League Two 25-26.","Shrewsbury Town","LCB","30","250000","2027-06-30","23","2161","2","2.91","1","0.87","England","left","191","9.58","4.96","67.23","8.95","66.05","0.5","8.4","0.46","0.08","0.12","0.08","0.79","36.84","10.526","0.42","30","0.17","25","0.67","37.5","1.17","0.25","0","30.78","69.82","18.16","61.47","6.91","44.58","0.04","0.08","0.25","5.91","50.7","1.17","21.43","0.46","8.83","59.43"
"O. Sowunmi","League Two 25-26.","Bromley","RCB, CB","30","175000","","22","2150","6","4.09","0","0.38","England","right","198","7.58","4.19","73","10.42","67.47","0.63","6.1","0.75","0.25","0.17","0.21","1.3","38.71","19.355","0.21","40","0.21","80","1.17","57.14","1.84","0.33","0","22.02","60.46","13.44","52.02","5.07","38.02","0.02","0.04","0.08","5.02","48.33","0.8","26.32","0.21","7.03","53.57"
"K. Cesay","League Two 25-26.","Salford City","RCMF, CF, LCMF","23","0","2026-06-30","23","2148","3","5.58","1","1.45","England","right","189","5.53","5.07","60.33","5.15","29.27","0.17","3.9","2.6","0.13","0.23","0","1.55","32.43","8.108","0.75","38.89","2.89","56.52","8.8","33.33","2.47","2.22","0.5","18.73","70.69","7.37","57.95","1.34","40.63","0.06","0.21","0.21","2.93","61.43","1.38","54.55","0.88","3.31","67.09"
"C. Barrett","League Two 25-26.","Walsall","RWB, RB","23","0","2027-06-30","23","2143","3","1.07","1","0.93","England","right","0","9.11","7.35","67.43","3.23","44.16","0.13","4.81","2.94","0.13","0.05","0","0.59","28.57","21.429","2.44","15.52","3.7","63.64","6.8","48.15","1.43","2.69","0.34","25.91","60.94","13.69","54.6","5.54","39.39","0.04","0.04","0.34","6.47","52.6","2.94","40","0.92","7.31","68.39"
"I. Kanu","League Two 25-26.","Barnet","LWB, RW","26","0","","24","2133","0","1.43","2","3.24","England","right","182","6.79","5.91","70","3.46","30.49","0.04","4.16","5.23","0","0.06","0","1.01","37.5","0","3","36.62","7.51","50","17.09","41.23","3.46","4.14","0.46","28.57","73.71","8.06","57.59","2.91","44.93","0.14","0.08","0.51","3.16","50.67","2.83","53.73","0.89","5.02","70.59"
"S. Gale","League Two 25-26.","Gillingham","RCB, LCB","21","0","2028-06-30","23","2129","1","2.84","1","0.93","England","","0","10.23","7.36","79.31","5.37","61.42","0.34","5.99","0.76","0.04","0.12","0","0.51","25","8.333","0.76","27.78","0.59","64.29","4.02","35.79","1.06","1.06","0.42","28.07","69.88","14.75","57.02","7.57","53.07","0.04","0.04","0.13","5.79","56.93","1.27","46.67","0.47","7.86","65.59"
"L. Southwood","League Two 25-26.","Bristol Rovers","GK","28","500000","2027-06-30","21","2126","0","0","0","0","England","right","185","1.61","0","0","0.17","50","0","2.67","0.04","0","0","0","0","0","0","0","0","0.04","100","0.13","66.67","0","0.04","0","27.77","79.73","19.13","71.46","15.83","66.04","0","0","0","9.02","66.67","0.8","31.58","0.25","11.64","85.82"
"W. Stanway","League Two 25-26.","Barrow","GK","24","0","2026-06-30","22","2109","0","0","0","0","England","right","193","1.83","0.09","100","1.24","86.21","0","2.23","0","0","0","0","0","0","0","0","0","0","0","0.34","87.5","0","0","0","21.34","80","15.19","74.44","11.78","69.57","0","0","0","4.57","66.36","0.26","16.67","0.04","9.6","84.44"
"C. Paterson","League Two 25-26.","Milton Keynes Dons","CF","31","800000","","24","2102","8","5.65","6","2.09","England","right","183","3.47","2.95","50.72","14.43","40.65","0.17","2.61","1.5","0.34","0.24","0.04","1.46","41.18","23.529","1.24","31.03","1.07","48","4.71","27.27","2.95","0.47","0.09","15.11","55.81","5.69","41.35","1.67","38.46","0.09","0","0.34","2.48","51.72","1.58","40.54","0.64","2.57","68.33"
"I. Sinclair","League Two 25-26.","Accrington Stanley","AMF, RCMF","24","0","","23","2094","3","1.82","2","2","England","right","0","6.58","4.08","64.21","6.75","38.85","0.39","5.11","1.46","0.13","0.08","0","1.03","33.33","12.5","1.42","21.21","1.29","63.33","7.01","41.1","1.46","0.77","0.09","21.49","67.8","8.21","57.59","2.19","58.82","0.09","0","0.34","3.05","60.56","1.72","32.5","0.73","3.14","67.12"
"O. Wright","League Two 25-26.","Accrington Stanley","GK","23","0","2026-06-30","21","2091","0","0","0","0","England","","187","0.77","0","0","0.34","100","0","1.11","0","0","0","0","0","0","0","0","0","0.04","0","0.17","50","0","0","0","20.92","77.98","13.9","67.49","12.14","63.12","0","0","0","4.18","59.79","0.13","0","0","8.69","80.2"
"J. Sparkes","League Two 25-26.","Bristol Rovers","LB, LWB","25","400000","2027-06-30","24","2089","1","0.22","0","4.57","England","left","177","6.63","5.04","60.68","2.58","55","0.22","5.41","3.88","0.04","0.01","0","0.47","27.27","9.091","4.83","42.86","2.37","70.91","4.44","59.22","0.73","0.69","0","29.81","66.76","11.59","50.56","6.89","45","0.2","0","0.34","5.73","46.62","4.22","45.92","0.22","8.23","68.59"
"C. Slicker","League Two 25-26.","Barnet","GK","23","300000","2028-06-30","21","2085","0","0","0","0","England","right","191","2.37","0.17","75","0.65","86.67","0","4.03","0","0","0","0","0","0","0","0","0","0.04","0","0.26","66.67","0","0","0","26.63","76.01","20.94","70.1","17.18","65.08","0","0","0.04","9.15","64.15","0.39","44.44","0.17","12.78","84.8"
"G. Kilkenny","League Two 25-26.","Swindon Town","LCMF, RCMF","25","300000","2028-06-30","22","2079","1","0.44","1","0.73","Republic of Ireland","right","175","7.53","6.15","61.97","2.68","37.1","0.09","5.41","1.39","0.04","0.02","0","0.61","28.57","7.143","1","43.48","1.47","52.94","5.84","31.85","0.35","1.17","0.13","41.04","83.44","11.65","70.63","2.9","41.79","0.03","0.04","0.17","5.97","68.84","1.65","42.11","0.22","6.45","65.77"
"L. Gordon","League Two 25-26.","Chesterfield","LB","24","250000","2027-06-30","23","2054","0","0.19","0","1.11","England","left","172","7.67","4.43","70.3","3.37","36.36","0.31","7.37","0.96","0","0.01","0","0.09","50","0","1.58","30.56","0.74","58.82","3.51","45","0.79","2.37","0.22","54.73","87.11","16.69","76.38","4.82","45.45","0.05","0.04","0.13","4.86","71.17","1.58","52.78","0.61","8.68","65.66"
"E. Archer","League Two 25-26.","Cheltenham Town","LWF, LAMF, LWB","23","0","","24","2040","2","1.67","2","2.21","England","","188","8.38","6.84","59.35","2.91","27.27","0.09","5.33","3.97","0.09","0.07","0","1.24","17.86","7.143","3.49","37.97","5.16","47.01","14.47","32.93","1.63","2.65","0.09","27.22","71.31","7.15","53.7","2.12","31.25","0.1","0","0.35","2.29","46.15","2.69","49.18","0.4","4.94","60.71"
"D. Daniels","League Two 25-26.","Oldham Athletic","RCB, CB","32","225000","2027-06-30","21","2027","0","1.62","0","0.11","Montserrat","right","186","7.73","4.26","70.83","7.37","48.8","0.62","7.04","0.53","0","0.07","0","0.27","33.33","0","0.18","50","0.44","80","1.73","51.28","0.58","0.4","0.13","25.26","76.1","14.3","67.7","6.44","52.41","0","0","0.09","5.51","61.29","0.58","30.77","0.22","7.19","70.99"
"C. Dunkley","League Two 25-26.","Chesterfield","RCB, LCB","33","175000","2027-06-30","21","2024","1","1.24","1","0","England","right","188","9.16","5.74","66.67","9.69","68.35","0.58","8.91","0.13","0.04","0.06","0.04","0.49","9.09","9.091","0","0","0.09","100","0.58","61.54","0.58","0.09","0","36.64","82.28","14.58","70.73","5.02","47.79","0","0","0","4.62","62.5","0.04","0","0","6.09","45.26"
"B. Jackson","League Two 25-26.","Barrow","RCB, RWB, LCB","24","500000","2027-06-30","23","2014","1","0.65","0","2.91","England","left","180","7.15","5.14","53.91","3.35","53.33","0.36","5.38","2.46","0.04","0.03","0","0.67","33.33","6.667","3.53","26.58","2.14","60.42","4.25","45.26","0.67","0.94","0","33.96","69.08","15.64","63.14","7.46","45.51","0.13","0.04","0.04","5.72","54.69","2.86","31.25","0.09","9.43","63.03"
"M. Ekpiteta","League Two 25-26.","Milton Keynes Dons","CB, RCB","30","700000","2027-05-31","22","2011","0","0.59","1","0.64","England","right","193","9","5.06","83.19","8.64","64.25","0.45","7.04","0.27","0","0.03","0","0.31","14.29","0","0.09","50","0.27","66.67","1.48","54.55","0.63","0.27","0","33.61","81.76","13.2","68.14","4.61","49.51","0.03","0","0.04","2.46","36.36","0.4","22.22","0.13","5.33","43.7"
"K. Conteh","League Two 25-26.","Bristol Rovers","RCMF, LCMF","23","0","2027-06-30","23","2007","1","0.74","1","0.41","England","right","177","6.91","5.43","71.07","4.8","43.93","0.22","5.09","0.85","0.04","0.03","0","0.9","15","5","0.31","42.86","0.72","81.25","3.27","45.21","0.67","0.85","0.18","31.75","82.91","11.08","72.87","2.33","53.85","0.02","0","0.09","4.93","80.91","0.9","50","0.45","5.02","67.86"
"E. Weir","League Two 25-26.","Walsall","LCB","23","100000","2026-06-30","21","2003","3","0.78","1","4.51","Republic of Ireland","left","185","6.52","3.5","71.79","3.55","51.9","0.36","4.84","2.02","0.13","0.04","0","0.76","41.18","17.647","2.65","32.2","1.17","73.08","2.97","45.45","0.18","2.61","0.18","31.54","68.23","18.42","65.12","8.9","47.47","0.2","0.04","0.36","8.45","55.85","3.5","42.31","0.81","9.75","74.65"
"J. Wilson","League Two 25-26.","Cheltenham Town","LCB","36","75000","2026-06-30","21","2003","0","0.22","0","0.46","Wales","right","189","9.17","4.54","83.17","4.36","57.73","0.54","7.55","0.22","0","0.01","0","0.09","0","0","0.31","57.14","0.09","50","0.54","33.33","0.22","0.76","0.04","37.47","77.46","16.63","59.46","8.04","45.25","0.02","0.04","0.09","7.01","46.79","0.85","26.32","0.27","8.09","60"
"G. McEachran","League Two 25-26.","Grimsby Town","DMF","25","250000","2026-06-30","22","1991","0","0.31","0","0.62","England","left","172","9.63","6.1","67.41","2.89","43.75","0.14","9.88","1.08","0","0.01","0","0.5","27.27","0","0.99","36.36","1.18","42.31","4.16","50","0.86","0.68","0.05","46.15","83.84","16.09","69.38","4.29","45.26","0.03","0.09","0.09","6.55","73.79","2.35","55.77","0.77","6.74","73.15"
"C. Vernam","League Two 25-26.","Grimsby Town","LW","29","150000","2026-06-30","24","1988","6","5.73","5","6.5","England","right","170","3.71","2.63","62.07","2.49","38.18","0","3.94","6.79","0.18","0.26","0","2.81","41.94","9.677","4.16","38.04","5.98","67.42","9.64","53.99","3.58","3.26","0.36","29.7","75.91","7.29","63.98","1.95","48.84","0.29","0","0.91","2.58","66.67","3.98","54.55","1.27","4.93","79.82"
"T. Naylor","League Two 25-26.","Chesterfield","RDMF, RCMF","34","0","2026-06-30","24","1953","3","1.13","0","1.45","England","right","181","7.56","4.24","57.61","4.98","58.33","0.46","7.84","0.65","0.14","0.05","0.14","0.65","28.57","21.429","0.51","18.18","0.37","50","2.9","49.21","1.11","1.01","0","44.88","81.31","16.54","67.41","4.65","48.51","0.07","0.23","0.14","7.83","64.12","1.29","46.43","0.6","7.6","73.94"
"K. Green","League Two 25-26.","Grimsby Town","RCMF","28","125000","2027-06-30","21","1930","5","6.59","2","1.09","England","right","175","7.46","3.82","68.29","8.02","47.09","0.37","8.52","2.52","0.23","0.31","0.05","1.59","41.18","14.706","2.66","35.09","1.59","58.82","6.3","33.33","3.4","1.26","0.23","29.75","63.48","9.7","51.44","2.56","30.91","0.05","0","0.42","3.82","53.66","2.75","55.93","1.26","5.27","69.03"
"P. Mpanzu","League Two 25-26.","Cambridge United","LDMF, LCMF, RCMF","31","1500000","2027-06-30","23","1927","3","1.22","0","0.8","England","right","175","5.74","4.06","70.11","2.9","41.94","0.05","3.86","0.98","0.14","0.06","0","0.79","17.65","17.647","0.7","26.67","1.26","48.15","6.45","34.06","1.63","0.47","0.05","26.62","78.07","9.34","62","1.68","58.33","0.04","0.14","0.09","3.04","70.77","1.26","59.26","0.75","3.6","70.13"
"D. Conroy","League Two 25-26.","Crawley Town","CB","30","175000","2027-06-30","19","1926","0","0.55","0","0.18","England","right","181","8.32","3.64","64.1","3.18","57.35","0.56","9.89","0.51","0","0.03","0","0.47","30","0","0.14","66.67","0.37","62.5","1.59","58.82","0.33","0.47","0.09","53.93","87.61","22.85","77.3","7.24","50.32","0.01","0.09","0.14","6.31","52.59","0.84","33.33","0.23","8.64","68.11"
"R. Stirk","League Two 25-26.","Chesterfield","LDMF, LCMF, RDMF","25","275000","","20","1924","0","0.58","1","0.69","England","left","178","8.19","6.36","62.5","2.99","50","0.14","6.86","0.75","0","0.03","0","0.28","0","0","0.75","56.25","0.37","75","2.62","42.86","0.75","0.61","0","57.63","85.55","19.18","73.17","5.29","47.79","0.03","0.05","0.23","9.54","75.98","1.68","47.22","0.33","9.31","67.84"
"N. Ofoborh","League Two 25-26.","Barnet","LCMF, RCMF","26","200000","2026-06-30","22","1904","3","1.01","2","1.56","England","right","175","7.99","4.73","65","4.35","46.74","0.43","7.78","2.22","0.14","0.05","0","1.65","34.29","8.571","0.8","52.94","2.32","51.02","6.95","39.46","0.8","0.57","0.05","38.43","80.57","13.99","66.89","3.17","49.25","0.07","0.05","0.28","6.29","66.92","2.41","58.82","0.95","6.33","76.87"
"T. Booth","League Two 25-26.","Crewe Alexandra","GK","21","0","2027-06-30","19","1900","0","0","0","0","England","right","190","1.89","0.05","0","0.33","71.43","0","2.9","0.09","0","0","0","0","0","0","0","0","0.14","66.67","0.28","66.67","0","0","0","20.89","79.37","13.22","68.46","8.76","54.05","0","0.05","0","5.26","53.15","0.62","7.69","0.05","6.16","76.92"
"O. Lunt","League Two 25-26.","Crewe Alexandra","AMF, RDMF","21","0","2026-06-30","23","1897","1","1.22","3","1.83","England","right","177","7.92","7.21","60.53","4.03","31.76","0.24","4.96","1.23","0.05","0.06","0","0.76","25","6.25","0.76","50","1.14","54.17","6.17","43.85","1.38","0.38","0.14","20.35","72.49","7.4","57.05","1.42","53.33","0.09","0.05","0.38","2.94","58.06","1.19","48","0.62","3.46","58.9"
"A. Smith","League Two 25-26.","Gillingham","LCB, RCB, CB","24","175000","2028-06-30","20","1897","0","0.68","1","0.55","England","right","188","8.73","5.79","72.95","5.93","54.4","1","6.01","0.14","0","0.03","0","0.24","20","0","0.19","25","0.05","100","0.85","50","0.81","0.43","0.09","19.45","76.59","9.96","67.14","3.04","50","0.03","0","0.09","2.99","65.08","0.28","50","0.38","4.65","61.22"
"C. Norman","League Two 25-26.","Tranmere Rovers","RWB, RCB","30","225000","2026-06-30","24","1895","3","1.48","2","2.66","England","right","188","6.93","3.85","66.67","7.31","55.19","0.24","6.53","3.32","0.14","0.07","0","0.43","33.33","33.333","4.56","45.83","1.76","62.16","3.94","50.6","1.57","1.19","0.19","35.19","65.72","16.77","58.07","8.03","47.93","0.13","0.05","0.66","8.45","51.12","4.04","50.59","0.62","11.02","75.43"
"R. Smallwood","League Two 25-26.","Tranmere Rovers","RCMF, LCMF, DMF","35","125000","2026-06-30","24","1891","0","0.22","1","0.98","England","right","180","8.19","4.76","65","2.9","59.02","0.19","6.95","0.29","0","0.01","0","0.29","0","0","0.86","27.78","0.1","50","1.19","48","0.38","0.19","0","40.79","79.35","16.47","67.34","7.76","53.99","0.05","0.05","0.24","9.42","61.62","1.67","40","0.48","8.47","73.03"
"M. Ifill","League Two 25-26.","Bromley","RB, RWB","22","0","","23","1887","1","0.8","1","1.75","England","left","0","10.92","8.97","65.43","2.67","33.93","0.1","6.56","3.29","0.05","0.04","0","0.57","33.33","8.333","3.43","26.39","3.43","63.89","7.15","50","1.34","1.86","0.38","24.71","54.63","11.11","44.21","6.53","41.61","0.08","0.05","0.19","6.15","41.86","3.77","26.58","0.52","7.06","60.81"
"C. Whitaker","League Two 25-26.","Tranmere Rovers","AMF","22","0","2027-06-30","23","1884","8","5.85","2","2.16","England","right","179","5.21","4.3","63.33","5.25","38.18","0.14","3.66","3.77","0.38","0.28","0","2.53","41.51","15.094","1.24","23.08","4.63","50.52","8.5","41.57","2.39","2.1","0.43","22.79","68.97","8.65","62.43","1.24","61.54","0.1","0.24","0.38","3.63","60.53","2.1","45.45","0.91","3.34","72.86"
"A. Kilgour","League Two 25-26.","Bristol Rovers","LCB, CB, RCB","27","125000","","19","1883","0","2.6","3","1.05","England","right","188","9.46","5.11","71.96","8.13","60","0.76","8.74","0.24","0","0.12","0","0.76","18.75","0","0.19","50","0.1","0","1","33.33","1.05","0.81","0.05","33.89","78.98","15.29","65.31","5.78","44.63","0.05","0","0.05","5.31","46.85","0.96","35","0.38","7.22","63.58"
" Kadeem Harris","League Two 25-26.","Salford City","LWB, LB, LW","32","250000","2026-06-30","19","1878","4","3.43","3","3.3","England","right","174","4.84","4.36","67.03","1.87","41.03","0.1","2.83","5.18","0.19","0.16","0.05","1.68","31.43","11.429","3.79","34.18","5.65","59.32","9.97","45.19","2.49","3.21","0.34","21.23","72.01","4.6","52.08","2.16","37.78","0.16","0.05","0.53","1.63","41.18","2.73","45.61","0.58","3.69","66.23"
"C. Pym","League Two 25-26.","Grimsby Town","GK","30","450000","2027-06-30","19","1875","0","0","0","0","England","right","182","0.77","0.14","0","0.38","62.5","0","1.46","0","0","0","0","0","0","0","0","0","0","0","0","0","0","0","0","25.2","83.81","16.42","77.78","12.19","70.08","0","0","0","5.28","62.73","0.19","0","0","10.22","81.22"
"B. Morris","League Two 25-26.","Harrogate Town","RDMF, RCMF","29","300000","2026-06-30","21","1871","0","0.49","2","0.11","England","right","182","7.5","4.81","54","4.71","46.94","0.34","6.67","0.63","0","0.02","0","0.87","22.22","0","0.58","41.67","1.01","19.05","3.32","21.74","0.29","0.58","0.14","45.79","75","20.11","60.53","8.61","53.63","0.01","0","0.24","10.05","60.29","1.59","45.45","0.58","11.02","66.38"
"I. Heath","League Two 25-26.","Accrington Stanley","LWB, LAMF","21","0","2027-06-30","19","1863","3","4.82","3","2.91","England","right","0","4.2","3.19","66.67","1.45","23.33","0.1","2.7","5.51","0.14","0.23","0","2.13","34.09","6.818","3.53","34.25","6.23","57.36","11.93","40.08","4.64","3.19","0.53","22.71","70.21","4.73","52.04","1.4","27.59","0.14","0.05","0.58","2.08","44.19","2.08","51.16","0.58","3.57","67.57"
"C. Agius","League Two 25-26.","Crewe Alexandra","LAMF, RB","20","0","","22","1856","4","3.78","2","1.56","Wales","unknown","0","5.19","5.19","57.01","3.15","21.54","0.24","3.27","1.55","0.19","0.18","0.05","1.07","50","18.182","0.92","10.53","1.31","62.96","4.95","50","1.84","0.53","0.1","19.01","75","5.38","56.76","2.04","35.71","0.08","0.1","0.29","2.33","50","1.12","26.09","0.39","2.96","62.3"
"J. Kabia","League Two 25-26.","Grimsby Town","CF","25","0","2027-06-30","24","1851","6","8.8","0","0.59","Republic of Ireland","both","175","3.94","3.65","58.67","8.41","17.92","0.05","3.34","1.22","0.24","0.43","0.05","1.75","50","16.667","0.44","22.22","0.92","21.05","6.42","18.94","3.55","0.58","0.19","9.68","69.35","2.19","64.44","0.15","33.33","0.03","0.1","0.29","0.53","72.73","0.58","66.67","0.63","0.92","68.42"
"T. Perry","League Two 25-26.","Shrewsbury Town","RCMF, LCMF","24","400000","2026-06-30","22","1850","0","0.77","0","0.15","England","right","180","8.81","6.52","60.45","1.8","37.84","0.15","6.04","1.12","0","0.04","0","0.97","25","0","0.97","30","0.97","60","3.75","41.56","0.73","0.68","0.24","24.28","70.54","9.68","54.27","4.52","36.56","0.01","0","0.1","4.28","48.86","1.41","41.38","0.39","5.01","58.25"
"T. Iorpenda","League Two 25-26.","Notts County","LCMF, AMF","20","0","2027-06-30","24","1850","2","4.04","3","1.99","England","right","190","8.61","7.83","70.19","4.18","43.02","0.19","4.18","2.53","0.1","0.2","0","1.46","46.67","6.667","1.7","17.14","3.31","45.59","9.92","36.27","2.19","2.04","0.73","26.08","80.6","7.74","70.44","1.56","40.63","0.1","0.19","0.29","2.77","63.16","1.61","42.42","0.73","2.63","72.22"
"N. Tavares","League Two 25-26.","Barnet","CB, LCB","26","0","2028-06-30","20","1836","0","0.06","0","0","South Africa","right","185","7.35","4.31","82.95","7.21","72.11","0.59","6.54","0.05","0","0","0","0.05","0","0","0.05","0","0.1","50","1.91","43.59","0.25","0.1","0","34.07","82.59","13.09","67.79","4.51","41.3","0","0","0","3.97","51.85","0.29","16.67","0.1","5.78","56.78"
"S. Stubbs","League Two 25-26.","Shrewsbury Town","CB, RCB","27","250000","2027-06-30","19","1826","0","0.36","1","0.34","England","right","183","9.91","4.24","79.07","7.44","56.95","0.64","8.33","0.44","0","0.02","0","0.2","25","0","0.49","40","0.35","57.14","2.42","44.9","0.54","0.25","0.05","29.33","72.94","14.44","60.75","5.52","40.18","0.02","0","0.05","4.39","46.07","0.99","25","0.15","6.65","56.3"
"F. Cavegn","League Two 25-26.","Bristol Rovers","CF","23","0","2028-06-30","23","1815","7","5.04","0","0.57","Switzerland","","178","3.02","3.32","67.16","2.28","15.22","0","1.26","1.44","0.35","0.25","0","1.39","46.43","25","0.79","6.25","2.03","36.59","7.64","24.68","2.58","0.94","0.1","8.48","70.76","1.39","60.71","0.1","50","0.03","0","0.15","0.5","70","0.64","30.77","0.35","0.55","63.64"
"E. Bonds","League Two 25-26.","Fleetwood Town","LCMF, RCMF","25","275000","2027-06-30","21","1814","2","1.13","3","2.1","England","right","179","10.62","8.19","76.36","2.88","46.55","0.6","5.5","1.24","0.1","0.06","0","0.55","18.18","18.182","0.64","46.15","1.74","42.86","8.34","29.17","0.45","0.45","0.15","27.39","77.17","10.02","58.42","2.78","41.07","0.1","0.1","0.4","4.96","60","1.39","46.43","0.45","5.41","66.97"
"J. Murphy","League Two 25-26.","Tranmere Rovers","GK","44","25000","2026-06-30","18","1809","0","0","0","0","Republic of Ireland","left","188","1.99","0","0","0.55","81.82","0","3.25","0","0","0","0","0","0","0","0","0","0","0","0.05","100","0","0","0","25.47","85.35","17.21","80.35","13.93","75.71","0","0","0","5.42","72.48","0.25","40","0.1","11.54","87.5"
"S. Kaikai","League Two 25-26.","Cambridge United","LAMF, AMF, RW","30","250000","2027-06-30","22","1801","3","3.01","2","4.28","Sierra Leone","right","182","4.75","4.05","55.56","2.05","24.39","0.05","3.66","2.65","0.15","0.15","0.05","1.95","20.51","7.692","2.05","19.51","4","45","9.59","36.46","3","1.95","0.2","21.64","69.28","6.2","59.68","1.5","36.67","0.21","0.05","0.5","1.7","76.47","1.8","50","0.7","2.95","49.15"
"L. Hoole","League Two 25-26.","Shrewsbury Town","RCB, RWB, RB","23","200000","2026-06-30","22","1799","1","0.89","0","0.05","England","right","178","9.36","7.05","61.7","6.05","61.98","0.4","6.31","1.2","0.05","0.04","0","0.4","50","12.5","1.05","33.33","1.05","61.9","2.7","44.44","1.05","1.2","0.1","26.36","70.59","13.71","61.68","5.15","46.6","0","0","0.15","5.5","54.55","1.1","31.82","0.3","7.05","62.41"
"T. Anderson","League Two 25-26.","Shrewsbury Town","CB, RCB","32","175000","2027-06-30","19","1798","1","0.44","0","0.1","England","right","193","8.91","4.96","64.65","6.81","68.38","0.3","7.79","0.25","0.05","0.02","0","0.35","42.86","14.286","0.05","0","0.1","100","0.65","38.46","0.75","0.15","0","32.09","71.92","17.72","60.17","7.81","47.44","0","0","0.05","5.56","48.65","0.65","23.08","0.25","8.56","57.31"
"L. Bonis","League Two 25-26.","Chesterfield","CF","26","300000","2026-06-30","25","1795","7","7.96","1","1.11","Northern Ireland","right","186","3.71","3.31","45.45","11.08","33.03","0.25","3.55","1.25","0.35","0.4","0.05","1.91","55.26","18.421","0.15","0","0.5","40","4.91","16.33","3.16","0.45","0.05","10.23","74.02","2.11","57.14","0.2","25","0.06","0","0.2","0.95","52.63","0.55","45.45","0.5","0.4","100"
"J. Marquis","League Two 25-26.","Shrewsbury Town","CF, AMF","33","150000","2026-06-30","23","1792","3","3.44","0","0.46","England","right","185","2.56","2.56","41.18","6.48","31.78","0.05","2.12","1.16","0.15","0.17","0.1","1.1","36.36","13.636","0.55","36.36","1.05","47.62","6.58","28.24","2.21","0.6","0.2","17.38","71.97","3.77","46.67","0.95","52.63","0.02","0.05","0.15","1.96","48.72","1.05","38.1","0.4","1.36","74.07"
"A. Jude-boyd","League Two 25-26.","Cheltenham Town","RB, RWB","22","0","","21","1783","0","0.31","1","0.64","England","unknown","0","7.87","6.81","62.22","4.95","50","0.3","4.63","2.47","0","0.02","0","0.56","27.27","0","3.03","30","2.78","50.91","6.26","38.71","0.81","2.02","0.15","34.68","69.14","14.99","61.62","6.51","42.64","0.03","0","0.1","5.91","53.85","2.98","32.2","0.2","8.28","68.9"
"D. Udoh","League Two 25-26.","Salford City","CF","29","300000","2027-06-30","18","1780","7","8.8","5","1.92","Nigeria","right","183","3.13","2.88","63.16","11.68","25.54","0.1","1.99","2.12","0.3","0.44","0.05","2.07","46.34","17.073","0.51","20","1.67","63.64","10.52","20.67","3.69","1.06","0.15","13.3","73","3.19","58.73","0.15","66.67","0.1","0.05","0.46","1.42","57.14","0.76","46.67","1.06","1.11","77.27"
"H. Araujo","League Two 25-26.","Colchester United","LCB","21","0","2027-06-30","18","1775","0","0.04","1","0.3","England","left","182","7.1","3.9","87.01","6.49","52.34","0.51","5.43","0.46","0","0","0","0.15","33.33","0","0.25","40","0.41","75","1.72","58.82","0.1","0.71","0","42.34","81.44","19.93","69.21","9.13","49.44","0.02","0","0.05","7.1","63.57","0.91","27.78","0.2","10.29","67.98"
"M. Demetriou","League Two 25-26.","Crewe Alexandra","LCB","35","75000","2026-06-30","18","1773","1","1.09","1","0.86","England","left","188","8.07","3.6","69.01","10.15","62.5","0.86","8.34","1.02","0.05","0.06","0.05","0.61","41.67","8.333","0.81","62.5","0.41","50","1.02","60","0.76","1.78","0.05","43.81","76.25","24.72","66.12","9.09","46.37","0.04","0.05","0.3","8.48","51.5","1.83","50","0.56","11.02","69.59"
"S. Braybrooke","League Two 25-26.","Chesterfield","LCMF, LDMF, DMF","21","200000","2027-06-30","18","1769","2","0.67","1","1.87","England","right","184","8.29","6.26","69.11","1.73","50","0.25","5.41","1.48","0.1","0.03","0","0.76","26.67","13.333","0.66","23.08","1.68","66.67","5.55","53.21","0.36","2.29","0.86","43.96","83.91","13.74","71.48","4.43","52.87","0.1","0","0.2","7.73","64.47","1.73","41.18","0.66","7.48","77.55"
"A. Nemane","League Two 25-26.","Milton Keynes Dons","RWB, LB","28","250000","","24","1757","3","0.75","2","1.37","France","right","170","7.63","6.3","52.85","3.89","32.89","0.31","5.37","2.97","0.15","0.04","0","0.51","50","30","1.79","45.71","3.38","56.06","6.25","46.72","1.13","1.79","0.36","25.3","67","11.01","47.91","5.33","40.38","0.07","0","0.56","4.25","44.58","2.71","49.06","0.87","6.71","64.12"
"E. Bishop","League Two 25-26.","Colchester United","LDMF, RDMF, LCMF","29","250000","2026-06-30","22","1751","0","1.06","0","1.32","England","right","178","7.5","5.55","72.22","1.7","33.33","0.15","4.8","1.7","0","0.05","0","0.93","27.78","0","0.93","50","1.28","72","6.32","56.91","1.23","1.34","0.15","44.82","85.67","12.85","68.4","3.24","47.62","0.07","0.15","0.1","6.07","72.03","1.44","50","0.51","5.76","78.57"
"J. Brophy","League Two 25-26.","Cambridge United","RAMF, RW","31","400000","2026-06-30","23","1745","3","2.09","4","4.73","England","left","180","5.36","5","53.61","2.63","37.25","0.15","3.72","3.04","0.15","0.11","0","1.08","38.1","14.286","2.58","44","3.3","42.19","7.38","30.77","2.22","1.44","0.1","30.43","75.76","9.64","64.71","3.09","48.33","0.24","0.21","0.77","2.99","58.62","3.92","56.58","1.55","5.83","80.53"
"H. Anderson","League Two 25-26.","Colchester United","LAMF, LW, RAMF","29","225000","2026-06-30","19","1743","7","4.72","4","2.14","England","right","179","6.97","6.45","61.6","4.7","41.76","0.15","4.01","1.96","0.36","0.24","0","1.29","44","28","1.03","35","1.96","50","6.87","35.34","2.74","1.14","0.21","18.69","73.48","5.63","58.72","1.5","34.48","0.11","0.05","0.31","2.63","58.82","1.39","66.67","0.88","3.72","72.22"
"O. Patrick","League Two 25-26.","Tranmere Rovers","LWB, AMF, LAMF","29","150000","2026-06-30","18","1741","6","4.28","3","3.46","England","right","185","6.2","5.22","58.42","3.31","39.06","0.21","4.64","4.29","0.31","0.22","0","2.48","35.42","12.5","1.91","40.54","5.27","50","11.48","30.18","2.48","2.48","0.52","27.97","70.79","8.94","61.27","2.58","54","0.18","0.16","0.36","2.64","64.71","2.58","48","0.52","6.51","65.87"
"T. Nichols","League Two 25-26.","Swindon Town","RCMF, DMF","32","200000","2027-06-30","22","1734","1","0.45","0","0.32","England","right","178","10.8","8.41","62.35","3.27","52.38","0.21","7.28","0.93","0.05","0.02","0","0.31","50","16.667","0.47","22.22","1.04","65","4.72","50.55","0.73","0.47","0.05","34.67","78.29","13.49","63.08","3.69","45.07","0.02","0.05","0","5.5","63.21","1.25","29.17","0.57","6.7","62.02"
"N. Tsaroulla","League Two 25-26.","Notts County","RWB, LWB","26","250000","2026-06-30","22","1729","2","1.43","3","2.57","England","left","173","6.82","6.04","64.66","2.65","37.25","0.05","3.99","2.81","0.1","0.07","0","0.99","21.05","10.526","2.81","33.33","2.81","57.41","8.43","37.65","1.72","2.24","0.21","37.58","74.79","12.6","59.09","3.59","34.78","0.13","0.1","0.47","5.36","54.37","3.38","47.69","0.78","7.03","71.85"
"I. Kabia","League Two 25-26.","Shrewsbury Town","RWB, AMF, CF","20","0","2026-05-31","19","1719","1","2.38","1","2.44","Netherlands","","0","5.86","4.92","64.89","2.04","12.82","0.05","3.22","4.14","0.05","0.12","0","0.94","27.78","5.556","2.98","31.58","4.61","61.36","10.94","41.15","2.51","2.62","0.52","19.69","65.96","6.23","53.78","2.09","22.5","0.13","0.1","0.63","2.62","52","2.72","51.92","0.94","3.72","69.01"
"R. Graydon","League Two 25-26.","Fleetwood Town","CF","26","150000","2026-06-30","24","1716","8","6.77","3","1.89","Republic of Ireland","right","188","3.57","2.94","57.14","8.92","45.29","0.1","2.73","2.41","0.42","0.36","0.16","2.15","39.02","19.512","1.47","42.86","2.2","42.86","7.97","25.66","3.46","1","0.42","14.16","68.89","3.41","44.62","0.63","41.67","0.1","0","0.52","1.15","36.36","1.73","57.58","0.79","1.84","68.57"
"J. Grant","League Two 25-26.","Salford City","DMF, LCMF, RCMF","31","400000","2027-06-30","21","1714","1","0.93","2","1.76","England","right","175","9.08","5.2","66.67","2.15","39.02","0.26","8.76","0.95","0.05","0.05","0","0.95","22.22","5.556","0.47","33.33","0.74","57.14","4.04","51.95","0.68","0.95","0.16","37.7","80.08","14.28","65.81","5.83","53.15","0.09","0.26","0.21","7.46","61.27","1.68","56.25","0.74","6.09","76.72"
"T. Pett","League Two 25-26.","Oldham Athletic","RW, RAMF, AMF","34","100000","2027-06-30","18","1708","1","1.62","0","3","England","right","173","7.01","4.9","54.84","2.85","33.33","0.16","6.15","1.69","0.05","0.09","0","1.37","26.92","3.846","1.63","54.84","0.79","53.33","4.58","35.63","1","0.53","0.11","33.04","74.32","12.7","58.09","5.85","43.24","0.16","0","0.42","5.53","53.33","2.37","60","0.69","6.17","70.09"
"W. Wright","League Two 25-26.","Swindon Town","RCB","28","275000","","19","1690","1","1.15","1","0.92","England","right","191","8.09","4.15","69.23","4.74","52.81","0.43","7.58","0.96","0","0.06","0","0.59","54.55","9.091","1.92","27.78","0.32","33.33","1.01","26.32","0.37","0.85","0","46.97","78.34","22.53","70.69","9.43","44.63","0.05","0","0.05","10.33","62.37","2.93","43.64","0.69","11.13","74.16"
"I. Hutchinson","League Two 25-26.","Cheltenham Town","LCMF, AMF","25","500000","2027-06-30","23","1689","6","5.89","2","0.8","England","right","178","6.13","6.23","54.7","3.57","37.31","0.05","3.28","2.29","0.27","0.31","0","2.88","31.48","11.111","1.12","28.57","2.24","47.62","7.46","32.14","1.65","1.49","0.16","32.72","83.55","8.79","69.09","2.02","65.79","0.04","0.16","0.21","4.16","73.08","1.97","48.65","0.48","4.05","80.26"
"M. Helm","League Two 25-26.","Fleetwood Town","AMF, LCMF, RCMF","24","325000","2027-06-30","24","1688","1","1.73","1","0.73","England","right","173","6.13","4.59","63.95","3.2","46.67","0.27","4.27","2.61","0.05","0.09","0","1.17","40.91","4.545","1.76","36.36","2.4","62.22","6.72","46.83","2.08","1.49","0.11","28.2","77.32","8.8","62.42","3.2","45","0.04","0.11","0.32","3.36","58.73","2.4","51.11","0.85","4.05","68.42"
"C. Antwi","League Two 25-26.","Newport County","RCMF, AMF","24","50000","2026-06-30","23","1682","2","3.34","0","0.56","England","right","177","5.19","4.01","69.33","3.48","33.85","0.21","3.1","0.7","0.11","0.18","0","0.91","35.29","11.765","0.59","18.18","0.43","62.5","4.66","33.33","1.23","0.32","0","21.51","78.61","6.1","61.4","1.66","35.48","0.03","0","0.11","2.84","54.72","0.7","46.15","0.43","3","66.07"
"O. Turton","League Two 25-26.","Salford City","RCB","33","500000","","21","1682","0","1.45","0","0.58","England","right","180","7.6","5.89","69.09","4.49","40.48","0.27","5.26","0.59","0","0.08","0","0.37","28.57","0","0.91","23.53","0.27","100","1.23","34.78","1.07","0.8","0.05","32.48","73.64","17.66","64.55","7.22","47.41","0.03","0","0.11","8.72","63.8","1.39","42.31","0.59","9.15","72.51"
"D. Oldaker","League Two 25-26.","Swindon Town","LCMF, LW","27","0","2026-06-30","24","1681","1","1.44","4","1.2","England","right","176","4.44","3.37","58.73","2.03","31.58","0","3.22","1.55","0.05","0.08","0","1.39","19.23","3.846","0.54","40","1.98","45.95","6.21","45.69","0.96","0.91","0","28.54","79.55","9.21","66.86","2.84","45.28","0.06","0.27","0.37","4.71","64.77","1.45","59.26","0.75","4.44","77.11"
"D. Kanu","League Two 25-26.","Walsall","CF","21","0","2027-06-30","20","1676","10","7.78","0","0.17","Sierra Leone","right","180","2.68","2.15","60","2.15","30","0.16","1.83","2.95","0.54","0.42","0","2.26","64.29","23.81","1.13","19.05","2.04","63.16","9.67","27.22","3.54","1.56","0.32","6.44","65.83","0.81","66.67","0.21","25","0.01","0.05","0.05","0.59","45.45","0.48","55.56","0.16","0.7","69.23"
"M. Clark","League Two 25-26.","Gillingham","LB, LWB","29","175000","2026-06-30","19","1675","3","2.18","2","2.87","England","left","179","10.75","7.63","67.61","4.19","47.44","0.38","8.04","2.15","0.11","0.12","0.05","0.75","35.71","21.429","3.33","40.32","0.54","90","2.2","41.46","0.7","0.7","0","30.95","61.28","16.98","53.48","11.12","41.55","0.15","0.05","0.32","8.81","43.9","4.78","43.82","1.02","10.91","72.41"
"J. Sanders","League Two 25-26.","Milton Keynes Dons","LCB, RCB","26","175000","2026-05-31","17","1657","2","2.05","0","0.24","England","right","193","12.49","6.14","77.88","13.14","57.02","0.76","10.56","0.43","0.11","0.11","0.05","0.81","33.33","13.333","0.16","33.33","0.16","66.67","1.41","57.69","1.36","0.38","0.05","39.22","81.02","16.89","64.63","5.16","40","0.01","0","0.05","3.58","63.64","0.43","37.5","0.16","7.17","55.3"
"M. Shelton","League Two 25-26.","Barnet","RCMF, AMF","29","0","2026-06-30","21","1650","5","6.6","3","1.93","England","right","178","9.33","7.69","67.38","5.35","51.02","0.27","6.73","1.53","0.11","0.36","0.05","1.69","35.48","16.129","1.09","35","0.82","60","3.82","40","2.18","0.6","0.11","29.84","76.23","11.4","63.16","3.05","41.07","0.11","0.16","0.38","4.91","66.67","2.02","56.76","0.93","5.51","76.24"
"A. Jatta","League Two 25-26.","Notts County","CF","26","325000","2027-06-30","19","1639","8","6.48","1","1.37","Gambia","right","192","3.62","2.31","71.43","8.9","30.86","0.22","2.97","1.48","0.44","0.36","0.05","1.54","64.29","28.571","0.22","25","0.66","66.67","6.15","19.64","2.86","0.77","0.11","12.08","76.82","2.31","54.76","0.33","0","0.08","0","0.22","1.04","57.89","0.38","71.43","0.71","1.37","44"
"H. McKirdy","League Two 25-26.","Crawley Town","CF, AMF, RWB","28","20000","2026-06-30","20","1636","5","8.19","3","2","England","right","175","2.48","2.97","55.56","1.71","9.68","0.11","1.5","2.92","0.17","0.45","0","2.97","40.74","9.259","1.38","40","2.04","56.76","6.33","31.3","3.3","0.94","0.28","10.84","64.97","3.14","47.37","0.88","31.25","0.11","0","0.28","1.21","36.36","1.32","45.83","0.39","1.49","59.26"
"W. Hondermarck","League Two 25-26.","Bromley","RCMF, LCMF","25","200000","","22","1633","3","1.7","2","0.84","France","right","185","7.83","6.39","64.66","4.68","40","0.17","4.07","0.77","0.17","0.09","0","0.77","42.86","21.429","0.5","33.33","1.05","26.32","5.73","28.85","0.88","1.21","0.28","18.96","68.02","7.16","51.54","2.15","35.9","0.05","0","0.17","3.2","44.83","1.21","40.91","0.33","3.14","57.89"
"E. Coleman","League Two 25-26.","Gillingham","DMF, RCMF, RDMF","25","225000","","22","1621","0","1.2","1","0.01","England","right","188","10.55","7.44","64.18","6.33","54.39","0.44","7.84","0.28","0","0.07","0","0.72","23.08","0","0.17","0","0.28","40","3.39","49.18","0.89","0.06","0","24.71","74.83","10.16","56.83","3.89","48.57","0","0","0.17","4.11","64.86","0.78","35.71","0.44","5.27","56.84"
"A. Drinan","League Two 25-26.","Swindon Town","CF, AMF, RW","27","175000","2027-06-30","18","1609","12","7.72","1","1.1","Republic of Ireland","right","182","3.47","2.85","64.71","6.49","33.62","0.11","2.49","2.85","0.67","0.43","0.17","2.41","58.14","27.907","1.29","30.43","2.01","50","6.66","27.73","3.64","1.01","0.34","18.79","69.35","4.14","56.76","0.73","23.08","0.06","0.06","0.22","1.4","56","1.29","43.48","0.5","1.79","34.38"
"H. Davies","League Two 25-26.","Crawley Town","GK","22","500000","2026-05-31","16","1609","0","0","0","0","England","right","190","2.46","0.11","50","0.62","90.91","0","4.23","0.06","0","0","0","0","0","0","0","0","0.06","100","0.28","100","0","0.11","0","33.39","81.91","21.03","72.61","14.82","61.89","0","0","0","6.54","59.83","0.5","11.11","0.06","10.8","82.38"
"C. Lakin","League Two 25-26.","Walsall","LCMF, DMF","26","100000","2026-06-30","22","1603","1","2.27","1","1.17","England","left","183","7.97","5.45","59.79","1.74","32.26","0.28","5.86","1.46","0.06","0.13","0","1.4","24","4","1.63","37.93","0.95","52.94","3.99","39.44","1.4","0.62","0.22","25.55","65.27","10.39","47.03","4.38","19.23","0.07","0.06","0.28","5.39","44.79","1.97","48.57","0.45","4.94","63.64"
"D. Love","League Two 25-26.","Accrington Stanley","RWB, RCB","31","175000","2026-06-30","19","1593","0","0.82","2","1.17","Scotland","right","178","8.08","4.86","60.47","3.11","32.73","0.17","7","0.79","0","0.05","0","0.45","25","0","2.2","25.64","0.23","50","1.3","43.48","0.34","0.9","0.06","35.31","68.96","16.55","57.68","7.4","38.93","0.07","0","0.28","7.97","53.19","2.99","32.08","0.51","9.1","73.29"
"W. Brook","League Two 25-26.","Shrewsbury Town","GK","22","0","2028-06-30","16","1591","0","0","0","0","England","right","190","1.75","0.17","33.33","0.62","100","0","2.28","0.06","0","0","0","0","0","0","0","0","0.06","100","0.23","50","0","0","0","21.38","73.28","16.29","65.97","13.86","61.22","0","0","0","4.98","54.55","0.34","16.67","0.06","9.79","84.97"
"E. Khouri","League Two 25-26.","Grimsby Town","LCMF","22","100000","2026-06-30","23","1583","4","3.12","2","1.39","England","left","179","5.06","3.35","71.19","2.39","23.81","0.17","4.32","1.02","0.23","0.18","0","1.14","25","20","1.08","31.58","0.63","54.55","4.55","37.5","2.44","0.51","0","26.44","76.56","9.49","61.08","1.88","48.48","0.08","0.11","0.28","3.41","56.67","1.54","59.26","0.8","4.43","71.79"
"C. Stead","League Two 25-26.","Barnet","AMF, CF","26","0","2026-06-30","21","1581","4","4.49","0","0.41","England","","0","6.66","5.12","71.11","7.17","26.19","0.06","4.8","1.42","0.23","0.26","0","1.42","48","16","0.57","10","1.59","42.86","6.26","23.64","3.13","0.85","0.11","19.24","74.26","4.21","51.35","0.97","47.06","0.02","0","0.06","1.48","61.54","0.8","50","0.68","2.05","55.56"
"M. Dennis","League Two 25-26.","Notts County","CF, AMF","23","125000","2028-06-30","23","1581","10","7.37","1","1.74","England","right","186","2.79","2.73","50","6.26","15.45","0.06","2.1","2.79","0.51","0.42","0.11","2.05","61.11","27.778","0.28","20","2.56","55.56","9.51","35.33","2.5","1.2","0.46","12.69","82.06","2.11","64.86","0","0","0.1","0.06","0.17","0.8","71.43","0.46","50","0.28","0.8","71.43"
"B. Kamwa","League Two 25-26.","Newport County","LW, RAMF, LAMF","25","0","2026-06-30","23","1579","0","2.9","1","2.67","Cameroon","right","183","3.53","3.42","61.67","1.99","17.14","0","2.03","4.9","0","0.17","0","1.65","27.59","0","3.82","34.33","5.19","59.34","11.8","37.68","3.08","3.76","0.57","24.05","72.51","5.93","66.35","0.97","58.82","0.15","0.11","0.63","1.65","65.52","3.48","55.74","1.25","4.33","75"
"J. McEachran","League Two 25-26.","Bristol Rovers","DMF, LCMF, LDMF","32","225000","2027-06-30","19","1575","1","0.18","1","0.49","England","left","178","8.29","5.09","66.29","1.6","57.14","0.34","7.79","0.74","0.06","0.01","0","0.23","25","25","0.57","50","0.51","77.78","1.94","47.06","0.29","0.51","0","40.11","83.19","14.4","69.05","6.29","53.64","0.03","0","0.17","6.69","67.52","1.54","51.85","0.46","7.03","72.36"
"K. Vincent-Young","League Two 25-26.","Colchester United","RB","29","175000","2026-06-30","20","1563","0","0.23","0","0.34","England","right","180","7.14","5.18","68.89","2.48","44.19","0.35","5.2","1.27","0","0.01","0","0.29","20","0","1.5","26.92","1.5","53.85","3.8","46.97","0.52","1.21","0.12","31.15","77.45","11.86","63.11","2.82","34.69","0.02","0","0.12","4.03","60","1.73","36.67","0.12","6.51","62.83"
"D. Elerewe","League Two 25-26.","Bromley","LCB, RCB","22","0","2026-06-30","18","1562","2","3.08","3","0.47","England","right","189","8.35","4.84","76.19","8.64","70","0.58","6.48","0.58","0.12","0.18","0.06","0.86","33.33","13.333","0.29","60","0.23","50","1.73","46.67","1.38","0.52","0.06","22.24","65.28","12.16","51.66","5.3","41.3","0.03","0","0.17","4.78","54.22","0.86","20","0.17","6.28","54.13"
"J. March","League Two 25-26.","Crewe Alexandra","CF, LAMF","28","100000","2027-06-30","19","1557","6","8.68","4","2.13","England","right","175","4.45","3.7","60.94","9.65","34.13","0.06","2.63","2.95","0.29","0.5","0.06","2.43","42.86","14.286","2.31","25","2.49","53.49","8.73","39.07","5.2","0.64","0.12","14.51","62.95","4.05","67.14","0.92","43.75","0.12","0","0.58","1.27","45.45","1.62","46.43","0.98","1.97","61.76"
"L. Macari","League Two 25-26.","Notts County","RCB","23","225000","2027-06-30","16","1555","0","0.42","0","0.67","England","right","183","7.7","5.38","64.52","4.8","59.04","0.46","5.97","0.58","0","0.02","0","0.35","0","0","1.39","37.5","0.17","33.33","0.81","42.86","1.16","0.58","0","48.56","80.93","23.85","72.09","6.02","42.31","0.04","0","0.23","6.31","64.22","1.33","34.78","0.29","8.97","61.29"
"B. Purrington","League Two 25-26.","Cambridge United","LB","29","400000","2026-06-30","20","1554","0","0.43","0","0.58","England","left","184","9.15","5.97","73.79","6.14","50","0.12","6.39","0.98","0","0.03","0","0.29","20","0","2.26","20.51","0.58","80","2.03","48.57","0.87","0.23","0","34.46","68.91","17.49","57.95","6.25","39.81","0.03","0","0.06","7.99","46.38","2.32","22.5","0.29","7.82","69.63"
"J. Thomas","League Two 25-26.","Cheltenham Town","RWF, RW, LWB","24","0","","19","1542","2","2.63","3","2.89","England","unknown","0","9.4","7.7","59.09","5.6","37.5","0.23","6.37","4.32","0.12","0.15","0","1.28","18.18","9.091","2.8","29.17","6.19","51.89","14.82","36.61","2.68","2.92","0.06","24.16","67.15","6.42","58.18","3.33","43.86","0.17","0.06","0.41","2.45","54.76","2.16","35.14","0.76","4.26","67.12"
"C. Whitely","League Two 25-26.","Bromley","RW, LCMF, RAMF","34","0","2026-06-30","21","1536","0","1.04","2","1.84","England","right","177","6.97","4.63","68.35","4.45","38.16","0","4.86","1.23","0","0.06","0","1.05","27.78","0","1.99","29.41","0.88","40","3.87","25.76","0.82","1","0.06","23.09","66.5","7.56","53.49","2.99","33.33","0.11","0","0.41","3.69","52.38","2.64","42.22","0.64","4.51","62.34"
"L. Bennett","League Two 25-26.","Cambridge United","RB, RWB","24","450000","2027-06-30","19","1533","0","0.86","0","1.22","England","right","171","9.8","7.1","68.6","6.28","48.6","0.29","6.8","2.76","0","0.05","0","0.35","16.67","0","3.11","26.42","2.64","71.11","5.81","49.49","0.7","1.17","0.23","27.36","65.24","12.8","55.5","5.58","37.89","0.07","0","0.23","5.93","51.49","3.52","41.67","0.7","7.63","71.54"
"E. Newby","League Two 25-26.","Barrow","LWB, LB","30","200000","2027-06-30","23","1533","1","1.11","1","2.32","England","right","177","5.46","4.58","62.82","3.23","32.73","0.06","3.05","4.93","0.06","0.07","0","0.7","33.33","8.333","4.87","31.33","4.52","70.13","8.22","51.43","1.47","2.82","0.18","27.59","68.3","7.98","58.09","2.47","35.71","0.14","0","0.35","2.47","45.24","4.11","42.86","0.41","4.7","61.25"
"J. Bolton","League Two 25-26.","Fleetwood Town","CB, RCB","31","250000","2026-06-30","16","1531","2","1.46","0","0","England","right","183","11.4","5.7","73.2","9.41","64.38","0.94","9.71","0.29","0.12","0.09","0","0.65","18.18","18.182","0.12","50","0.12","100","0.59","40","1","0.18","0","34.98","81.34","14.4","68.16","5.76","58.16","0","0","0","4.88","61.45","0.53","44.44","0.29","7.47","55.12"
"M. Palmer","League Two 25-26.","Notts County","RCMF, LCMF, DMF","30","175000","2027-06-30","16","1526","0","0.09","2","2.18","England","right","179","7.31","5.13","67.82","2.48","61.9","0.18","6.29","0.53","0","0.01","0","0.24","25","0","0.77","30.77","0.35","66.67","3.07","38.46","0.65","1.36","0","60.57","91.53","17.63","81.27","2.65","48.89","0.13","0","0.18","6.55","83.78","1.06","50","0.35","6.02","77.45"
"J. Bickerstaff","League Two 25-26.","Cheltenham Town","CF","24","125000","2026-06-30","24","1524","2","3.67","0","0.57","England","right","188","3.19","3.25","63.64","5.2","14.77","0.06","1.57","0.83","0.12","0.22","0","0.94","37.5","12.5","0.41","28.57","1.24","28.57","11.4","15.54","2.78","0.65","0.06","10.81","78.69","2.36","57.5","0.3","20","0.03","0","0.18","1.06","77.78","0.24","75","0.41","0.89","80"
"L. Thomas","League Two 25-26.","Bristol Rovers","LWF, AMF, RW","26","500000","2026-06-30","22","1520","2","1.82","0","1.87","England","left","171","7.05","6.51","70","2.13","19.44","0.12","4.32","2.19","0.12","0.11","0","0.77","30.77","15.385","2.84","22.92","2.31","53.85","6.63","31.25","2.01","0.95","0.06","25.46","66.51","7.93","47.76","2.78","42.55","0.11","0.24","0.47","3.61","52.46","4.2","38.03","1.24","4.44","66.67"
"A. Mayor","League Two 25-26.","Cambridge United","LAMF, LW, LB","20","0","2027-06-30","17","1512","2","0.65","1","2.6","England","left","178","6.31","5.3","64.04","2.38","50","0.06","4.02","4.29","0.12","0.04","0","0.65","45.45","18.182","4.94","26.51","3.33","78.57","6.61","52.25","1.37","1.61","0.36","27.08","61.76","10.06","50.89","3.75","30.16","0.15","0.06","0.24","4.23","54.93","4.05","36.76","0.65","6.61","63.06"
"M. Baker","League Two 25-26.","Newport County","LCB, CB","22","0","2026-06-30","16","1498","1","0.64","1","0.3","England","right","186","9.55","5.83","75.26","7.81","45.38","0.84","6.58","0.06","0.06","0.04","0","0.12","50","50","0","0","0","0","0.96","43.75","0.72","0.54","0","42.84","84.71","15.92","65.66","5.53","51.09","0.02","0","0","3.24","57.41","0.3","0","0.06","6.55","55.05"
"J. Gordon","League Two 25-26.","Barrow","CF, AMF","31","125000","2026-06-30","17","1498","4","4.85","0","0.07","England","right","178","6.07","5.65","64.89","8.47","31.21","0","2.58","2.04","0.24","0.29","0.06","2.28","39.47","10.526","1.02","5.88","1.68","64.29","9.67","24.84","3.06","0.6","0","15.56","63.32","3.72","45.16","1.02","29.41","0","0.12","0","2.1","42.86","1.02","11.76","0.3","1.44","62.5"
"L. Mandeville","League Two 25-26.","Chesterfield","RAMF, AMF","28","0","2026-06-30","25","1498","3","1.32","6","2.74","England","right","180","6.19","4.39","71.23","2.52","30.95","0.12","4.5","2.1","0.18","0.08","0","0.78","46.15","23.077","2.46","29.27","1.44","66.67","7.09","35.59","1.56","0.96","0","44.34","81.17","10.27","56.73","4.75","53.16","0.16","0.18","0.3","5.29","53.41","2.94","42.86","0.6","5.95","66.67"
"A. Pressley","League Two 25-26.","Walsall","CF","24","175000","2028-06-30","20","1498","4","4.16","0","0.53","Scotland","right","194","2.94","2.04","61.76","15.5","38.37","0.18","2.02","1.2","0.24","0.25","0.12","1.44","41.67","16.667","0.6","20","1.02","47.06","7.75","22.48","2.64","0.78","0.3","12.5","66.83","4.03","47.76","0.24","25","0.03","0","0.18","1.2","45","1.14","21.05","0.36","1.68","53.57"
"K. Lisbie","League Two 25-26.","Colchester United","RAMF, RW, CF","22","0","2027-06-30","24","1496","9","8.38","3","2.32","England","right","180","6.68","5.47","60.44","1.99","24.24","0.36","5.19","3.85","0.54","0.5","0.06","2.11","51.43","25.714","2.95","28.57","3.67","52.46","10.23","36.47","5.11","2.11","0.42","13.66","59.47","3.19","39.62","0.9","46.67","0.14","0","0.54","1.08","33.33","1.38","47.83","0.6","2.35","58.97"
"R. Hunt","League Two 25-26.","Colchester United","RB, LB","30","200000","2026-06-30","20","1496","0","0.3","0","0.44","England","right","171","5.47","4.33","62.5","3.07","43.14","0.6","4.35","0.54","0","0.02","0","0.42","14.29","0","0.72","25","0.48","62.5","1.86","51.61","0.54","0.6","0.12","33.69","80.18","14.32","68.49","4.21","42.86","0.03","0.06","0.18","5.59","67.74","0.78","46.15","0.3","7.22","72.5"
"T. Mullarkey","League Two 25-26.","Fleetwood Town","RCB, RB","30","200000","2027-06-30","17","1490","0","0.03","0","0.43","England","right","193","8.4","3.2","67.92","3.68","65.57","0.97","9.17","1.03","0","0","0","0.12","0","0","1.57","34.62","0.66","72.73","1.93","46.88","0.66","1.63","0","33.83","75.54","16.79","67.99","5.44","38.89","0.03","0.06","0","6.34","56.19","1.99","36.36","0.3","8.4","71.22"
"H. Neal","League Two 25-26.","Fleetwood Town","DMF, LCMF","24","0","2026-06-30","22","1487","0","0.1","2","1.77","England","right","180","9.87","5.93","57.14","4.6","53.95","0.85","7.75","0.79","0","0.01","0","0.3","40","0","0.79","53.85","0.3","60","2.54","47.62","0","0.06","0","34.38","72.89","15.31","54.55","8.11","42.54","0.11","0.06","0.18","7.99","52.27","1.69","46.43","0.36","7.87","66.92"
"E. Nevitt","League Two 25-26.","Gillingham","CF, AMF","29","225000","","22","1485","2","3.37","0","0.6","England","right","183","4.97","4.73","58.97","6.91","30.7","0.06","3.04","1.21","0.12","0.2","0.06","1.94","15.63","6.25","1.39","13.04","1.52","48","6.24","24.27","3.33","0.61","0","15.33","67.19","3.03","48","0.73","33.33","0.04","0","0.18","1.15","57.89","0.79","30.77","0.18","1.64","48.15"
"T. Sang","League Two 25-26.","Shrewsbury Town","RWB, RCMF","26","250000","2027-06-30","19","1477","0","0.64","1","1.62","England","right","188","10.48","6.64","68.81","2.86","42.55","0.3","7.05","2.13","0","0.04","0","0.91","6.67","0","2.62","23.26","2.32","60.53","5.61","36.96","0.97","1.4","0.24","28.64","60.85","13.16","52.31","5.36","36.36","0.1","0.06","0.18","5.61","48.91","3.17","32.69","0.43","7.13","69.23"
"L. Shipley","League Two 25-26.","Barrow","LCB","22","300000","2027-06-30","17","1477","3","1.09","0","0.03","England","left","183","8.59","5.97","63.27","5.06","46.99","0.91","5.68","0.67","0.18","0.07","0.06","0.3","60","60","0.97","25","0.55","44.44","1.77","55.17","0.67","1.16","0.12","33.94","75.76","18.89","70.32","3.72","40.98","0","0","0.12","4.63","57.89","0.97","25","0.18","7.8","53.13"
"B. Dack","League Two 25-26.","Gillingham","AMF, RCMF","32","1000000","2026-06-30","22","1455","6","4.14","1","2.22","England","right","175","5.81","5.51","62.92","2.23","44.44","0.12","2.84","1.42","0.31","0.26","0","2.1","44.12","17.647","0.87","28.57","0.56","44.44","4.21","33.82","2.35","0.12","0","25.42","72.99","8.91","54.86","3.53","50.88","0.14","0.06","0.31","3.22","51.92","1.73","35.71","0.74","4.82","65.38"
"Z. Medley","League Two 25-26.","Fleetwood Town","LWB, LCB","25","400000","2026-06-30","20","1454","1","1.62","0","0.09","England","left","195","10.15","5.76","62.37","6.31","42.16","0.87","10.03","1.61","0.06","0.1","0","0.68","36.36","9.091","2.48","22.5","1.61","50","4.39","33.8","0.8","1.18","0.12","32.56","68.82","16.09","64.23","6.87","50.45","0.01","0.06","0.06","5.88","56.84","2.41","38.46","0.31","8.85","67.13"
"S. Duke-McKenna","League Two 25-26.","Harrogate Town","LAMF, RAMF","25","150000","2026-06-30","17","1449","5","1.67","1","1.81","England","right","170","5.78","4.47","56.94","3.23","21.15","0","4.3","4.84","0.31","0.1","0","1.99","40.63","15.625","3.48","30.36","6.15","48.48","12.17","37.24","1.24","1.74","0.19","25.28","66.58","7.14","52.17","2.98","39.58","0.11","0.06","0.5","3.17","50.98","3.35","42.59","0.62","5.84","70.21"
"N. Méndez-Laing","League Two 25-26.","Milton Keynes Dons","CF, LWF, LAMF","33","400000","2026-06-30","18","1446","7","5.45","2","2.91","England","right","180","4.36","3.55","63.16","2.68","18.6","0","2.47","6.85","0.19","0.34","0","1.49","70.83","29.167","4.23","42.65","5.6","70","9.65","52.9","3.42","3.67","0.68","30.56","67.01","8.71","56.43","1.74","32.14","0.18","0.06","0.87","3.55","42.11","4.17","53.73","1.06","5.66","80.22"
"G. Lloyd","League Two 25-26.","Shrewsbury Town","CF","25","0","","21","1445","3","1.79","1","0.15","England","right","175","5.54","4.05","64.62","11.65","29.95","0.19","3.58","1","0.19","0.11","0","1.06","47.06","17.647","1","6.25","1","43.75","5.48","21.59","2.12","0.37","0.06","11.02","58.19","3.11","46","0.62","20","0.01","0","0.06","1.49","54.17","0.87","42.86","0.44","1.93","45.16"
"E. Ennis","League Two 25-26.","Fleetwood Town","RWB","21","0","2026-05-31","18","1440","1","1.31","2","3.08","England","right","178","7.19","6.69","62.62","2.5","27.5","0.13","4.24","5.75","0.06","0.08","0","0.88","42.86","7.143","5.63","30","5.25","69.05","8.69","52.52","1.25","2.75","0.44","23.56","64.46","7.44","60.5","2.19","40","0.19","0.06","0.63","2.19","54.29","5","43.75","0.75","5.56","68.54"
"R. Darcy","League Two 25-26.","Chesterfield","AMF, RW","25","400000","2027-06-30","24","1439","3","2.95","0","1.66","England","right","177","3.13","3.06","48.98","0.75","0","0","2.87","2.19","0.19","0.18","0","1.38","40.91","13.636","1.19","31.58","2.13","52.94","5.63","33.33","2.94","1.56","0.19","33.84","87.99","7","72.32","1.13","61.11","0.1","0.25","0.31","2.94","68.09","1.63","57.69","1.06","3.56","73.68"
"J. Snowdon","League Two 25-26.","Swindon Town","RWB, RB","21","0","2027-06-30","19","1438","3","0.75","5","1.77","England","right","0","6.01","5.57","55.06","1.88","20","0","4.37","1.5","0.19","0.05","0","0.94","40","20","1.94","32.26","1.19","36.84","3.13","20","1.25","0.94","0.06","30.29","72.73","10.39","56.63","3.5","39.29","0.11","0.06","0.63","4.38","54.29","2.5","50","0.81","7.13","72.81"
"J. Joseph","League Two 25-26.","Tranmere Rovers","RWB, RB, LWB","19","0","","21","1432","1","0.81","1","1.44","England","right","178","8.3","6.6","57.14","3.14","32","0.38","7.74","3.02","0.06","0.05","0","0.75","33.33","8.333","2.95","36.17","2.7","62.79","6.22","51.52","1.45","1.76","0.44","26.02","71.5","7.86","52","3.02","29.17","0.09","0","0.44","3.27","44.23","2.77","38.64","0.44","4.4","61.43"
"V. Harper","League Two 25-26.","Walsall","LWB, LB","25","0","","17","1429","0","0.11","1","0.47","England","left","178","11.53","7.56","70","3.78","36.67","0.19","7.54","1.83","0","0.01","0","0.19","33.33","0","1.89","26.67","1.89","66.67","5.67","53.33","0.5","1.64","0.25","21.04","67.66","8.69","55.07","2.14","41.18","0.03","0","0.13","2.39","50","1.83","37.93","0.19","5.1","56.79"
"C. Evans","League Two 25-26.","Newport County","RB, RCMF, LCB","24","0","2026-06-30","19","1421","0","1.18","0","0.04","Wales","right","182","10.39","6.78","65.42","5.38","48.24","0.57","7.11","0.44","0","0.07","0","0.25","50","0","0.63","40","0.19","33.33","2.15","38.24","0.82","0.63","0.06","34.64","79.34","13.68","64.81","4.31","42.65","0","0","0","4.05","51.56","1.01","37.5","0.38","6.4","63.37"
"B. Stevenson","League Two 25-26.","Cheltenham Town","DMF, LCMF","28","200000","2026-06-30","15","1414","0","0.15","0","0.05","England","right","182","11.65","5.28","73.49","5.6","65.91","0.25","9.64","0.06","0","0.01","0","0.38","0","0","0.06","0","0.19","33.33","1.15","33.33","0.19","0.38","0","38.38","81.59","13.68","63.26","5.79","50.55","0","0","0","5.41","64.71","0.51","50","0.19","6.17","57.73"
"J. Arthurs","League Two 25-26.","Bromley","LCMF, DMF, RCMF","24","0","2026-06-30","24","1399","0","1.72","0","0.25","England","right","175","8.94","6.05","65.96","4.95","38.96","0.39","6.8","0.51","0","0.11","0","0.9","28.57","0","0.51","37.5","0.51","12.5","3.35","32.69","1.16","0.32","0","27.21","68.56","11.64","49.72","4.7","31.51","0.02","0","0.06","5.98","46.24","1.8","25","0.58","4.5","58.57"
"T. Barkhuizen","League Two 25-26.","Barrow","LWB, RWB, RB","32","450000","2027-06-30","18","1398","0","0.58","4","1.85","England","right","179","7.4","5.6","52.87","5.09","39.24","0.39","5.2","3.73","0","0.04","0","0.71","9.09","0","3.61","41.07","3.28","66.67","5.15","52.5","2","2.25","0.32","27.1","70.55","7.98","58.87","2.25","40","0.12","0.06","0.52","2.7","59.52","2.9","55.56","0.39","5.67","63.64"
"M. Jobe","League Two 25-26.","Cambridge United","RCB, CB","22","75000","2027-06-30","19","1394","2","2","0","0","England","right","185","8.2","4.07","74.6","10.65","54.55","0.39","7.31","0.26","0.13","0.13","0.06","0.45","42.86","28.571","0.19","33.33","0","0","1.55","29.17","0.9","0.52","0","36.48","75.58","18.72","62.76","7.1","37.27","0","0","0","6.78","52.38","0.58","0","0","7.68","62.18"
"J. Tomkinson","League Two 25-26.","Cheltenham Town","LB","23","125000","2026-06-30","14","1371","1","0.13","0","0.17","United States","right","190","10.63","7.75","64.41","4.66","56.34","0.46","7.9","0.98","0.07","0.01","0","0.2","33.33","33.333","1.05","50","0.79","50","3.09","36.17","0.39","1.31","0.13","40.11","81.51","17.86","73.9","3.61","45.45","0.01","0","0","4.79","68.49","1.18","38.89","0.07","8.6","63.36"
"O. Palmer","League Two 25-26.","Swindon Town","CF","33","125000","2027-06-30","19","1370","5","6.63","2","0.48","England","right","196","2.76","2.17","54.55","12.61","54.17","0.07","2.46","2.43","0.26","0.44","0.07","2.5","42.11","13.158","1.05","31.25","2.04","48.39","9.85","27.33","3.15","0.53","0.07","15.37","64.96","5.19","49.37","1.18","50","0.03","0.13","0.2","2.17","45.45","0.99","46.67","0.33","1.97","63.33"
"J. Muldoon","League Two 25-26.","Harrogate Town","CF, AMF","36","75000","2026-06-30","19","1369","5","3.29","0","0.1","England","right","178","3.62","3.42","61.54","8.22","20.8","0","2.08","1.58","0.33","0.22","0.13","0.99","66.67","33.333","1.38","14.29","1.58","45.83","7.69","29.91","1.71","0.53","0","15.45","62.13","4.67","53.52","1.38","28.57","0.01","0","0.13","1.97","36.67","1.51","21.74","0.2","1.64","56"
"H. Ogunneye","League Two 25-26.","Newport County","RB","20","200000","2026-05-31","15","1363","1","0.47","0","0.26","England","right","0","7.46","7.2","57.8","2.58","28.21","0.2","4.51","1.12","0.07","0.03","0","0.13","100","50","1.52","43.48","0.99","33.33","4.95","48","0.4","1.52","0.2","26.28","74.87","10.37","61.78","3.04","36.96","0.02","0","0.07","4.42","61.19","1.85","39.29","0.2","5.81","65.91"
"M. Mbick","League Two 25-26.","Colchester United","CF, AMF","19","0","2028-06-30","18","1357","6","5.65","2","1.69","England","","0","4.91","5.37","55.56","7.69","27.59","0.13","2.8","2.92","0.4","0.37","0","2.19","45.45","18.182","0.66","30","2.92","59.09","14.59","30.91","3.98","1.33","0","15.32","66.67","4.51","45.59","0.8","33.33","0.11","0","0.46","2.32","51.43","0.99","53.33","0.8","2.19","63.64"
"J. Andrews","League Two 25-26.","Gillingham","CF","24","225000","","20","1353","3","4.63","0","0.53","England","right","196","4.26","3.19","47.92","26.94","45.19","0.13","3.93","1.2","0.2","0.31","0.13","2.39","38.89","8.333","0.4","0","0.4","66.67","6.52","23.47","3.39","0.67","0.07","13.57","57.35","3.13","46.81","0.53","37.5","0.04","0","0","1.8","40.74","1.06","31.25","0.86","1.53","60.87"
"H. Forster","League Two 25-26.","Crawley Town","RWB, LWB, RW","25","100000","2026-06-30","20","1353","3","2.11","1","2.45","England","right","176","8.05","6.45","53.61","2.99","24.44","0.2","6.4","3.33","0.2","0.14","0","1.2","50","16.667","3.46","26.92","4.12","43.55","7.85","33.05","2.66","1.73","0.33","25.48","73.63","6.05","60.44","1.6","45.83","0.16","0","0.4","1.66","52","2.59","41.03","0.67","3.79","64.91"
"D. Markanday","League Two 25-26.","Chesterfield","RAMF","24","400000","2028-06-30","18","1352","4","2.39","2","2.4","England","left","167","6.66","5.33","67.5","1.33","15","0.13","5.27","4.26","0.27","0.16","0.07","1.93","24.14","13.793","2.93","31.82","4.93","56.76","11.12","42.51","3.59","3.13","0.2","28.62","67.44","10.72","64.6","3.2","29.17","0.16","0.2","0.6","4.99","53.33","2.93","43.18","1.2","5.13","74.03"
"E. Iandolo","League Two 25-26.","Colchester United","LB","28","125000","2026-06-30","14","1351","1","0.98","0","0.94","England","left","178","9.73","5.66","56.47","5.8","57.47","0.33","8.9","2.66","0.07","0.07","0","1","20","6.667","3.73","39.29","1.67","60","4.33","46.15","1.73","1.87","0.07","49.23","72.67","23.78","61.62","7.86","37.29","0.06","0.07","0.33","9.19","57.25","3.53","47.17","0.53","13.06","73.47"
"C. Mola","League Two 25-26.","Bristol Rovers","LCB","24","275000","2027-06-30","15","1349","0","0.57","0","0.06","England","left","184","10.61","6.34","75.79","6.07","54.95","0.27","9.61","0.6","0","0.04","0","0.4","0","0","0.53","37.5","0.73","54.55","2.6","46.15","0.6","2.94","0.4","41.56","75.92","19.88","63.42","8.07","47.11","0","0","0.13","8.81","65.15","1.93","58.62","0.87","10.34","63.23"
"J. Williams","League Two 25-26.","Crawley Town","RCMF, DMF","25","175000","","15","1345","1","0.66","0","0.19","England","right","185","11.38","5.82","64.37","8.57","44.53","0.27","12.68","0.33","0.07","0.04","0.07","0.6","22.22","11.111","0.33","20","0.2","66.67","2.81","47.62","0.67","0.27","0.07","36.13","80.56","12.18","63.74","3.81","47.37","0.01","0","0","4.42","63.64","0.74","72.73","0.4","6.83","59.8"
"M. Virtue-Thick","League Two 25-26.","Fleetwood Town","RCMF, DMF","28","275000","2026-06-30","20","1340","2","1.55","3","1.86","England","right","175","4.5","3.69","65.45","2.62","43.59","0.2","2.84","1.48","0.13","0.1","0.07","1.01","53.33","13.333","2.42","22.22","0.34","100","2.62","38.46","2.55","0.4","0.07","27.47","65.04","10.07","44.67","4.16","29.03","0.13","0.13","0.4","4.5","38.81","2.15","50","0.87","4.57","63.24"
"M. Williams","League Two 25-26.","Barrow","RCB, RCMF, LCB","30","250000","2027-06-30","15","1337","0","0.91","0","0.28","Wales","right","187","7.2","3.97","59.32","2.76","51.22","0.2","6.12","0.47","0","0.06","0","0.34","40","0","0.4","66.67","0.2","33.33","0.74","54.55","0.61","1.21","0.13","36.82","82.63","16.83","73.6","4.98","48.65","0.02","0","0.07","6.26","72.04","0.81","50","0.2","8.08","67.5"
"A. Chang","League Two 25-26.","Bristol Rovers","LCMF, RCMF","23","350000","2026-06-30","16","1328","2","2.1","1","0.91","England","right","185","5.9","5.02","66.22","4.13","37.7","0.14","4.27","0.95","0.14","0.14","0","1.29","15.79","10.526","0.61","33.33","1.02","53.33","3.59","35.85","0.95","0.54","0.07","30.43","80.18","10.57","61.54","3.46","52.94","0.06","0","0.07","5.42","65","2.03","63.33","1.42","4.74","70"
"G. Bajrami","League Two 25-26.","Crawley Town","DMF, CB, LCMF","26","100000","2026-06-30","17","1325","2","1.12","1","1.19","England","right","187","8.63","5.37","70.89","6.66","52.04","0.48","7.98","0.88","0.14","0.08","0.14","0.61","33.33","22.222","0.75","27.27","0.68","70","3.67","53.7","1.22","1.97","0","46.6","84.26","16.03","72.88","4.21","53.23","0.08","0.07","0.34","6.38","67.02","1.36","40","0.82","7.27","71.96"
"R. Brown","League Two 25-26.","Crawley Town","LCMF, RCMF, AMF","29","125000","2026-06-30","20","1323","2","1.19","0","0.8","England","right","175","6.87","5.31","64.1","3.2","44.68","0.27","5.35","1.36","0.14","0.08","0","1.36","25","10","0.95","42.86","1.36","40","5.17","28.95","1.09","0.95","0.14","38.23","82.92","12.99","67.54","2.65","38.46","0.05","0.07","0.14","5.65","68.67","2.45","55.56","1.09","4.9","75"
"J. Payne","League Two 25-26.","Colchester United","AMF","31","450000","2026-06-30","17","1322","6","5.46","4","1.99","England","left","165","4.7","4.22","59.68","2.31","5.88","0.07","2.99","3.27","0.2","0.37","0","1.97","34.48","20.69","1.63","41.67","2.86","64.29","9.26","44.12","3","1.91","0","34.24","78.93","8.92","58.78","1.91","32.14","0.14","0.2","0.41","3.54","59.62","2.31","58.82","1.43","4.56","77.61"
"W. Collar","League Two 25-26.","Milton Keynes Dons","RCMF, RDMF","28","350000","","22","1318","2","1.81","1","0.62","England","right","178","4.78","4.71","50.72","5.74","34.52","0.2","3.67","0.68","0.14","0.12","0","0.68","50","20","0.34","40","0.48","42.86","2.73","37.5","1.64","0.41","0.07","20.96","73.29","6.49","51.58","1.78","38.46","0.04","0","0.14","2.25","54.55","1.02","33.33","0.34","2.19","53.13"
"C. Clarke","League Two 25-26.","Walsall","LCMF, RCMF","22","0","2027-06-30","24","1314","1","1.82","4","1.34","England","","0","6.51","4.93","65.28","2.95","44.19","0.14","3.79","3.49","0.07","0.12","0","1.71","40","4","2.6","36.84","3.56","51.92","10.75","38.85","1.64","2.74","0.07","21.03","69.06","6.85","53","3.08","33.33","0.09","0","0.62","2.95","46.51","3.15","47.83","0.68","4.38","65.63"
"J. Ironside","League Two 25-26.","Tranmere Rovers","CF","32","275000","2028-06-30","18","1311","3","2.07","0","0.22","England","right","180","3.23","2.4","37.14","16.34","47.9","0.34","3.76","0.62","0.14","0.14","0","0.82","41.67","25","0.21","0","0.69","40","10.3","19.33","1.78","0.14","0.07","12.08","72.73","3.23","53.19","0.34","40","0.02","0","0.07","1.37","40","0.55","37.5","0.62","1.1","68.75"
"P. Glatzel","League Two 25-26.","Swindon Town","AMF, RWF, RW","24","275000","2027-06-30","21","1309","2","3.53","2","1.39","England","left","174","6.26","4.81","62.86","3.99","27.59","0.14","5.19","2.2","0.14","0.24","0","1.58","26.09","8.696","1.51","31.82","2.2","53.13","8.94","33.08","2.54","0.69","0.14","23.51","75.15","5.57","65.43","0.76","54.55","0.1","0.14","0.48","2.96","67.44","2.06","60","1.1","3.71","66.67"
"B. Whitfield","League Two 25-26.","Barrow","RWB, AMF","29","200000","2027-06-30","17","1309","3","1.71","3","1.11","England","right","165","5.78","4.47","50.77","3.85","33.93","0.28","4.31","4.13","0.21","0.12","0","1.65","41.67","12.5","4.54","34.85","3.78","49.09","6.19","41.11","1.72","2.34","0.34","25.03","65.11","7.56","59.09","3.16","50","0.08","0.14","0.28","2.82","51.22","3.92","38.6","0.14","5.84","70.59"
"L. Coyle","League Two 25-26.","Accrington Stanley","RCMF, LCMF, RDMF","26","125000","2026-06-30","17","1308","0","0.25","0","0.25","England","right","175","8.46","4.95","65.28","4.61","64.18","0.41","6.89","0.62","0","0.02","0","0.55","50","0","0.69","40","0.21","33.33","2.2","46.88","0.07","0.21","0","32.13","71.73","13.28","54.4","5.71","44.58","0.02","0.14","0.07","7.78","57.52","1.93","32.14","0.28","6.12","61.8"
"J. Sweeney","League Two 25-26.","Grimsby Town","LB","24","125000","2027-06-30","15","1303","2","1.21","0","0.47","England","left","173","9.39","5.18","68","3.25","48.94","0.35","10.3","1.24","0.14","0.08","0","0.76","45.45","18.182","1.04","40","0.69","60","3.59","42.31","1.38","0.97","0.07","40.48","84.64","14.09","72.55","4.08","57.63","0.03","0.14","0.28","5.32","74.03","1.66","62.5","0.62","6.77","67.35"
"B. Krauhaus","League Two 25-26.","Bromley","AMF, RCMF, LCMF","21","0","2027-06-30","20","1298","1","1.37","1","1.09","England","","0","7.56","8.32","60.83","2.98","30.23","0.14","3.52","1.59","0.07","0.09","0","1.11","18.75","6.25","0.69","40","1.94","57.14","5.89","34.12","2.29","0.69","0.14","16.29","70.21","5.27","47.37","2.01","34.48","0.08","0","0.28","2.36","55.88","0.9","61.54","0.42","2.22","68.75"
"O. Clarke","League Two 25-26.","Swindon Town","LCB, LCMF, RCMF","33","150000","","15","1297","2","1.62","1","0.53","England","right","180","8.6","5.34","70.13","7.98","54.78","0.49","7.2","1.32","0.14","0.11","0.14","1.39","35","10","0.97","35.71","0.97","42.86","3.89","39.29","1.6","1.11","0","29.01","64.11","16.03","51.52","6.73","30.93","0.04","0.07","0.28","6.11","37.5","1.53","27.27","0.42","7.36","60.38"
"A. Adeyemo","League Two 25-26.","Crawley Town","LWB, RWB","27","0","2026-06-30","19","1297","1","1.8","0","1.03","England","","0","7.63","5.48","56.96","5.34","51.95","0","7.88","4.02","0.07","0.13","0","1.11","56.25","6.25","3.12","35.56","4.79","47.83","10.41","37.33","2.57","2.57","0.21","26.44","70.08","7.56","56.88","2.91","45.24","0.07","0","0.35","2.57","56.76","2.71","35.9","0.49","5.55","56.25"
"T. Warren","League Two 25-26.","Grimsby Town","RCB","27","150000","2026-06-30","16","1295","0","0.28","0","0.17","England","right","181","10.29","6.95","73","6.05","66.67","0.63","7.93","0.07","0","0.02","0","0.28","0","0","0.21","0","0.14","50","1.46","52.38","0.42","0.28","0","41","84.75","17.31","71.49","6.53","56.38","0.01","0","0.07","5.63","61.73","0.97","14.29","0.28","7.09","65.69"
"D. Ball","League Two 25-26.","Cambridge United","RDMF, RCMF","30","400000","2027-06-30","14","1295","0","1.66","0","0.01","England","right","185","9.31","6.6","66.32","4.52","64.62","0.42","7.47","0.76","0","0.12","0","1.18","11.76","0","0.35","20","0.9","61.54","4.17","38.33","0.97","0.69","0","36.07","80.35","13.83","64.32","3.47","44","0","0","0","7.51","71.3","1.04","40","0.49","5.91","71.76"
"G. Morris","League Two 25-26.","Gillingham","GK","42","50000","2026-06-30","14","1294","0","0","0","0.54","England","right","183","1.88","0.21","66.67","0.14","100","0","2.39","0","0","0","0","0","0","0","0","0","0","0","0.21","100","0","0","0","19.96","81.53","14.95","76.74","13.01","72.19","0.04","0","0.14","6.19","71.91","0.49","0","0","10.36","87.92"
"M. Butcher","League Two 25-26.","Salford City","DMF, LCMF, RCMF","28","400000","2027-06-30","20","1292","2","2.62","0","1.55","England","left","188","8.85","5.43","71.79","4.74","36.76","0.42","8.52","1.18","0.14","0.18","0","1.04","40","13.333","0.84","50","0.56","62.5","2.93","38.1","1.25","0.84","0","35.87","73.4","14.98","55.81","5.85","33.33","0.11","0","0.21","7.73","53.15","1.81","61.54","0.84","6.76","67.01"
"A. Little","League Two 25-26.","Gillingham","LCMF, RDMF","28","200000","2026-06-30","15","1292","2","1.7","0","1.31","England","right","175","8.78","7.94","51.75","3.55","52.94","0.35","6.36","1.11","0","0.12","0","0.91","15.38","15.385","1.46","28.57","0.91","53.85","4.04","36.21","0.56","0.7","0.14","33.72","75.41","14.35","63.11","6.62","44.21","0.09","0.07","0.35","6.9","53.54","2.65","47.37","1.04","6.97","77"
"R. Finnigan","League Two 25-26.","Walsall","RCMF, LCMF","22","125000","2026-06-30","21","1291","3","2.56","1","1.94","England","right","178","9.27","7.39","67.92","3.97","47.37","0.28","5.57","1.32","0.21","0.18","0.14","1.19","35.29","17.647","0.21","33.33","1.39","60","5.79","38.55","1.74","0.63","0","19.38","74.82","6.55","59.57","1.39","55","0.14","0","0.07","2.51","66.67","0.63","44.44","0.49","3.07","56.82"
"L. Hannant","League Two 25-26.","Oldham Athletic","LW, LAMF","32","0","2027-06-30","22","1286","1","3.17","0","1.24","England","right","180","5.81","3.36","60.42","3.29","46.81","0.28","5.54","2.8","0","0.22","0","1.33","36.84","5.263","3.22","39.13","1.89","55.56","5.39","48.05","2.31","1.26","0.49","31.07","69.59","11.27","55.9","4.62","51.52","0.09","0","0.49","4.69","56.72","3.57","49.02","0.84","7.28","69.23"
"J. Knight-Lebel","League Two 25-26.","Swindon Town","CB, RCB","21","0","2027-06-30","15","1283","1","1.74","0","0.49","Canada","right","188","9.19","5.89","70.24","6.03","50","0.98","7.7","0.21","0.07","0.12","0","0.42","33.33","16.667","0.49","0","0.28","25","1.82","38.46","0.98","0.21","0.07","36.06","79.18","14.52","61.35","5.26","38.67","0.03","0","0.07","3.58","27.45","0.56","25","0.21","6.03","52.33"
"J. Wright","League Two 25-26.","Newport County","GK","26","125000","2026-06-30","13","1282","0","0","0","0.11","England","right","190","1.54","0.14","100","0.35","100","0","1.79","0","0","0","0","0","0","0","0","0","0","0","0.14","100","0","0","0","25.34","74.24","17.2","63.67","13.83","55.33","0.01","0","0.07","5.62","48.75","0.63","11.11","0.07","10.11","72.92"
"D. Burns","League Two 25-26.","Grimsby Town","RW","23","175000","2028-06-30","20","1280","1","2.56","1","1.91","Republic of Ireland","left","176","5.55","5.2","48.65","4.57","29.23","0","5.11","5.41","0.07","0.18","0","1.69","25","4.167","3.52","40","6.05","55.81","11.11","41.77","2.81","1.97","0.35","25.73","66.67","9.07","55.04","3.02","34.88","0.13","0.42","0.84","2.81","52.5","4.64","57.58","1.69","6.26","74.16"
"M. Morrison","League Two 25-26.","Cambridge United","RCB, CB","37","100000","2026-06-30","14","1273","0","0.59","0","0","England","right","185","7.78","3.89","78.18","9.97","51.06","0.35","6.54","0.28","0","0.04","0","0.35","40","0","0.07","0","0.07","100","0.78","72.73","0.71","0.57","0","27.01","76.96","13.36","63.49","4.95","47.14","0","0.07","0","4.1","46.55","0.85","33.33","0.28","6.72","61.05"
"L. Appéré","League Two 25-26.","Cambridge United","CF","26","300000","2027-06-30","18","1271","3","3.93","1","0.68","Scotland","right","185","4.04","2.97","69.05","9.42","33.08","0.21","3.22","1.27","0.21","0.28","0.07","1.06","60","20","0.35","0","1.13","56.25","9.98","19.86","2.97","0.5","0","11.97","67.46","3.12","56.82","0.21","66.67","0.05","0","0.28","1.2","58.82","0.71","40","0.78","1.2","52.94"
"J. Mellish","League Two 25-26.","Milton Keynes Dons","LWB, LB","28","300000","2028-06-30","17","1267","1","2.14","1","0.86","England","left","188","9.23","5.4","67.11","4.62","61.54","0.57","7.84","1.85","0.07","0.15","0","0.92","30.77","7.692","1.85","34.62","1.7","54.17","4.55","35.94","2.49","1.78","0.57","27.92","66.67","13.43","53.44","4.19","38.98","0.06","0.07","0.5","3.98","60.71","1.63","39.13","0.57","7.17","57.43"
"K. Tshimanga","League Two 25-26.","Crawley Town","CF","28","150000","2027-06-30","23","1264","4","4.56","0","0.4","Congo DR","right","180","2.35","2.78","53.85","5.27","12.16","0.28","1.67","0.93","0.28","0.32","0","1.35","42.11","21.053","0.43","16.67","0.5","57.14","6.19","24.14","2.78","0.28","0","9.83","73.91","2.56","58.33","0.71","50","0.03","0","0.21","1.14","62.5","0.71","50","0.64","1.21","76.47"
"R. Hepburn-Murphy","League Two 25-26.","Milton Keynes Dons","CF, RWF, LW","27","175000","2026-06-30","20","1261","5","3.85","1","0.72","England","right","173","5.07","5.71","56.25","3.85","40.74","0","2.51","4.78","0.36","0.27","0","1.78","52","20","2.85","22.5","5.35","58.67","14.42","40.1","4","3.21","0.64","17.63","64.78","3.07","48.84","0.36","60","0.05","0.21","0.21","1.43","70","2.28","37.5","0.57","3","61.9"
"S. Tovide","League Two 25-26.","Colchester United","CF","22","375000","2027-06-30","22","1259","3","3.82","3","1.65","England","left","188","3","2.93","51.22","6.22","20.69","0","2.34","2","0.21","0.27","0","1.64","39.13","13.043","1.29","22.22","2.72","36.84","11.72","27.44","4.07","1.07","0.07","13.15","66.3","2.86","75","0.43","50","0.12","0.14","0.57","0.5","85.71","1.14","50","0.93","1.79","60"
"C. Thomas","League Two 25-26.","Crewe Alexandra","LDMF, RDMF","32","200000","2026-06-30","16","1252","2","1.94","0","0.36","England","right","185","7.19","5.1","67.61","2.3","37.5","0.29","5","0.5","0.14","0.14","0","0.58","50","25","0.29","50","0.07","100","1.22","17.65","1.51","0.07","0","22","72.88","7.62","52.83","2.73","42.11","0.03","0","0.07","3.67","54.9","0.58","50","0.36","3.59","60"
"E. Tezgel","League Two 25-26.","Crewe Alexandra","CF, AMF","20","0","2027-06-30","21","1239","8","7.3","1","0.38","England","right","182","3.92","2.4","72.73","9.44","26.92","0","3.22","1.96","0.44","0.53","0.15","2.54","51.43","22.857","0.51","28.57","1.09","46.67","5.16","36.62","3.78","0.87","0","15.25","59.52","4.65","34.38","0.94","30.77","0.03","0","0.22","1.96","33.33","1.16","56.25","0.65","2.47","61.76"
"C. Grant","League Two 25-26.","Notts County","AMF, CF","24","225000","2027-06-30","23","1235","2","2.98","1","0.73","Republic of Ireland","right","178","7.14","5.98","70.73","3.35","19.57","0.07","3.94","1.46","0.15","0.22","0","1.75","33.33","8.333","0.95","38.46","1.17","43.75","7.07","25.77","2.55","1.02","0","27.62","74.93","9.04","56.45","1.38","15.79","0.05","0","0.22","3.79","59.62","1.68","39.13","0.8","3.5","54.17"
"K. N’Mai","League Two 25-26.","Salford City","CF, LWB","21","0","2026-06-30","15","1231","3","3.65","2","1.39","Netherlands","right","168","6.73","5.92","50.62","1.97","7.41","0.07","5.83","3.87","0.22","0.27","0","1.75","29.17","12.5","1.32","27.78","6.43","46.59","14.48","35.35","5.41","3","0.44","23.98","71.95","6.07","60.24","1.1","33.33","0.1","0.07","0.51","2.27","67.74","1.97","59.26","1.97","3.22","68.18"
"C. Jennings","League Two 25-26.","Tranmere Rovers","CF, AMF","34","100000","2026-06-30","25","1230","4","5.1","1","1.18","England","right","183","5.85","4.39","55","13.9","38.42","0.15","4.82","1.32","0.29","0.37","0.07","2.78","39.47","10.526","0.59","12.5","0.66","11.11","7.46","27.45","4.54","0.37","0","30.29","75.36","6.73","56.52","1.76","58.33","0.09","0.22","0.22","3.22","50","1.1","40","0.66","2.41","66.67"
"Kacper Łopata","League Two 25-26.","Bristol Rovers","RCB, CB","24","225000","2027-06-30","14","1229","0","1.46","0","0","Poland","right","195","10.11","5.35","87.67","10.47","54.55","0.81","7.56","0.07","0","0.11","0","0.44","16.67","0","0","0","0","0","0.95","46.15","0.95","0.29","0","34.49","78.34","15.45","61.14","6.37","45.98","0","0","0","5.05","42.03","0.73","30","0.15","6.44","60.23"
"J. Austerfield","League Two 25-26.","Salford City","LCMF","24","100000","2026-06-30","21","1229","2","2.53","2","1.12","England","right","179","7.76","4.83","71.21","3","46.34","0.15","6.22","1.03","0.15","0.19","0.07","1.24","47.06","11.765","0.59","25","0.29","100","3.44","44.68","2.05","0.44","0.07","30.32","70.53","12.3","55.95","3.37","34.78","0.08","0","0.22","4.83","46.97","1.54","57.14","0.88","5.64","62.34"
"C. Mahoney","League Two 25-26.","Barrow","AMF, RW, RCMF","28","300000","2026-06-30","22","1221","1","1.23","2","1.47","England","right","175","4.79","3.32","48.89","1.18","43.75","0.07","3.56","2.43","0.07","0.09","0.07","1.33","27.78","5.556","2.14","34.48","1.92","69.23","4.64","38.1","1.62","1.7","0.15","33.02","79.69","9.88","66.42","2.58","42.86","0.11","0.07","0.44","3.76","66.67","2.14","44.83","0.66","4.94","68.66"
"A. Scully","League Two 25-26.","Shrewsbury Town","AMF, LWF, CF","26","200000","2026-06-30","18","1220","2","1.55","2","1.31","England","right","173","4.13","3.69","64","1.62","9.09","0.07","2.29","1.7","0.15","0.11","0","1.7","30.43","8.696","0.96","7.69","1.77","62.5","7.52","35.29","2.29","1.84","0.66","21.39","64.14","8.63","45.3","1.92","19.23","0.1","0.15","0.37","3.84","36.54","1.92","30.77","0.81","2.88","56.41"
"M. Mellon","League Two 25-26.","Oldham Athletic","CF","22","0","2026-05-31","16","1217","7","8.14","1","0.83","Scotland","right","185","1.55","1.55","57.14","5.92","35","0.22","1.05","2.74","0.44","0.6","0.07","4.07","43.64","12.727","1.63","22.73","1.7","34.78","5.62","32.89","4.81","0.37","0.07","12.28","54.82","2.29","32.26","1.11","26.67","0.06","0.07","0.22","1.11","13.33","1.33","22.22","0.52","1.11","80"
"V. Campbell","League Two 25-26.","Chesterfield","RB","24","275000","2026-06-30","18","1217","0","0.15","1","1.15","England","right","183","8.36","5.99","62.96","2.22","53.33","0.15","7.89","2.74","0","0.01","0","0.15","0","0","3.4","34.78","2.44","63.64","4.66","55.56","0.67","1.7","0.22","37.05","76.45","11.91","63.35","5.47","39.19","0.09","0.07","0.52","4.44","55","2.51","50","0.22","7.54","70.59"
"T. Davies","League Two 25-26.","Newport County","LB","22","0","2026-06-30","15","1216","0","0.63","0","0.01","Wales","left","0","9.92","7.25","64.29","4.37","49.15","0.22","6.61","0.74","0","0.05","0","0.52","28.57","0","1.33","27.78","0.52","42.86","2.74","56.76","0.59","1.48","0.07","33.97","72.33","17.39","64.68","7.62","41.75","0","0","0","6.81","53.26","1.48","45","0.52","9.7","64.12"
"M. Fondop-Talum","League Two 25-26.","Oldham Athletic","CF","32","0","2027-06-30","20","1216","1","3.54","0","0.16","Cameroon","left","190","5.92","3.7","60","15.62","53.55","0.3","5.45","1.26","0.07","0.26","0.07","2.44","27.27","3.03","0.67","11.11","0.81","63.64","8.66","29.91","3.55","0.67","0","19.61","70.94","4.29","55.17","0.67","44.44","0.01","0","0.22","2.07","57.14","0.89","41.67","0.44","1.85","64"
"S. Smith","League Two 25-26.","Barrow","RCMF, DMF, AMF","24","200000","2027-06-30","17","1214","1","1.51","0","1.08","England","right","173","8.23","7.34","54.55","3.41","41.3","0.59","4.81","0.82","0.07","0.11","0.07","0.67","22.22","11.111","1.19","18.75","0.96","38.46","4.82","47.69","0.89","1.04","0.07","28.1","74.41","9.64","58.46","4.23","47.37","0.08","0.07","0.07","5.78","58.97","1.78","50","0.67","4.74","67.19"
"L. Ndlovu","League Two 25-26.","Barnet","CF","31","0","2027-06-30","19","1207","3","5.56","2","1.63","England","","0","3.36","3.13","40.48","12.75","28.65","0","3.77","1.71","0.22","0.41","0","2.01","37.04","11.111","0.37","20","2.01","44.44","11.63","17.95","4.03","0.97","0","9.17","72.36","1.86","52","0.15","50","0.12","0","0.37","0.67","44.44","0.45","50","0.89","0.22","100"
"T. McDermott","League Two 25-26.","Shrewsbury Town","AMF, RCMF, LCMF","20","0","","18","1205","1","1.39","1","0.58","England","","0","7.39","6.12","60.98","2.99","37.5","0.3","4.05","2.09","0.07","0.1","0","1.49","10","5","1.2","12.5","2.91","61.54","7.77","44.23","1.57","0.97","0.3","27.19","72.25","9.78","61.83","3.29","38.64","0.04","0.07","0.52","4.78","50","2.24","60","1.27","5.45","65.75"
"M. Southam-Hales","League Two 25-26.","Bristol Rovers","RB, RWB","29","0","","15","1200","1","0.2","0","1.31","Wales","right","175","8.03","5.63","68","4.28","52.63","0.3","6.72","2.03","0.08","0.01","0","0.23","33.33","33.333","3.23","37.21","1.28","58.82","3.75","48","1.2","0.68","0.15","32.1","70.56","11.93","52.83","4.28","35.09","0.1","0","0.38","4.5","61.67","2.4","43.75","0.23","7.13","63.16"
"J. Williams","League Two 25-26.","Gillingham","AMF, LCMF, LDMF","32","250000","","18","1200","1","0.64","0","0.97","England","left","168","6.75","4.43","61.02","4.13","25.45","0.3","4.19","1.35","0.08","0.05","0","0.6","37.5","12.5","1.58","33.33","0.98","53.85","4.88","43.08","1.35","0.98","0.23","27.15","71.27","9.45","52.38","3.9","44.23","0.07","0.08","0.3","3.75","46","2.1","46.43","0.68","4.88","66.15"
"H. Holgate","League Two 25-26.","Fleetwood Town","RCB, CB, RB","25","175000","","13","1193","0","0.6","0","0.1","England","right","186","10.79","6.87","76.92","3.32","47.73","0.45","7.22","0.38","0","0.04","0","0.23","33.33","0","0.38","60","0.08","100","1.21","62.5","0.38","1.06","0.08","40.21","75.05","19.84","61.98","8.22","39.45","0.01","0","0.15","7.32","57.73","1.13","33.33","0.23","10.34","56.93"
"O. Norburn","League Two 25-26.","Notts County","RCMF, DMF","33","200000","2026-06-30","17","1173","0","0.08","0","0.01","England","right","185","8.67","5.45","71.83","3.53","43.48","0.08","5.86","0.31","0","0.01","0","0.54","0","0","0.38","20","0.31","75","2.76","44.44","0","0.23","0","37.44","83.61","8.9","62.07","2.76","33.33","0","0","0","5.29","65.22","1","30.77","0.23","4.3","67.86"
"J. Jones","League Two 25-26.","Notts County","LWB, AMF, CF","28","325000","2027-06-30","19","1168","1","1.12","2","1.53","England","left","177","4.01","3.16","53.66","1.85","33.33","0.08","3.72","5.7","0","0.09","0","1.31","23.53","5.882","5.16","32.84","5.78","62.67","11.48","48.32","1","2.47","0.31","31.9","66.91","9.32","49.59","3.78","24.49","0.12","0.08","0.23","4.62","51.67","4.85","46.03","0.62","6.32","69.51"
"A. Dobra","League Two 25-26.","Chesterfield","LAMF, AMF","24","0","2028-12-30","13","1166","4","3.5","1","0.81","England","right","167","6.56","6.48","57.14","2.39","9.68","0","4.19","3.47","0.31","0.27","0","2.24","27.59","13.793","1.47","31.58","5.4","44.29","15.82","35.12","3.86","2.62","0.54","29.18","79.89","8.18","65.09","2.08","44.44","0.06","0","0.23","2.93","52.63","1.7","68.18","0.93","3.32","72.09"
"J. Gibbons","League Two 25-26.","Cambridge United","RB, RCB, LB","27","150000","2026-06-30","17","1166","1","0.67","1","0.21","England","right","175","8.72","5.02","70.77","6.02","56.41","0.23","7.01","1.16","0.08","0.05","0","0.62","25","12.5","2.16","35.71","0.46","50","1.47","36.84","1.08","1.16","0.39","32.34","70.17","14.82","57.81","5.94","37.66","0.02","0","0.08","6.79","43.18","2.47","46.88","0.54","8.34","68.52"
"W. Davies","League Two 25-26.","Fleetwood Town","CF","26","0","2027-06-30","21","1159","5","5","0","0.17","England","right","186","2.33","2.72","40","5.9","32.89","0.16","1.42","1.63","0.39","0.39","0.08","2.02","46.15","19.231","0.39","20","1.24","50","7.38","36.84","3.03","0.85","0","10.25","71.21","2.41","48.39","0.54","42.86","0.01","0","0","1.01","46.15","0.54","57.14","0.39","0.62","50"
"S. McCoulsky","League Two 25-26.","Harrogate Town","CF","29","0","2027-06-30","19","1158","1","2.71","2","0.29","England","right","183","3.26","3.34","39.53","17.02","36.99","0.16","2.72","1.32","0.08","0.21","0","1.63","28.57","4.762","0.23","0","1.17","66.67","9.4","23.97","2.33","0.93","0.16","10.65","61.31","2.02","42.31","0","0","0.02","0.08","0.31","1.24","25","0.31","25","0.16","0.85","36.36"
"L. Watson","League Two 25-26.","Crawley Town","RCMF, AMF, LCMF","24","250000","2026-06-30","19","1155","0","1.1","0","0.97","England","right","176","3.35","2.81","52.78","1.25","12.5","0.08","3.73","1.95","0","0.09","0","0.94","25","0","0.78","50","2.18","60.71","5.22","38.81","1.17","1.32","0.08","36.7","84.71","10.99","68.79","1.95","24","0.08","0.08","0.23","4.99","78.13","2.96","55.26","1.32","6.23","81.25"
"K. Whitmore","League Two 25-26.","Newport County","AMF, LCMF","24","0","2026-06-30","16","1154","3","1.99","2","1.25","England","","0","5.93","6.08","56.41","1.56","30","0.08","3.36","2.73","0.23","0.16","0","1.64","19.05","14.286","1.33","29.41","3.67","55.32","9.28","40.34","2.57","1.48","0.08","21.53","70.29","9.12","59.83","2.42","32.26","0.1","0","0.23","4.52","68.97","1.33","41.18","0.55","4.91","66.67"
"E. Taylor","League Two 25-26.","Harrogate Town","RAMF, AMF","22","200000","2027-06-30","15","1149","1","1.94","0","1.67","England","left","182","6.66","5.17","62.12","6.34","34.57","0.23","3.84","2.04","0","0.15","0","1.41","27.78","5.556","2.19","21.43","2.43","48.39","5.95","32.89","1.72","1.41","0.23","24.28","68.39","7.36","47.87","3.21","46.34","0.13","0","0.47","3.37","48.84","1.8","34.78","0.47","3.6","65.22"
"J. Slater","League Two 25-26.","Harrogate Town","LB, LWB","21","0","2026-06-30","12","1141","0","0.04","0","0.59","England","left","0","9.31","7.18","69.23","5.44","36.23","0.08","5.51","2.05","0","0","0","0.16","50","0","3.79","22.92","2.37","46.67","4.81","37.7","0.63","1.03","0.08","46.22","65.87","24.77","57.64","11.52","43.84","0.05","0","0.16","9.39","47.06","3.23","31.71","0.55","13.72","71.26"
"J. Earing","League Two 25-26.","Barrow","LCMF, RCMF","26","100000","2026-06-30","18","1136","1","1.87","1","0.29","England","right","182","4.67","3.72","65.96","3.88","40.82","0.24","2.42","1.19","0.08","0.15","0","1.19","26.67","6.667","0.87","27.27","1.43","44.44","5.23","42.42","1.9","0.95","0.08","27.57","79.02","9.59","66.94","2.69","38.24","0.02","0","0.08","3.41","65.12","1.27","43.75","0.55","4.44","50"
"F. Potter","League Two 25-26.","Fleetwood Town","CB, LCB","21","0","2027-06-30","14","1133","1","1.67","1","0.59","England","unknown","182","8.18","4.61","58.62","5.48","56.52","0.48","8.44","0.71","0.08","0.13","0.08","0.64","75","12.5","0.4","20","0.32","50","1.35","52.94","0.71","1.67","0.16","51.95","79.05","25.1","65.82","10.72","45.93","0.05","0","0.08","9.69","54.92","1.11","42.86","0.56","12.71","66.88"
"C. Baker-Richardson","League Two 25-26.","Newport County","CF","30","250000","2026-06-30","20","1128","4","3.31","1","0.63","England","right","185","3.11","2.15","40.74","15.48","36.08","0.24","2.91","0.72","0.32","0.26","0","1.6","40","20","0.72","0","0.16","50","3.83","18.75","2.23","0.4","0.08","11.41","60.14","3.03","39.47","0.64","50","0.05","0.08","0","1.76","40.91","1.04","23.08","0.24","1.52","52.63"
"R. McDonald","League Two 25-26.","Notts County","CB, LCB","33","100000","2026-06-30","12","1126","0","0.54","0","0","England","left","191","7.59","3.52","79.55","6.87","63.95","0.48","7.32","0.24","0","0.04","0","0.16","100","0","0.24","33.33","0","0","1.2","53.33","0.4","0.32","0","47.88","80.97","18.46","59.74","8.23","36.89","0","0","0","4.88","31.15","0.88","18.18","0.08","8.55","45.79"
"P. Madden","League Two 25-26.","Accrington Stanley","CF","35","0","2026-06-30","15","1116","4","3.78","1","0.82","Republic of Ireland","right","183","3.87","1.69","57.14","9.35","27.59","0.16","3.93","1.37","0.32","0.3","0.08","1.77","40.91","18.182","1.29","25","0.4","80","4.27","15.09","2.58","0.81","0.16","16.94","61.43","5.08","49.21","1.13","28.57","0.07","0.08","0.16","2.42","36.67","1.05","30.77","0.48","2.18","59.26"
"C. McCann","League Two 25-26.","Barrow","LCMF, RCMF","23","300000","2027-06-30","13","1111","3","1.33","0","0.81","England","right","178","8.67","6.89","64.71","2.11","57.69","0.41","5.74","1.13","0.24","0.11","0","1.22","33.33","20","1.05","23.08","0.89","45.45","3.89","25","1.22","0.41","0.16","43.1","76.88","17.17","60.85","6.16","42.11","0.07","0.08","0.16","7.7","57.89","2.43","40","0.73","8.59","65.09"
"J. Davison","League Two 25-26.","Tranmere Rovers","CF","26","225000","2026-06-30","24","1110","2","2.53","1","1.28","England","right","188","3.73","3.57","50","12.32","24.34","0.16","2.92","1.62","0.16","0.21","0","1.7","28.57","9.524","1.14","21.43","1.14","64.29","8.35","16.5","3.32","0.65","0","15.16","71.66","2.92","47.22","0.49","33.33","0.1","0.16","0.57","1.46","50","1.14","35.71","0.89","1.38","58.82"
"J. Quigley","League Two 25-26.","Oldham Athletic","CF","29","0","2027-06-30","16","1108","3","6.75","1","0.96","England","right","191","3.66","2.84","62.86","14.38","45.76","0.16","2.64","1.38","0.24","0.55","0.08","2.92","22.22","8.333","0.32","50","0.97","58.33","11.45","21.99","3.57","0.41","0","17.06","69.52","3.74","58.7","0.08","0","0.08","0.08","0.24","1.14","57.14","1.3","43.75","0.57","1.38","70.59"
"T. Conlon","League Two 25-26.","Oldham Athletic","LCMF, LDMF","29","0","2026-06-30","11","1106","0","0.4","2","2.53","England","left","173","9.2","6.51","62.5","5.29","61.54","0.41","6.05","1.3","0","0.03","0","0.49","33.33","0","1.3","50","0.98","41.67","4.56","32.14","0.24","0.16","0","32.31","80.6","13.75","69.23","4.64","52.63","0.21","0.16","0.41","5.61","69.57","2.28","57.14","0.65","6.27","81.82"
"R. Loft","League Two 25-26.","Crawley Town","CF","28","175000","2027-06-30","15","1103","3","5.72","0","0.02","England","right","190","2.86","2.2","48.15","10.04","39.02","0.24","3.35","0.98","0.24","0.47","0.16","1.88","30.43","13.043","0.16","50","0.65","50","5.55","23.53","2.77","0.49","0.16","13.95","67.25","3.59","50","0.9","54.55","0","0","0.16","1.55","52.63","0.73","66.67","0.49","1.8","63.64"
"G. Jones","League Two 25-26.","Milton Keynes Dons","RB, RWB, RCB","30","400000","2026-06-30","14","1102","0","0.38","1","0.51","Australia","right","178","7.68","5.64","62.32","3.76","32.61","0.08","6.18","1.14","0","0.03","0","0.16","50","0","2.53","29.03","0.49","66.67","1.88","52.17","0.65","1.47","0.41","29.48","63.16","16.33","57.5","6.78","40.96","0.04","0","0.25","7.19","57.95","3.19","23.08","0.33","8.58","65.71"
"K. Cameron","League Two 25-26.","Bromley","LCB, CB","28","250000","","13","1101","1","0.78","0","0.21","England","left","190","8.26","5.23","73.44","7.44","53.85","0.57","5.91","0.57","0.08","0.06","0.08","0.82","40","10","0.25","33.33","0.33","50","1.31","50","1.14","0.33","0","21.42","70.23","11.28","57.97","5.07","38.71","0.02","0","0","4.66","47.37","0.82","20","0.08","5.89","55.56"
"F. Rawson","League Two 25-26.","Accrington Stanley","CB","29","225000","2026-06-30","12","1099","1","0.47","0","0.26","England","right","193","8.76","5","75.41","11.55","70.92","0.57","7.38","0.08","0.08","0.04","0","0.16","50","50","0","0","0","0","0.82","50","0.66","0","0","20.96","70.31","11.71","59.44","3.52","48.84","0.02","0","0","2.21","37.04","0.33","25","0.33","5.65","47.83"
"R. Ogle","League Two 25-26.","Oldham Athletic","RB, RCB","26","0","","12","1097","1","1.4","0","0.62","Australia","right","173","8.53","7.22","51.14","4.27","59.62","0.57","6.63","0.98","0.08","0.11","0","0.49","33.33","16.667","1.8","18.18","0.9","54.55","2.13","30.77","0.57","1.07","0.25","27.24","66.57","14.11","55.23","6.56","41.25","0.05","0","0.08","6.4","52.56","1.89","43.48","0.49","8.12","62.63"
"K. Hughes","League Two 25-26.","Fleetwood Town","LCB","20","0","2027-06-30","12","1095","0","0.02","0","0.28","England","unknown","0","7.15","3.86","74.47","4.27","63.46","0.58","5.66","0.58","0","0","0","0.16","0","0","0.9","45.45","0.16","100","1.48","38.89","0.08","0.49","0.16","31.56","72.66","15.53","62.43","5.34","36.92","0.02","0","0.08","6.08","50","1.07","38.46","0","6.16","61.33"
"N. Tzanev","League Two 25-26.","Newport County","GK","29","100000","","11","1093","0","0","0","0","New Zealand","right","195","2.14","0.25","33.33","0.25","100","0","2.92","0","0","0","0","0","0","0","0","0","0","0","0.08","100","0","0","0","22.4","78.31","14.08","66.67","11.2","58.82","0","0","0","4.12","54","0.16","0","0","8.48","69.9"
"J. Turner","League Two 25-26.","Gillingham","GK","26","175000","","11","1092","0","0","0","0.03","England","right","194","1.65","0.08","100","0.74","88.89","0","2.38","0.08","0","0","0","0","0","0","0","0","0.08","100","0.41","100","0","0","0","19.37","71.06","16.15","66.33","15.49","65.43","0","0","0","7.66","70.97","0.25","33.33","0","11.37","84.06"
"L. Warrington","League Two 25-26.","Walsall","DMF","23","500000","2027-06-30","18","1084","0","0.2","0","0.16","England","right","182","7.89","6.89","61.45","4.23","47.06","0","3.3","0.5","0","0.02","0","0.66","12.5","0","0.66","50","0.25","33.33","1.99","25","0.25","0.08","0","30.3","80.82","8.97","65.74","3.65","54.55","0.01","0","0","4.07","65.31","0.91","36.36","0.17","4.9","59.32"
"T. Hall","League Two 25-26.","Notts County","AMF, LWF, RCMF","20","0","2029-06-30","17","1082","5","2.75","1","0.43","England","","0","5.91","5.16","51.61","2.41","31.03","0.17","4.63","2.16","0.42","0.23","0","1.08","61.54","38.462","1.16","14.29","2.66","50","9.15","27.27","3.24","1.41","0.17","28.53","79.59","8.07","71.13","0.91","27.27","0.04","0","0.08","3.33","62.5","1.33","68.75","1.16","3.91","65.96"
"R. Longelo-Mbule","League Two 25-26.","Salford City","RWB","26","175000","2026-06-30","17","1079","0","1.15","1","1.31","Congo DR","left","183","7.76","5.67","63.24","5.09","49.18","0.08","6.68","6.26","0","0.1","0","1.25","20","0","4.09","34.69","8.34","55","15.43","43.78","2.17","3.67","0.42","21.1","64.03","6.84","62.2","1.67","60","0.11","0","0.42","2.25","48.15","3","55.56","0.5","4.59","70.91"
"N. Kenneh","League Two 25-26.","Tranmere Rovers","LCMF, RCMF, LDMF","23","600000","2027-06-30","18","1079","0","0.11","1","0.36","Liberia","right","190","10.59","5.92","64.79","6.17","48.65","0.33","8.5","0.33","0","0.01","0","0.58","14.29","0","0.33","50","0.17","50","4","37.5","0.33","0.25","0","22.85","74.45","8.84","64.15","2.42","58.62","0.03","0","0.08","3.59","60.47","0.67","37.5","0.25","5.17","61.29"
"C. Evans","League Two 25-26.","Fleetwood Town","CF","37","150000","2026-06-30","24","1078","3","4.23","4","1.94","Wales","right","183","3.76","3.59","55.81","6.43","24.68","0","2.6","2.92","0.25","0.35","0.08","1.92","34.78","13.043","2.09","48","2","58.33","9.77","34.19","4.17","0.58","0","21.46","68.09","5.43","53.85","1.92","65.22","0.16","0.08","0.58","2.59","58.06","2.59","51.61","1.25","3.42","85.37"
"J. Bauress","League Two 25-26.","Accrington Stanley","LCMF, RCMF","19","0","2026-06-30","17","1074","0","0.56","0","0.65","England","","0","5.78","4.27","70.59","4.02","33.33","0.08","4.1","1.17","0","0.05","0","0.84","20","0","1.59","52.63","0.25","66.67","1.59","36.84","0.42","0.5","0","40.89","70.9","19.36","56.71","7.46","38.2","0.05","0","0.17","9.22","57.27","2.51","40","0.42","8.88","70.75"
"A. Hartigan","League Two 25-26.","Barnet","LCMF, DMF, RCMF","25","0","2026-06-30","15","1068","0","0.14","2","1.53","England","right","178","6.49","4.38","65.38","2.11","36","0","5.72","0.67","0","0.01","0","0.34","25","0","1.01","41.67","0.17","50","1.26","40","0","0.42","0","48.79","86.18","17.44","73.91","4.21","44","0.13","0.08","0.17","8.93","72.64","2.11","56","0.84","7.58","87.78"
"Z. Asare","League Two 25-26.","Harrogate Town","RB, RCB, RWB","24","0","2026-06-30","14","1067","0","0.09","0","0.24","England","right","176","7.34","6.66","51.9","2.78","48.48","0.25","5.54","0.67","0","0.01","0","0.17","0","0","0.34","0","1.01","66.67","4.55","42.59","0.34","0.51","0","27.33","76.85","11.13","64.39","3.96","40.43","0.02","0","0.25","4.81","56.14","0.76","11.11","0.17","4.81","68.42"
"R. Browne","League Two 25-26.","Walsall","RCB","22","0","2026-06-30","14","1062","1","1.05","0","0.02","England","","0","7.88","5.08","68.33","3.22","39.47","0.25","5.65","0.25","0.08","0.09","0","0.59","42.86","14.286","0.68","0","0.08","0","2.2","38.46","1.19","0.42","0","28.81","74.71","14.58","64.53","5.42","45.31","0","0","0","6.1","65.28","0.76","22.22","0.17","6.95","56.1"
"R. Harper","League Two 25-26.","Barrow","RCMF, LCMF, DMF","25","275000","2027-06-30","13","1052","1","0.65","0","0","England","right","188","6.5","4.96","60.34","3.85","64.44","0.17","3.88","1.11","0.09","0.06","0","0.77","33.33","11.111","0.34","25","1.11","69.23","4.88","42.11","0.6","0.43","0","27.89","75.15","8.9","50","3.25","36.84","0","0.17","0","4.19","51.02","0.77","22.22","0.09","4.53","52.83"
"J. Caprice","League Two 25-26.","Oldham Athletic","RB","33","150000","","17","1051","0","0.04","1","0.8","England","right","179","7.45","6.76","62.03","2.4","50","0.26","4.64","3.6","0","0","0","0.26","0","0","4.45","30.77","2.65","83.87","5.82","52.94","0.43","1.8","0.17","25.69","66.33","8.82","49.51","4.71","40","0.07","0","0.77","4.2","48.98","3.17","43.24","0.17","6.08","77.46"
"D. Tanton","League Two 25-26.","Chesterfield","RB","22","250000","2026-06-30","15","1035","0","0.06","2","1.04","United States","right","175","9.13","7.65","69.32","2","39.13","0.26","5.94","2.61","0","0.01","0","0.26","0","0","3.57","41.46","2","56.52","4.61","45.28","1.3","1.3","0","40.7","76.71","13.22","59.21","5.04","36.21","0.09","0","0.87","6.09","52.86","2.96","52.94","0.7","8.35","66.67"
"B. Blacker","League Two 25-26.","Tranmere Rovers","LCMF, RCMF","19","0","2026-05-31","18","1035","1","0.55","1","0.49","England","unknown","0","8.35","5.83","58.21","2.78","53.13","0","7.83","1.74","0.09","0.05","0","1.04","33.33","8.333","0.43","80","1.91","54.55","5.91","48.53","1.04","0.61","0.09","29.65","78.89","11.65","64.93","2.78","50","0.04","0.09","0.17","4.7","74.07","1.22","57.14","0.7","5.57","64.06"
"C. Caton","League Two 25-26.","Accrington Stanley","CF, AMF","23","0","2027-06-30","20","1033","3","3.15","0","0.2","Wales","","0","2.35","2.7","41.94","10.54","28.1","0.09","1.61","0.96","0.26","0.27","0.17","1.48","23.53","17.647","0.78","22.22","0.7","62.5","4.53","25","2.09","0.44","0.35","12.63","58.62","3.05","40","1.22","28.57","0.02","0.09","0.09","1.74","35","1.05","33.33","0.26","1.39","56.25"
"S. Conneely","League Two 25-26.","Accrington Stanley","RCMF, LCMF","37","75000","2026-06-30","17","1023","0","0.73","0","0.1","England","right","175","10.12","4.93","75","5.72","53.85","0.26","8.67","0.62","0","0.06","0","0.88","30","0","0.35","25","0.35","75","1.85","42.86","0.7","0.26","0","37.3","73.82","16.45","62.03","5.01","38.6","0.01","0","0.18","6.07","59.42","0.97","45.45","0.35","7.21","58.54"
"L. Kinsella","League Two 25-26.","Cheltenham Town","RCMF, RDMF","29","150000","2026-06-30","20","1022","0","0.12","0","0.14","England","right","175","8.72","5.99","52.94","5.64","59.38","0.62","6.47","0.53","0","0.01","0","0.26","0","0","0.62","28.57","0.62","57.14","2.03","43.48","0.44","0.09","0","22.63","77.82","8.89","60.4","3.17","52.78","0.01","0","0","3.26","72.97","0.7","37.5","0.18","4.23","50"
"N. Canavan","League Two 25-26.","Barrow","CB","34","100000","2026-06-30","13","1022","0","0.28","1","0.04","England","left","193","8.98","4.67","66.04","6.52","63.51","0.79","6.64","0.09","0","0.02","0","0.18","50","0","0","0","0","0","0.26","0","0.35","0.18","0","27.39","75.56","16.2","63.04","6.16","51.43","0","0","0.09","5.81","48.48","0.18","50","0","7.31","62.65"
"J. Walker","League Two 25-26.","Grimsby Town","LCMF, RCMF","32","275000","","21","1018","4","2.91","1","1.54","Scotland","right","175","7.96","5.3","70","3.54","37.5","0.18","7.5","3.54","0.35","0.26","0","2.48","39.29","14.286","1.77","50","2.74","58.06","7.69","47.13","3.54","2.65","0.09","30.85","78.51","11.23","66.93","2.83","62.5","0.14","0.27","0.71","4.95","66.07","2.65","63.33","1.06","5.48","82.26"
"K. Payne","League Two 25-26.","Oldham Athletic","AMF, LCMF","21","0","2026-05-31","15","1017","0","1.36","0","0.95","England","unknown","0","7.88","6.28","61.97","3.36","36.84","0.35","5.33","1.24","0","0.12","0","1.15","23.08","0","0.88","60","0.8","55.56","3.36","31.58","1.68","0.44","0.09","20.09","63.88","8.23","39.78","2.21","48","0.08","0","0.18","3.98","40","1.68","42.11","0.71","4.07","54.35"
"O. Edwards","League Two 25-26.","Colchester United","LAMF","24","200000","2026-06-30","19","1008","0","0.47","1","1.35","England","right","173","5.54","5.09","63.16","2.68","6.67","0","4.12","4.82","0","0.04","0","0.89","20","0","3.48","41.03","6.96","46.15","15","31.55","2.59","5.27","1.16","28.48","80.88","4.46","74","1.07","50","0.12","0","0.8","0.8","66.67","3.57","62.5","1.16","3.84","74.42"
"L. McCann","League Two 25-26.","Fleetwood Town","LWB, RWB, RB","24","175000","2027-06-30","15","1008","1","1.34","0","0.89","Scotland","right","188","10.98","10.18","60.53","9.91","63.06","0.45","5.64","2.95","0.09","0.12","0","1.43","37.5","6.25","1.61","16.67","3.21","63.89","8.3","52.69","2.23","1.34","0.18","21.79","63.52","8.57","54.17","2.32","42.31","0.08","0.09","0.18","2.41","33.33","1.61","27.78","0.63","4.29","54.17"
"J. McGregor","League Two 25-26.","Swindon Town","RWB, LWB, RB","19","0","2027-06-30","18","1007","1","0.19","0","0.3","England","","0","10.9","7.15","62.5","4.56","41.18","0.09","9.5","2.06","0.09","0.02","0.09","0.18","50","50","1.25","35.71","2.77","54.84","8.13","40.66","0.8","0.8","0.45","29.49","71.52","10.81","55.37","3.49","33.33","0.03","0","0.27","2.95","48.48","1.43","31.25","0.27","5.54","46.77"
"D. Tharme","League Two 25-26.","Grimsby Town","RCB","26","175000","2028-06-30","10","1006","0","0.1","0","0","England","right","183","8.14","4.29","64.58","7.51","65.48","0.27","9.67","0.09","0","0.01","0","0.09","0","0","0","0","0.09","100","0.45","40","0.36","0.45","0","42.76","76.78","23.71","65.66","7.69","41.86","0","0","0","7.51","54.76","0.98","18.18","0.18","11.81","58.33"
"K. Drummond","League Two 25-26.","Oldham Athletic","RW, CF, LW","25","0","2026-06-30","21","1004","1","3.02","1","1.26","England","","0","8.43","6.54","71.23","3.5","23.08","0.09","4.91","2.42","0.09","0.27","0","1.43","56.25","6.25","0.99","72.73","1.88","47.62","7.8","34.48","2.78","1.88","0.54","16.67","72.58","4.3","39.58","1.08","0","0.11","0","0.36","1.97","31.82","1.34","60","0.63","2.24","56"
"D. Pereira","League Two 25-26.","Crawley Town","RWB","26","175000","","15","1004","0","0.95","3","3.51","England","left","180","5.65","4.66","61.54","1.88","42.86","0","5.08","4.57","0","0.08","0","1.34","20","0","3.14","45.71","4.3","62.5","11.29","46.83","3.32","3.14","0.27","27.07","79.14","6.45","61.11","2.42","44.44","0.31","0.18","1.25","2.87","75","2.78","61.29","1.61","5.47","73.77"
"L. Wing","League One 24-25.","Reading","DMF","30","650000","2028-06-30","46","4545","9","3.25","7","8.2","England","right","184","9.94","5.37","67.16","2.46","46.77","0.46","9.15","1.84","0.18","0.06","0","1.7","27.91","10.465","1.47","45.95","1.19","48.33","4.12","38.46","0.59","0.95","0","49.86","80.18","20.14","66.67","8.5","52.45","0.16","0.46","0.48","10.5","60.38","3.5","44.63","1.03","11.41","78.13"
"C. Coventry","League One 24-25.","Charlton Athletic","RDMF, DMF, RCMF","25","1500000","2027-06-30","47","4428","1","0.66","3","5.41","England","right","177","11.12","8.25","64.78","2.85","43.57","0.24","7.49","1.5","0.02","0.01","0","0.49","29.17","4.167","1.65","58.02","0.65","50","3.41","38.69","0.2","0.59","0.08","45.22","81.71","16.02","64.85","7.22","49.58","0.11","0.1","0.3","8.84","61.84","3.31","55.21","1.02","8.72","78.09"
"J. Powell","League One 24-25.","Rotherham United","LCMF, LDMF","27","500000","2026-06-30","46","4319","1","2.25","8","11.83","England","left","178","8.9","6.11","67.92","2.83","46.32","0.4","6.48","2.96","0.02","0.05","0","1.29","17.74","1.613","3.61","32.95","3.15","47.02","8.17","41.33","0.6","1.56","0.25","36.8","75.08","12.94","63.45","5.15","48.99","0.25","0.15","0.4","6.75","64.51","3.9","40.11","0.52","7.5","70.83"
"M. Pinnock","League One 24-25.","Northampton Town","LWB, RAMF","31","300000","","46","4264","2","2.05","7","5.49","England","left","178","6.82","4.98","59.32","2.58","39.34","0.13","4.73","2.26","0.04","0.04","0","0.84","30","5","3.5","31.33","2.28","39.81","5.4","34.38","1.33","0.84","0.19","24.89","67.01","8.44","53.25","4.09","38.66","0.12","0.04","0.25","4.18","44.44","3.27","44.52","0.65","5.21","73.28"
"T. Darikwa","League One 24-25.","Lincoln City","RWB, RB","33","350000","2026-06-30","44","4156","5","2.64","4","3.01","England","right","188","8.16","5.54","62.11","2.45","46.02","0.28","5.63","1.6","0.11","0.06","0.02","0.58","33.33","18.519","2.12","37.76","1.06","51.02","3.01","38.85","1.08","0.82","0.09","35.97","73.75","15.87","61.94","6.37","46.94","0.07","0.06","0.3","6.13","49.47","2.64","58.2","0.8","9.07","70.17"
"K. Wootton","League One 24-25.","Stockport County","CF","29","300000","2027-06-30","48","4142","11","19.11","3","2.26","England","right","188","3.52","2.85","47.33","10.3","46.62","0.13","2.82","1.37","0.24","0.42","0.09","1.91","48.86","12.5","0.15","14.29","0.63","58.62","9","20.05","2.98","0.28","0","13.88","72.46","3.28","58.28","0.61","64.29","0.05","0.09","0.17","1.56","52.78","0.76","51.43","0.72","1.48","70.59"
"J. McMillan","League One 24-25.","Exeter City","RWB, RB, RCMF","28","350000","2026-06-30","43","4107","2","1.54","3","1.72","Scotland","right","183","7.63","6.55","71.24","1.95","32.58","0.24","4.12","0.44","0.04","0.03","0","0.26","33.33","16.667","0.53","45.83","0.33","33.33","1.73","31.65","0.61","0.64","0.09","34.49","83.1","11.99","69.84","3.13","51.05","0.04","0.02","0.18","3.79","62.43","0.83","47.37","0.24","5.57","63.78"
"D. Keillor-Dunn","League One 24-25.","Barnsley","CF","28","750000","2027-06-30","45","4082","18","13.28","3","3.68","England","right","180","3.35","3.04","63.77","3.7","32.74","0.07","2.15","2.18","0.4","0.29","0.02","2.29","41.35","17.308","0.68","41.94","1.81","48.78","5.4","33.88","2.6","0.97","0.24","25.22","81.12","5.16","55.98","2.16","54.08","0.08","0.15","0.49","2.87","56.92","1.52","59.42","0.9","3","69.85"
"H. Knibbs","League One 24-25.","Reading","RCMF, LCMF, LWF","26","600000","2029-06-30","43","4065","14","11.5","5","3.69","England","right","187","9.01","6.95","60.51","4.49","45.32","0.24","6.46","1.35","0.22","0.25","0","1.08","40.82","28.571","1.24","33.93","1.11","42","5.58","37.3","2.39","0.62","0.15","23.09","76.32","6.31","58.95","1.31","35.59","0.08","0.04","0.35","2.3","63.46","1.44","52.31","0.82","3.14","57.75"
"C. Kelman","League One 24-25.","Leyton Orient","CF","24","300000","2029-06-30","49","4050","23","18.08","5","4.07","England","right","180","2.44","2.42","62.39","5.47","19.11","0.13","1.4","2.58","0.47","0.4","0.09","2.53","49.12","20.175","1","15.56","2.36","48.11","8.13","27.87","3.71","1.13","0.22","11.11","67.4","2.62","61.02","0.44","40","0.09","0.13","0.36","0.96","60.47","1","53.33","0.69","1.62","64.38"
"S. Smith","League One 24-25.","Wrexham","CF","27","600000","2028-06-30","43","3930","18","16.11","1","1.86","England","left","181","3.18","2.29","63","9.71","35.61","0.16","2.3","1.44","0.39","0.37","0.09","1.9","56.63","21.687","0.39","35.29","0.66","34.48","7.69","21.43","2.98","0.39","0.14","12.53","75.32","1.53","47.76","0.34","20","0.04","0.02","0.18","0.66","48.28","0.39","58.82","0.44","0.94","46.34"
"J. Brophy","League One 24-25.","Cambridge United","LWB, LCMF, LW","31","400000","2026-06-30","46","3879","3","2.81","4","3.58","England","left","180","8.68","6.98","57.81","2.74","37.29","0.21","5.09","2.23","0.07","0.07","0","0.7","23.33","10","1.88","40.74","2.09","61.11","5.06","47.71","1.14","1.42","0.46","28.07","75.45","9.72","62.05","2.83","45.08","0.08","0.12","0.28","3.81","61.59","2.18","48.94","0.6","5.57","70.42"
"J. Brown","League One 24-25.","Leyton Orient","LDMF, RDMF, DMF","24","400000","2029-06-30","46","3853","2","3.24","1","1.43","England","right","181","7.8","3.76","62.11","5.72","46.12","0.4","8.03","0.84","0.05","0.08","0","0.98","28.57","4.762","0.49","52.38","0.47","40","2.24","35.42","0.61","0.61","0.14","36.88","75.62","15.77","59.11","6.31","43.33","0.03","0.23","0.21","8.5","57.69","1.33","45.61","0.35","7.31","69.97"
"L. Evans","League One 24-25.","Blackpool","RCMF, DMF","31","300000","2026-06-30","42","3852","4","3.88","4","8.39","Wales","right","186","8.34","5.4","56.28","2.83","58.68","0.26","6.67","1.52","0.02","0.09","0","0.98","28.57","9.524","2.31","43.43","0.35","60","2.59","52.25","0.3","0.33","0","56.64","81.85","17.85","66.23","7.73","52.27","0.2","0.05","0.33","9.49","65.52","3.41","46.58","0.72","9.51","75.92"
"C. McGeehan","League One 24-25.","Northampton Town","AMF, RWF, LCMF","30","375000","2026-06-30","40","3805","10","8.18","1","2.62","England","right","180","5.01","4.38","56.22","8.4","34.08","0.17","3.05","1.25","0.24","0.19","0.02","1.32","51.79","17.857","0.45","42.11","0.92","41.03","4.42","32.62","2.08","0.64","0.14","22.02","71.75","7.66","54.63","1.66","45.71","0.06","0","0.17","3.05","51.16","1.04","56.82","0.52","3.19","54.07"
"C. Savage","League One 24-25.","Reading","LCMF","22","600000","2027-06-30","45","3802","5","4.07","4","5.27","England","left","182","6.32","5.52","53.65","1.44","32.79","0.14","4.41","1.51","0.12","0.1","0","1.61","27.94","7.353","2.53","36.45","0.17","57.14","1.54","27.69","1.04","0.64","0.02","38.61","78.54","11.58","64.83","5.28","47.53","0.12","0.09","0.28","6.34","66.79","2.84","48.33","0.57","6.79","72.47"
"T. Campbell","League One 24-25.","Charlton Athletic","LAMF, CF","22","0","2026-06-30","47","3795","7","5.62","0","5.47","England","right","172","3.87","3.89","59.76","2.63","10.81","0","2.1","5.05","0.17","0.13","0","1.54","38.46","10.769","3.11","28.24","6.17","56.15","16.39","36.47","3.87","3.3","0.52","21.18","75.14","3.94","61.45","0.59","36","0.13","0.21","0.64","1.26","69.81","2.35","50.51","1.07","2.37","74"
"C. Humphreys","League One 24-25.","Wycombe Wanderers","AMF","22","0","2026-06-30","44","3789","7","6","4","5.21","England","left","178","6.77","6.01","64.03","2.3","38.14","0.1","3.59","3.23","0.17","0.14","0","1.52","31.25","10.938","2.09","45.45","2.64","61.26","7.15","49.83","1.71","0.83","0.07","31.26","75.3","10.86","57.55","4.11","46.24","0.12","0.36","0.38","5.7","54.17","3.35","50.35","0.81","5.96","78.09"
"G. Docherty","League One 24-25.","Charlton Athletic","LDMF, RCMF, LCMF","29","900000","2027-06-30","43","3740","4","4.63","1","2.57","Scotland","right","177","7.92","6.4","60.9","3.83","45.28","0.24","5.82","1.37","0.1","0.11","0","0.99","36.59","9.756","1.11","32.61","1.42","45.76","4.76","37.37","1.42","1.18","0.36","30.39","76.25","11.31","58.72","3.73","44.52","0.06","0.07","0.1","4.84","57.71","1.78","48.65","0.63","5.41","67.11"
"B. Wiles","League One 24-25.","Huddersfield Town","RCMF, LCMF, AMF","26","2200000","2026-06-30","45","3724","8","6.53","4","5.74","England","right","172","4.3","3.09","70.31","3.12","39.53","0.1","2.95","2.3","0.19","0.16","0","1.72","33.8","11.268","1.84","23.68","1.91","64.56","5.49","45.81","2.01","1.04","0.22","29.07","77.72","7.52","61.41","1.79","52.7","0.14","0.17","0.22","3.87","65.63","1.84","40.79","0.56","4.66","72.02"
"S. Nombe","League One 24-25.","Rotherham United","CF, LWF","27","600000","2027-06-30","43","3721","14","18.3","4","4.21","England","right","180","4.64","4.55","61.7","7.45","30.52","0.12","2.38","2.88","0.31","0.44","0.1","1.98","40.24","17.073","1.31","31.48","3.1","51.56","10.96","27.37","3","1.19","0.17","11.78","66.53","3.12","59.69","0.85","54.29","0.1","0.1","0.44","1.06","52.27","1.45","51.67","0.75","2.06","68.24"
"J. McClean","League One 24-25.","Wrexham","LB, LW, LWB","36","200000","2027-06-30","42","3692","4","3.43","7","5.81","Northern Ireland","left","180","6.63","5.46","59.82","3.75","56.49","0.1","4.07","3.66","0.1","0.08","0.02","0.88","16.67","11.111","4.44","38.46","2.68","67.27","5.09","51.67","1.49","0.93","0.12","29.35","70.51","8.36","53.06","4.53","43.55","0.14","0.02","0.56","3.29","39.26","3.83","44.59","0.27","6.31","69.11"
"Paik Seung-Ho","League One 24-25.","Birmingham City","LDMF, LCMF","28","1000000","2028-06-30","41","3650","1","1.92","3","3.36","Korea Republic","right","182","6.41","4.04","67.68","2.84","52.17","0.12","6.25","1.82","0.02","0.05","0","0.89","27.78","2.778","1.36","43.64","1.6","60","5.25","42.25","1.16","1.13","0.27","51.53","89.19","14.28","80.48","2.27","52.17","0.08","0.1","0.25","6.53","78.49","2.02","54.88","0.59","6.02","74.18"
"T. Iwata","League One 24-25.","Birmingham City","RDMF, RCMF","28","1200000","2027-06-30","40","3631","6","2.76","2","1.42","Japan","right","176","6","4.34","65.71","1.24","62","0.2","5.96","0.89","0.15","0.07","0","1.24","30","12","0.79","31.25","0.52","47.62","2.9","38.46","0.77","1.12","0.07","57.43","88.04","14.87","71.5","3.42","56.52","0.04","0.02","0.17","7.06","77.19","1.69","54.41","0.79","6.84","72.83"
"D. Taylor","League One 24-25.","Wigan Athletic","CF","22","750000","2029-06-30","43","3621","11","10.91","5","2.19","Northern Ireland","right","185","3.68","3.21","58.14","6.66","25","0.25","2.32","1.64","0.25","0.27","0.07","1.12","42.22","24.444","0.3","33.33","1.89","53.95","7.73","31.19","1.96","0.77","0.1","11.76","75.9","2.86","66.09","0.65","53.85","0.05","0.12","0.27","1.79","58.33","0.67","74.07","0.4","1.54","64.52"
"L. Reed","League One 24-25.","Mansfield Town","DMF","28","325000","2026-06-30","41","3606","0","1.86","2","2.41","England","right","173","7.74","6.39","55.08","1.37","43.64","0.3","4.03","0.87","0","0.05","0","0.82","27.27","0","0.62","56","0.4","56.25","1.3","42.31","0.32","0.42","0","48.74","82.74","18.19","67.63","8.24","59.7","0.06","0.2","0.12","9.26","67.65","2.15","60.47","0.92","9.06","73.83"
"M. Mothersille","League One 24-25.","Peterborough United","LAMF, AMF, CF","22","250000","2028-06-30","45","3568","12","14.49","9","4.25","England","right","187","3.88","3.41","59.26","2.5","25.25","0.05","2.75","3.61","0.15","0.37","0","1.77","57.14","17.143","1.79","33.8","4.14","46.95","10.8","29.67","3.13","2.32","0.38","22.27","76.78","4.29","66.47","1.54","55.74","0.11","0.15","0.61","2.24","58.43","2.22","48.86","1.24","3.46","68.61"
"W. Collar","League One 24-25.","Stockport County","AMF, RWF","28","350000","","42","3565","8","8.92","2","2.87","England","right","178","5.53","5","59.6","4.12","42.94","0.15","3.5","1.49","0.18","0.23","0.05","1.31","48.08","15.385","0.98","41.03","0.83","45.45","4.04","37.5","2.25","0.68","0.13","25.07","73.21","7.27","55.21","2.15","44.71","0.07","0.13","0.33","3.64","58.33","1.29","41.18","0.48","3.61","65.73"
"A. Collins","League One 24-25.","Peterborough United","LDMF, LCMF, RDMF","26","800000","2026-06-30","40","3560","1","2.29","2","0.66","England","right","174","8.44","5.49","70.05","1.97","51.28","0.66","5.86","0.63","0.03","0.06","0","0.63","32","4","0.35","21.43","0.66","38.46","3.89","40.26","0.35","0.81","0.18","46.69","87.71","11.96","65.75","4.6","47.25","0.02","0.15","0.1","5.76","65.35","0.94","35.14","0.3","5.94","64.26"
"A. Gilliead","League One 24-25.","Shrewsbury Town","RCMF, RWB","29","225000","2026-01-11","42","3542","0","0.7","1","2.36","England","right","183","8.74","7.75","64.26","3.18","44","0.18","4.48","1.19","0","0.02","0","0.33","7.69","0","1.04","34.15","1.42","57.14","5.51","39.63","0.91","0.86","0.28","25.05","80.83","6.63","60.92","1.85","41.1","0.06","0","0.15","2.69","61.32","1.17","41.3","0.38","3.18","61.6"
"M. Wilks","League One 24-25.","Rotherham United","CF, RAMF, AMF","27","450000","2027-06-30","41","3540","9","10.55","3","3.59","England","left","183","3.31","3.74","56.46","7.6","25.75","0","1.48","4.55","0.2","0.27","0.05","2.67","41.9","8.571","1.88","22.97","6.23","48.16","16.07","37.03","3.53","2.08","0.36","12.71","62.2","3.36","57.58","0.46","44.44","0.09","0.1","0.38","1.32","46.15","1.81","42.25","0.69","1.65","75.38"
"G. Dobson","League One 24-25.","Wrexham","RCMF, DMF","28","500000","2027-06-30","42","3538","1","1.12","3","2.46","England","right","185","9.41","7.12","67.5","4.07","45.63","0.25","4.89","0.84","0.03","0.03","0","0.41","18.75","6.25","0.69","29.63","0.99","53.85","3.08","37.19","0.43","0.48","0.15","37.6","80.51","12.85","67.52","4.91","61.14","0.06","0.05","0.28","6.72","67.42","1.83","54.17","0.76","7.45","73.38"
"A. Collins","League One 24-25.","Bolton Wanderers","CF, LWF, AMF","28","1300000","2027-06-30","45","3523","12","14.83","4","4.56","Wales","right","178","3.14","2.58","52.48","4.01","21.02","0.08","2.85","3.55","0.31","0.38","0.05","2.71","40.57","11.321","2.53","24.24","3.55","50.36","8.2","35.2","3.47","1.48","0.33","18.62","66.12","5.06","49.49","0.84","48.48","0.12","0.23","0.41","1.84","54.17","2.68","38.1","0.84","2.63","64.08"
"A. Morley","League One 24-25.","Bolton Wanderers","RDMF, RCMF","25","900000","2027-06-30","38","3492","6","3.08","7","4.74","England","right","174","6.29","4.15","65.84","1.73","55.22","0.23","5.67","1.47","0.08","0.08","0","1.06","34.15","12.195","1.91","35.14","0.54","66.67","1.31","45.1","0.36","0.62","0.05","42.42","80.98","14.15","66.67","5.75","47.09","0.12","0.21","0.31","8.17","65.3","2.6","48.51","0.72","7.6","78.98"
"L. Connell","League One 24-25.","Barnsley","DMF, LCMF","24","500000","2027-06-30","41","3480","2","1.76","3","4.27","England","left","181","6.7","4.84","62.03","2.2","44.71","0.26","5.15","1.14","0.05","0.05","0","1.22","12.77","4.255","1.09","28.57","1.14","54.55","4.4","44.12","0.54","0.49","0.1","40.55","79.72","12.91","62.12","5.51","48.36","0.11","0.13","0.47","7.58","61.43","2.09","46.91","0.52","6.72","69.62"
"J. Roberts","League One 24-25.","Stevenage","RAMF, LAMF, AMF","32","300000","","42","3452","4","5.15","1","2","England","left","185","6.96","6.1","60.26","9.52","36.99","0.13","4.46","1.96","0.1","0.13","0","1.12","30.23","9.302","2.16","21.69","2.53","44.33","9.67","37.2","1.77","1.23","0.18","24.46","68.23","6.67","51.56","2.4","43.48","0.05","0.05","0.18","3.47","48.12","2.27","44.83","0.81","4.22","69.75"
"C. McGrandles","League One 24-25.","Lincoln City","RCMF, DMF, RDMF","30","200000","2026-06-30","42","3440","0","0.68","0","0.94","Scotland","right","183","9.26","6.25","71.13","3.14","53.33","0.13","5.52","0.44","0","0.02","0","0.29","18.18","0","0.55","28.57","0.47","44.44","3.45","43.94","0.5","0.24","0.05","34.98","82.27","10.02","62.4","3.58","47.45","0.02","0.08","0.03","4.16","59.75","1.2","43.48","0.34","4.42","64.5"
"R. Apter","League One 24-25.","Blackpool","RW","22","0","2029-06-30","45","3436","8","6.88","1","6.02","England","left","175","6.52","6","62.88","1.34","15.69","0.03","3.69","6.34","0.21","0.18","0","1.83","35.71","11.429","4.32","35.76","7.83","52.17","14.54","39.28","2.86","3.96","0.81","26.46","70.99","6.23","57.56","1.65","36.51","0.16","0.16","0.58","1.91","60.27","3.61","46.38","0.65","4.77","72.53"
"J. Russell","League One 24-25.","Barnsley","LCMF, RCMF","25","600000","2026-06-30","40","3429","11","7.05","1","2.33","England","right","193","6.9","5.28","62.19","2.65","40.59","0.21","5.35","1.52","0.29","0.19","0.03","1.5","50.88","19.298","0.45","23.53","0.92","62.86","4.86","40.54","1.71","1","0.21","28.71","82.08","6.96","67.17","1.63","48.39","0.06","0.16","0.24","3.33","66.14","1.05","57.5","0.73","3.73","61.97"
"A. Morgan","League One 24-25.","Blackpool","LCMF, RCMF","25","325000","2026-06-30","36","3413","5","3.32","5","6.08","England","right","181","7.91","4.38","65.06","2.27","48.84","0.29","5.99","2.03","0.13","0.09","0.03","1.37","30.77","9.615","1.74","53.03","0.84","71.88","2.51","49.47","0.9","0.9","0.11","47.52","82.63","14.95","66.31","7.86","57.38","0.16","0.18","0.55","8.7","66.06","3.01","56.14","1.03","8.17","78.71"
"C. O''Keeffe","League One 24-25.","Barnsley","RWB, LWB, RB","27","300000","2027-06-30","41","3402","0","0.55","6","7.77","England","right","184","8.33","7.33","59.57","4.26","40.37","0.08","5.7","2.65","0","0.01","0","0.32","25","0","2.91","31.82","2.67","59.41","7.25","45.26","1.88","2.41","0.34","34.97","76.25","11.01","64.18","3.47","41.98","0.21","0.11","0.37","4.37","56.36","3.2","38.84","0.85","6.11","72.29"
"I. Niskanen","League One 24-25.","Exeter City","LWB, RWB","28","325000","2026-06-30","40","3391","2","5.16","1","4.37","Finland","right","177","7.99","6.37","57.08","3.61","39.71","0.19","5.15","2.36","0.05","0.14","0","1.17","11.36","4.545","3.26","27.64","2.15","58.02","3.85","45.52","1.86","1.86","0.37","27.15","71.26","7.72","64.26","1.7","39.06","0.12","0.08","0.53","1.91","63.89","3.03","43.86","0.66","5.71","63.72"
"J. Donley","League One 24-25.","Leyton Orient","AMF","20","1500000","2029-06-30","42","3361","8","5.35","7","5.65","Northern Ireland","left","183","5.68","4.39","62.8","2.92","34.86","0.16","3.97","1.95","0.21","0.14","0.03","1.63","31.15","13.115","1.55","36.21","1.9","39.44","7.23","25.93","2.12","1.1","0.08","33.42","70.27","11.3","49.29","4.07","36.18","0.15","0.27","0.59","5.92","48.42","3.13","55.56","1.53","5.54","73.43"
"J. Magennis","League One 24-25.","Exeter City","CF","35","150000","2026-06-30","40","3350","6","8.04","3","1.83","Northern Ireland","right","188","3.06","1.99","66.22","8.68","39.32","0.3","2.57","1.37","0.13","0.22","0.05","0.99","43.24","16.216","1.02","18.42","1.21","62.22","6.34","28.39","1.93","0.3","0.05","12.81","66.67","2.34","43.68","0.4","40","0.05","0.05","0.21","1.26","51.06","0.81","40","0.48","1.16","60.47"
"O. Norwood","League One 24-25.","Stockport County","RCMF, DMF, RDMF","34","1000000","2027-06-30","44","3347","4","3.35","5","8.07","England","right","175","7.74","5.27","62.24","1.83","60.29","0.19","5.27","1.26","0.03","0.09","0","0.91","35.29","11.765","1.43","50.94","0.27","70","1.64","47.54","0.19","0.27","0","58.86","84.1","19.66","67.85","10.49","55.13","0.22","0.08","0.24","12.42","63.2","2.8","42.31","0.54","10.59","79.7"
"W. Willumsson","League One 24-25.","Birmingham City","AMF, RAMF","27","3000000","2028-06-30","41","3337","6","5.23","5","4.33","Iceland","left","193","4.96","4.61","63.74","3.78","34.29","0.22","3.9","1.83","0.16","0.14","0","1.27","31.91","12.766","1.29","41.67","1.81","46.27","7.28","28.89","2.32","0.86","0.05","36.68","81.25","8.98","65.47","1.97","47.95","0.12","0.22","0.46","3.91","66.21","2.16","46.25","1.02","4.42","65.85"
"G. Thomason","League One 24-25.","Bolton Wanderers","LCMF, LDMF","24","600000","2028-06-30","38","3311","4","3.43","3","2.09","England","left","177","7.09","6.09","62.05","3.4","42.4","0.08","4.96","1.25","0.11","0.09","0","1.09","27.5","10","1.2","25","0.79","68.97","3.75","44.93","1.74","0.9","0.14","43.19","80.99","13.92","62.5","4.62","32.35","0.06","0.22","0.35","6.25","54.35","2.45","48.89","1.06","6.52","66.25"
"R. Jones","League One 24-25.","Peterborough United","CF","23","600000","","46","3309","11","12.61","1","2.08","England","right","183","3.4","3.21","55.93","5.19","19.9","0.11","1.99","2.37","0.27","0.34","0","1.33","51.02","22.449","1.36","30","2.34","54.65","6.72","35.63","2.88","1.88","0.57","8.19","61.13","1.31","47.92","0.46","41.18","0.06","0","0.24","0.44","62.5","0.87","53.13","0.49","1.06","56.41"
"O. Rathbone","League One 24-25.","Wrexham","LCMF, RCMF","29","1200000","2027-06-30","41","3306","9","4.91","3","3.81","England","right","170","9.09","8.09","60.61","2.99","56.36","0.25","5.09","2.12","0.25","0.13","0.03","1.39","33.33","17.647","1.39","37.25","1.58","70.69","5.69","41.63","1.44","1.23","0.41","35.58","80.34","10.34","66.05","3.95","55.86","0.1","0.05","0.3","3.76","65.94","1.93","45.07","0.68","5.15","63.49"
"J. Dacres-Cogley","League One 24-25.","Bolton Wanderers","RWB, RB, RCB","29","500000","2026-06-30","42","3299","1","0.32","4","2.63","England","right","174","9.55","8.62","62.34","3.33","43.44","0.08","6.12","2.26","0.03","0.01","0","0.22","37.5","12.5","2.67","37.76","1.96","58.33","5.57","47.55","1.42","1.72","0.27","42.64","77.74","16.01","64.05","4.91","41.67","0.07","0.05","0.33","5.48","60.7","3.16","53.45","0.98","8.95","71.95"
"L. Bennett","League One 24-25.","Cambridge United","RWB, RB","24","450000","2027-06-30","41","3287","1","1.47","3","5.1","England","right","171","10.87","7.86","66.55","4.38","38.13","0.22","6.85","3.07","0.03","0.04","0","0.44","43.75","6.25","3.86","34.04","2.38","65.52","6.05","47.51","0.82","1.18","0.33","28.09","64.72","12.73","54.19","4.52","35.15","0.14","0","0.38","4.6","45.83","3.37","46.34","0.49","7.34","66.42"
"J. Reid","League One 24-25.","Stevenage","CF, LAMF","31","300000","","42","3286","8","11.15","3","2.94","England","right","181","3.42","3.7","58.52","4.22","20.78","0","1.7","2.44","0.19","0.31","0.03","1.73","46.03","12.698","0.68","20","3.15","45.22","11.28","27.18","2.79","1.15","0.05","12.38","66.59","2.93","49.53","0.74","29.63","0.08","0.11","0.3","1.48","46.3","0.68","48","0.41","1.26","60.87"
"T. Small","League One 24-25.","Charlton Athletic","RAMF, LWB, RWB","21","600000","2029-06-30","42","3280","2","3.24","2","4.2","England","left","177","4.66","3.46","63.49","1.76","37.5","0.05","3.4","5.82","0.05","0.09","0","1.15","26.19","4.762","5.16","38.3","7","50.59","11.69","37.79","1.92","3.46","0.49","21.43","65.94","5.82","55.19","2.77","47.52","0.12","0.05","0.36","1.92","52.86","3.84","46.43","0.36","5.05","72.28"
"G. Lloyd","League One 24-25.","Shrewsbury Town","CF","25","0","","44","3273","5","5.44","3","1.11","England","right","175","5.31","4.01","65.07","8.06","30.72","0.11","2.98","1.07","0.14","0.15","0.03","0.82","33.33","16.667","0.82","20","1.21","50","7.34","31.09","1.84","0.63","0.19","10.45","63.68","2.36","43.02","0.44","43.75","0.03","0.08","0.08","0.85","38.71","0.85","41.94","0.33","0.96","54.29"
"C. Campbell","League One 24-25.","Reading","RWF, LWF","23","900000","2026-06-30","39","3240","5","5.75","1","1.56","England","right","180","5.14","4.31","65.81","3.47","30.4","0.11","3.2","2.64","0.14","0.16","0","1.28","47.83","10.87","1.36","24.49","2.92","56.19","11.78","35.14","2.44","2.17","0.31","21.69","79","4.44","62.5","0.86","45.16","0.04","0.08","0.14","1.61","62.07","1.67","51.67","0.86","2.67","67.71"
"W. Evans","League One 24-25.","Mansfield Town","CF","28","0","2026-06-30","40","3238","14","10.6","2","1.72","Wales","left","185","5.59","4.84","58.05","6","25","0.25","2.86","1.7","0.39","0.29","0.14","1.97","42.25","19.718","1","22.22","1.7","37.7","8.03","25.26","3.56","0.53","0.11","16.84","72.77","3.72","56.72","1.14","41.46","0.05","0","0.17","1.45","59.62","1.22","43.18","0.67","2.03","71.23"
"D. Kemp","League One 24-25.","Stevenage","AMF, RAMF","26","300000","2028-06-30","40","3232","10","10.32","3","4.03","England","left","168","4.51","4.9","56.25","3.04","21.1","0.03","2.52","2.62","0.28","0.29","0.03","1.81","35.38","15.385","1.92","26.09","2.78","52","8.47","35.53","2.59","1.56","0.25","21.11","75.07","5.29","64.74","1.06","42.11","0.11","0.14","0.25","2.53","64.84","1.87","49.25","0.72","3.06","80"
"J. Scowen","League One 24-25.","Wycombe Wanderers","RDMF, RCMF, LDMF","32","275000","","38","3230","0","2.84","4","1.98","England","right","178","7.97","4.85","64.37","2.65","41.05","0.33","6.72","0.78","0","0.08","0","0.78","17.86","0","0.5","38.89","0.56","60","4.26","47.71","1.25","0.78","0.25","33.99","82.13","11.65","63.88","4.15","50.34","0.06","0.11","0.31","5.8","60.1","1.62","53.45","0.78","5.38","69.43"
"L. Thompson","League One 24-25.","Stevenage","RDMF, LDMF","31","200000","","40","3226","2","1.55","1","1.06","England","right","180","8.37","7.48","62.31","2.57","45.65","0.08","4.99","0.89","0.06","0.04","0","0.84","16.67","6.667","0.47","29.41","1.06","57.89","4.1","47.62","0.47","0.98","0.22","29.49","80.7","10.21","63.93","3.01","48.15","0.03","0.08","0.08","4.49","65.22","0.89","50","0.39","4.38","72.61"
"L. Leahy","League One 24-25.","Wycombe Wanderers","LDMF, LB","33","200000","","41","3186","4","4.72","6","7.06","England","left","178","7.71","5.34","62.43","4.04","52.45","0.28","5.58","1.58","0.11","0.13","0","0.99","34.29","11.429","2.09","37.84","0.71","64","3.02","50.47","0.9","0.65","0","39.8","70.9","20.2","59.44","9.55","49.11","0.2","0.14","0.31","10.68","55.82","4.01","45.07","1.38","11.67","76.27"
"R. Kone","League One 24-25.","Wycombe Wanderers","CF","22","0","2030-06-30","43","3161","18","17.06","3","3.35","Côte d'Ivoire","right","0","3.87","3.39","62.18","10.19","29.05","0.06","2.56","2.59","0.4","0.49","0.09","2.45","41.86","20.93","1.11","20.51","2.82","45.45","16.23","20.88","4.98","1.28","0.11","19.1","71.98","3.02","55.66","0.34","25","0.1","0.14","0.43","1.05","56.76","1.28","48.89","1.05","1.34","76.6"
"R. Barnett","League One 24-25.","Wrexham","RB, RWB, RW","26","175000","2027-06-30","40","3123","2","1.2","10","6.17","England","right","180","6.14","4.93","61.4","2.71","40.43","0.06","3.79","6.08","0.06","0.03","0","0.61","38.1","9.524","6.86","36.55","5.19","64.44","7.93","51.64","1.5","2.59","0.63","30.81","63.61","11.07","51.82","5.62","42.56","0.18","0.06","0.86","3.92","39.71","5.1","50.85","0.4","7.78","62.96"
"J. Marquis","League One 24-25.","Shrewsbury Town","CF, AMF","33","150000","2026-06-30","40","3121","11","15.96","1","2.4","England","right","185","3.37","3.55","54.47","7.15","29.44","0.09","1.73","1.64","0.26","0.46","0.03","1.47","50.98","21.569","0.89","19.35","1.67","37.93","9.66","25.97","2.34","1.1","0.37","18.4","72.41","3.95","48.18","1.27","38.64","0.07","0.12","0.17","1.73","41.67","0.87","50","0.58","1.7","55.93"
"K. Chauke","League One 24-25.","Burton Albion","RCMF, DMF, LCMF","23","175000","2027-06-30","38","3120","1","1.11","0","0.25","South Africa","right","177","8.45","6.52","69.47","2.71","48.94","0.29","4.22","0.81","0.03","0.03","0","0.29","40","10","0.43","26.67","1.13","51.28","4.1","32.39","0.32","0.78","0.26","25.56","80.93","7.67","63.53","1.76","37.7","0.01","0","0.03","2.86","67.68","0.95","42.42","0.26","3.4","55.08"
"D. Agyei","League One 24-25.","Leyton Orient","RAMF, CF","28","225000","2027-06-30","44","3112","7","7.29","8","3.92","England","left","183","3.47","3.09","56.07","6.1","29.86","0.06","2.58","5.64","0.17","0.21","0","1.74","41.67","10","3.18","28.18","6.19","64.95","15.13","38.05","4.02","3.33","0.43","16.46","67.49","3.27","60.18","0.52","55.56","0.11","0.03","0.49","0.78","55.56","1.59","38.18","0.4","1.97","72.06"
"S. Hoskins","League One 24-25.","Northampton Town","RWB, CF, RWF","32","225000","2026-06-30","37","3093","7","6.61","1","1.55","England","right","173","6.9","4.89","56.55","3.64","26.4","0.06","5.14","1.77","0.15","0.19","0","1.54","32.08","13.208","1.69","22.41","1.75","50","4.39","35.76","1.8","0.81","0.17","18.77","62.95","6.72","45.45","3.17","39.45","0.04","0.06","0.23","2.88","51.52","1.77","40.98","0.67","3.87","62.41"
"A. Phillips","League One 24-25.","Barnsley","RCMF, RW","27","500000","2026-06-30","36","3067","9","9","5","3.68","England","right","180","4.23","2.67","59.34","6.46","35.45","0.06","3.59","1.97","0.18","0.26","0.03","2.26","44.16","11.688","2.76","22.34","0.85","31.03","3.26","20.72","2.73","0.5","0.09","33.86","74","9.13","60.77","4.11","50","0.11","0.15","0.62","5.31","59.67","4.02","45.99","1.47","5.55","77.78"
"J. McAtee","League One 24-25.","Bolton Wanderers","CF, RWF","26","300000","2027-06-30","45","3036","11","6.82","2","3.18","England","right","180","4.27","4.03","56.62","2.64","32.58","0.09","2.66","2.25","0.33","0.2","0.03","1.69","42.11","19.298","1.51","29.41","1.69","57.89","6.34","33.64","3.02","0.89","0.09","24.49","71.67","6.55","50.23","2.13","44.44","0.09","0.18","0.36","3.32","49.11","2.19","47.3","0.92","3.59","66.12"
"J. Kelly","League One 24-25.","Crawley Town","LWB, DMF","28","275000","2026-11-30","37","3016","3","2.23","3","3.01","Czech Republic","right","175","6.8","4.45","69.8","1.31","29.55","0.24","5.81","1.94","0.09","0.07","0","0.63","33.33","14.286","1.28","41.86","2.09","54.29","6.45","41.67","1.07","1.61","0.15","39.63","82.98","10.53","64.59","3.04","44.12","0.09","0.27","0.24","4.21","73.76","2.18","45.21","0.9","6.3","63.51"
"M. Godden","League One 24-25.","Charlton Athletic","CF","34","400000","2026-06-30","44","3001","19","16.39","1","1.72","England","right","185","3.24","2.13","53.52","9.66","35.09","0.12","3.17","1.65","0.48","0.49","0.06","2.28","51.32","25","0.51","17.65","0.87","37.93","4.11","28.47","4.08","0.39","0.06","15.41","65.18","4.95","46.67","1.59","35.85","0.05","0.06","0.21","2.52","39.29","0.87","24.14","0.33","1.56","67.31"
"D. Phillips","League One 24-25.","Stevenage","RDMF, AMF, RCMF","24","225000","2026-06-30","42","2957","0","0.59","0","0.62","England","right","175","9.86","7.7","66.01","3.65","50","0.21","5.58","0.97","0","0.02","0","0.52","29.41","0","0.37","25","1.52","48","7.67","34.13","0.55","0.4","0.09","25.48","78.38","7.7","60.47","2.77","42.86","0.02","0.03","0.03","3.9","64.84","0.76","44","0.33","3.74","66.67"
"M. James","League One 24-25.","Wrexham","DMF","34","600000","2026-06-30","32","2938","2","0.68","2","1.47","England","right","183","7.78","5.24","65.5","2.48","45.68","0.28","5.78","0.52","0.06","0.02","0","0.58","26.32","10.526","0.25","62.5","0.25","62.5","2.21","38.89","0.28","0.34","0.03","36.3","83.8","11.4","66.13","6","51.02","0.04","0.12","0.15","5.76","62.23","1.32","48.84","0.61","5.48","67.6"
"S. Schön","League One 24-25.","Bolton Wanderers","LWB, LB","25","900000","2027-06-30","39","2935","1","3.2","5","4.62","Hungary","left","173","8.56","6.87","66.52","3.25","35.85","0","5.02","2.97","0.03","0.1","0","1.23","30","2.5","2.05","29.85","3.5","56.14","7.79","46.85","2.7","1.78","0.21","33.15","76.78","9.38","59.48","2.27","27.03","0.14","0.15","0.49","2.97","56.7","2.48","56.79","1.26","5.76","59.04"
"E. Kachunga","League One 24-25.","Cambridge United","RWF, AMF, CF","33","150000","2026-06-30","43","2923","7","7.77","0","2.15","Germany","right","178","4.56","3.54","55.65","6.25","34.98","0.06","3.21","1.23","0.22","0.24","0.03","1.23","42.5","17.5","0.83","44.44","0.89","31.03","7.54","29.8","2.4","0.92","0.31","20.75","74.93","5.54","59.44","0.71","52.17","0.07","0.12","0.22","1.91","62.9","1.08","54.29","0.59","1.88","59.02"
"D. Udoh","League One 24-25.","Wycombe Wanderers","CF, LAMF","29","300000","2027-06-30","43","2918","9","8.14","3","2.76","Nigeria","right","183","3.89","3.55","58.26","8.3","24.16","0.06","2.52","2.1","0.28","0.25","0","1.63","50.94","16.981","0.96","19.35","1.88","55.74","10.86","26.14","3.42","0.8","0.19","16.16","74.43","3.55","47.83","0.56","22.22","0.09","0.15","0.22","1.05","52.94","0.77","56","0.77","1.42","56.52"
"R. Woods","League One 24-25.","Exeter City","LCMF, RCMF, DMF","32","1000000","2027-06-30","37","2888","2","0.33","0","0.86","England","right","173","6.3","4.55","60.96","2.65","37.65","0.37","4.72","0.53","0.06","0.01","0","0.12","50","50","0.59","42.11","0.28","55.56","3.12","35","0.31","0.41","0.06","48.77","85.94","15.15","70.58","4.92","46.84","0.03","0.06","0.12","6.73","68.06","1.25","42.5","0.37","7.17","70"
"C. Marshall","League One 24-25.","Huddersfield Town","CF, RAMF","21","0","2027-06-30","43","2886","9","9.52","2","3.33","Northern Ireland","left","172","6.8","5.99","62.5","4.18","16.42","0.03","3.64","2.34","0.28","0.3","0","2.06","50","13.636","1.81","32.76","1.68","38.89","5.86","25","3.56","0.56","0.12","20.93","68.85","4.46","43.36","1.72","43.64","0.1","0.22","0.37","2.31","52.7","1.84","44.07","0.75","2.93","62.77"
"J. Stansfield","League One 24-25.","Birmingham City","CF, LAMF, AMF","23","0","2031-06-30","37","2884","19","17.75","3","2.7","England","right","187","5.34","5.59","64.25","1.72","12.73","0.03","3.3","3.09","0.31","0.55","0.09","2.9","40.86","20.43","1.53","32.65","3.62","37.93","10.2","25.99","4.21","1.5","0.34","14.89","69.81","3.87","53.23","0.75","33.33","0.08","0.06","0.31","1.4","42.22","1.62","55.77","1.03","1.84","61.02"
"L. Akins","League One 24-25.","Mansfield Town","CF, RWB","36","75000","2026-06-30","34","2880","2","4.6","3","2.82","England","right","180","6.91","5.03","69.57","6.59","45.02","0.06","4.49","2.03","0.06","0.14","0.03","0.84","29.63","7.407","1.91","39.34","2","51.56","10.63","25.88","2.88","0.97","0.16","27.84","78.68","7.09","57.27","1.94","45.16","0.09","0.06","0.31","2.44","58.97","1.5","47.92","0.66","3.75","68.33"
"K. Baccus","League One 24-25.","Mansfield Town","RCMF, RWB","27","900000","2027-05-31","39","2876","4","4.99","6","3.32","South Africa","right","178","8.82","7.98","55.29","2.75","38.64","0.13","5.49","3.22","0.13","0.16","0","1.78","31.58","7.018","2.79","34.83","3.07","53.06","7.73","39.68","2.47","1.28","0.03","31.45","74.43","9.23","61.69","2.41","37.66","0.1","0.22","0.38","4.13","65.15","2.79","52.81","0.84","5.76","68.48"
"S. McLaughlin","League One 24-25.","Mansfield Town","LWB, LB","35","75000","2026-06-30","41","2788","2","3.34","4","1.93","Republic of Ireland","left","175","8.88","5.94","66.3","3.42","54.72","0.16","5.63","3.74","0.06","0.11","0.03","1","38.71","6.452","4.65","40.97","2.61","54.32","4.94","47.71","2","2.84","0.48","39.96","72.29","16.24","63.02","5.84","43.09","0.06","0.1","0.36","6.78","55.71","3.84","53.78","0.58","9.46","76.79"
"B. House","League One 24-25.","Lincoln City","CF, AMF","26","250000","2028-06-30","41","2786","6","6.54","2","1.35","Scotland","right","183","7.88","7.46","62.34","8.37","27.41","0.03","3.68","1.39","0.19","0.21","0.06","1.23","42.11","15.789","0.48","33.33","1.52","42.55","6.53","29.7","2.75","0.74","0.06","14.21","72.27","3.26","49.5","0.68","28.57","0.04","0.13","0.13","1.32","48.78","0.78","45.83","0.48","1.65","52.94"
"R. Hepburn-Murphy","League One 24-25.","Crawley Town","CF","27","175000","2026-06-30","42","2786","10","10.69","3","1.62","England","right","173","3.3","3.1","58.33","2.94","31.87","0.13","2.43","3.49","0.29","0.35","0","2.39","35.14","13.514","0.94","20.69","4.88","49.67","14.31","30.7","3.81","2.39","0.39","15.51","79.58","2.94","64.84","0.26","50","0.05","0.06","0.26","1.1","76.47","1.2","56.76","0.74","1.94","73.33"
"Panutche Camará","League One 24-25.","Crawley Town","RCMF, LCMF, AMF","28","300000","2027-05-31","42","2773","4","3.21","4","2","Guinea-Bissau","right","185","7.01","6.85","63.51","2.5","36.36","0.13","4.15","1.56","0.13","0.1","0","0.94","34.48","13.793","1.14","22.86","1.62","50","6.95","35.05","1.36","1.36","0.26","39.08","82.81","9.48","64.73","1.88","39.66","0.07","0.29","0.42","5.13","74.05","1.53","51.06","0.75","5.36","63.64"
"J. Sheehan","League One 24-25.","Bolton Wanderers","DMF, LCMF, RCMF","30","400000","2027-06-30","34","2752","3","2.3","5","2.97","Wales","right","184","6.21","4.51","60.87","1.54","40.43","0.29","4.84","1.24","0.1","0.08","0","1.24","42.11","7.895","0.49","60","0.75","47.83","3.66","56.25","0.78","1.37","0.07","43.27","85.03","11.77","64.17","5.63","50.58","0.1","0.1","0.13","6.67","66.18","1.64","46","0.52","6.61","68.32"
"Tanto Olaofe","League One 24-25.","Stockport County","CF","26","450000","2028-06-30","44","2709","9","9.2","3","2.44","England","right","181","3.89","3.72","55.36","5.61","30.77","0.1","2.17","2.76","0.3","0.31","0","1.63","46.94","18.367","1.13","14.71","3.16","57.89","11","35.05","3.52","1.83","0.37","12.19","68.66","2.13","60.94","0.3","22.22","0.08","0","0.3","0.8","54.17","1.1","48.48","0.76","1.4","61.9"
"R. Sotiriou","League One 24-25.","Bristol Rovers","CF, AMF, LW","25","500000","2027-06-30","37","2706","6","6.08","2","1.61","England","right","180","3.99","4.06","61.48","3.06","26.09","0.1","1.81","1.63","0.2","0.2","0","1.5","26.67","13.333","0.73","31.82","2.29","43.48","7.82","30.64","2.26","1.4","0.4","16.13","77.11","3.66","62.73","0.9","37.04","0.05","0.1","0.2","1.2","69.44","1.13","47.06","0.53","1.93","51.72"
"M. Anderson","League One 24-25.","Crawley Town","LCMF, RCMF","24","300000","2026-06-30","39","2686","3","1.82","3","1.81","Scotland","right","167","7.14","7.17","62.62","2.38","35.21","0.3","3.99","0.94","0.1","0.06","0","0.57","35.29","17.647","0.5","20","1.14","50","3.75","34.82","1.11","0.94","0.07","36.02","83.07","11.96","69.47","1.98","33.9","0.06","0.13","0.23","3.89","61.21","1.21","52.78","0.9","4.09","63.93"
"L. Berry","League One 24-25.","Charlton Athletic","AMF, LCMF, RCMF","33","400000","2026-06-30","42","2681","7","7.93","5","2.9","England","right","177","5.1","4.2","56.8","6.95","35.27","0.34","3.66","1.54","0.23","0.27","0","2.08","38.71","11.29","0.77","34.78","0.81","54.17","4.4","39.69","2.25","0.34","0.07","18.5","74.95","5.67","55.03","1.38","34.15","0.1","0.13","0.23","2.72","53.09","1.07","56.25","0.6","2.69","63.75"
"H. Kyprianou","League One 24-25.","Peterborough United","RDMF, RCMF","24","700000","2030-06-30","34","2674","3","1.89","1","0.49","England","right","189","8.18","6.39","62.11","3.94","50.43","0.3","5.69","0.94","0.1","0.06","0.03","0.57","70.59","17.647","0.3","22.22","0.74","63.64","4.95","43.54","0.94","0.64","0.1","44.6","83.47","13.77","70.66","3.7","50.91","0.02","0.2","0.2","5.65","66.67","0.88","46.15","0.44","6.39","58.42"
"E. Hewitt","League One 24-25.","Mansfield Town","RWB, RCB, RB","31","150000","2026-06-30","34","2643","0","1.48","3","2.67","Wales","right","186","8.51","7.39","65.44","5.52","61.11","0.1","4.06","2.38","0","0.05","0","0.48","0","0","4.05","36.97","1.6","55.32","3.1","45.05","1.29","1.91","0.61","33.1","72.02","12.33","62.43","4.87","47.55","0.09","0","0.41","4.9","50.69","2.96","49.43","0.44","7.93","74.25"
"A. Fletcher","League One 24-25.","Blackpool","CF","30","500000","2026-06-30","41","2640","11","10.48","5","2.24","England","right","185","3.58","3.89","42.98","8.49","29.72","0.07","2.34","2.01","0.38","0.36","0.1","1.91","42.86","19.643","0.44","30.77","1.5","61.36","7.67","29.33","2.97","1.13","0.17","20.01","78.19","4.33","62.99","0.78","69.57","0.08","0.17","0.31","1.98","67.24","0.89","61.54","0.89","2.49","63.01"
"E. Erhahon","League One 24-25.","Lincoln City","DMF, LDMF","24","1000000","2029-06-30","31","2638","0","0.07","0","1.17","Scotland","left","176","8.7","4.47","67.18","2.01","44.07","0.24","7.34","0.99","0","0","0","0.14","0","0","0.55","37.5","0.89","76.92","4.67","56.93","0.2","0.96","0.03","40.74","84.76","13.2","72.35","3.31","61.86","0.04","0.1","0.1","6.99","72.2","1.23","58.33","0.48","6.31","77.84"
"D. Charles","League One 24-25.","Huddersfield Town","CF","30","750000","2027-06-30","42","2637","7","9.19","4","2.02","England","right","178","3.96","4.23","65.32","1.71","12","0.1","1.36","2.42","0.17","0.31","0","2.05","36.67","11.667","0.58","23.53","2.94","51.16","8.77","35.02","2.7","0.82","0.27","11.13","69.33","3.04","49.44","0.55","43.75","0.07","0.14","0.27","1.64","52.08","0.75","50","0.48","1.4","85.37"
"P. Digby","League One 24-25.","Cambridge United","RCMF, LCMF, RDMF","30","350000","","31","2635","1","1.56","0","0.91","England","right","193","7.04","4.88","58.04","4.82","52.48","0.34","4.89","0.75","0.03","0.05","0","0.2","16.67","16.667","0.89","23.08","0.79","56.52","2.77","41.98","0.92","0.44","0.03","32.11","81.7","10.9","65.2","3.07","54.44","0.03","0.1","0.1","3.93","60","1.23","41.67","0.38","4.58","63.43"
"J. Koroma","League One 24-25.","Huddersfield Town","CF, LWB, LAMF","27","1500000","2028-06-30","37","2612","10","8.84","3","3.13","England","right","178","4.07","3.62","60","3.96","29.57","0.07","2.82","4.86","0.34","0.3","0.1","2.55","36.49","13.514","2.58","24","4.93","65.03","11.89","40.87","3.89","2.96","0.41","21.91","70.28","5","58.62","1.96","40.35","0.11","0.28","0.52","2.07","51.67","2.31","38.81","0.79","3.51","68.63"
"W. Swan","League One 24-25.","Crawley Town","CF, LW, AMF","25","250000","2027-06-30","38","2603","7","6.55","2","1.08","England","right","182","3.98","4.29","56.45","5.6","20.37","0.03","2.35","1.31","0.24","0.23","0.03","1.31","52.63","18.421","0.52","20","1.11","43.75","4.32","32.8","3.01","1.04","0.1","14.69","76","3.15","60.44","0.38","18.18","0.04","0.1","0.07","0.76","54.55","0.93","59.26","0.76","1.59","50"
"E. Lee","League One 24-25.","Wrexham","LCMF, AMF, CF","31","700000","2027-06-30","38","2594","8","5.26","3","2.63","England","right","180","5.31","5.13","60.81","2.95","28.24","0.21","2.45","1.87","0.28","0.18","0.1","1.46","40.48","19.048","0.69","35","2.05","45.76","8.15","33.62","1.7","1.67","0.21","32.13","80.89","9.16","67.05","2.29","50","0.09","0.21","0.24","4.2","68.6","1.98","56.14","0.94","4.68","71.11"
"L. Bate","League One 24-25.","Stockport County","LCMF, LDMF","23","1000000","2027-06-30","33","2584","2","2.26","3","3.9","England","left","170","8.29","6.13","75.57","1.22","25.71","0.07","4.59","1.04","0.07","0.08","0","0.73","38.1","9.524","0.56","12.5","1.04","60","2.89","46.99","0.66","1.25","0.31","51.83","86.63","16.13","71.92","5.22","56.67","0.14","0.14","0.28","8.05","74.89","1.92","50.91","0.91","7.49","77.21"
"G. McCleary","League One 24-25.","Wycombe Wanderers","RAMF, RW, LW","38","75000","2026-06-30","45","2580","4","4.06","5","5.01","England","right","183","3.94","3.28","59.57","3","44.19","0","2.91","4.53","0.14","0.14","0.03","0.77","31.82","18.182","3.63","39.42","4.6","58.33","8.72","38.8","2.51","1.85","0.21","24.63","71.67","5.86","61.9","1.47","47.62","0.17","0.21","0.59","1.92","58.18","3.8","58.72","1.6","4.71","76.3"
"J. Stokes","League One 24-25.","Cambridge United","AMF, CF","21","0","","32","2570","7","7.79","1","3.88","England","","0","6.16","7","58","3.61","24.27","0.07","2.49","3.54","0.18","0.27","0.11","2.03","37.93","12.069","2.98","20","3.64","54.81","11.24","41.12","2.87","1.37","0.18","27.11","69.64","9","61.87","1.93","32.73","0.14","0.28","0.28","3.61","57.28","2.73","44.87","1.09","4.03","70.43"
"A. May","League One 24-25.","Birmingham City","CF, AMF","32","300000","2028-06-30","44","2557","15","11.28","5","2.54","England","right","176","2.99","2.5","61.97","1.23","2.86","0.07","2.67","2.53","0.49","0.4","0.04","2.22","47.62","23.81","1.69","20.83","2.15","52.46","5.95","35.5","4.01","0.92","0.18","23.34","77.68","4.58","59.23","0.95","59.26","0.09","0","0.39","1.72","59.18","1.72","51.02","0.88","2.08","71.19"
"R. Darcy","League One 24-25.","Wigan Athletic","AMF, CF","25","400000","2027-06-30","34","2551","2","3.13","5","3.49","England","right","177","4.09","4.76","52.59","0.56","12.5","0","2.22","3","0.07","0.11","0","2.01","29.82","3.509","1.38","41.03","2.89","62.2","6.14","39.08","1.94","2.5","0.42","37.93","85.58","9.14","72.97","1.94","36.36","0.12","0.07","0.32","4.09","74.14","1.76","54","0.53","4.76","71.85"
"F. Onyedinma","League One 24-25.","Wycombe Wanderers","RAMF, LAMF, LW","29","500000","","41","2548","6","5.29","2","2.98","England","right","185","6.75","5.3","68","4.8","30.88","0.07","4.53","2.47","0.21","0.19","0.07","1.06","56.67","20","1.31","29.73","3.25","45.65","11.16","29.75","2.93","1.7","0.57","17.91","74.56","4.91","57.55","0.71","25","0.11","0.07","0.42","1.31","62.16","1.06","56.67","0.85","2.33","56.06"
"D. Kasumu","League One 24-25.","Huddersfield Town","DMF, RCMF, RAMF","26","1000000","2027-06-30","32","2536","3","2.54","1","0.98","England","right","180","7.81","7.2","67.49","2.91","30.49","0.11","3.85","2.2","0.11","0.09","0","1.1","41.94","9.677","1.06","16.67","2.06","68.97","6.35","60.34","0.67","1.35","0.25","32.65","79.57","10.04","67.84","1.81","49.02","0.03","0.18","0.14","4.4","68.55","1.46","48.78","0.6","4.29","64.46"
"J. Randall","League One 24-25.","Bolton Wanderers","AMF, CF","26","600000","2028-06-30","37","2520","6","6.22","4","2.99","England","right","177","4.25","3.93","62.73","1.21","23.53","0.11","2.61","1.5","0.21","0.22","0","1.54","39.53","13.953","0.64","16.67","1.25","57.14","5","36.43","2.79","1.36","0.25","27.04","82.69","7.54","69.67","1.14","53.13","0.11","0.36","0.32","3.79","71.7","1.39","69.23","1.07","4.14","74.14"
"A. Lewis","League One 24-25.","Mansfield Town","LCMF, RCMF, AMF","27","250000","2026-06-30","42","2496","2","2.88","1","2.44","Wales","right","183","7.64","6.35","62.5","2.85","37.97","0.22","3.96","1.51","0.07","0.1","0","1.26","28.57","5.714","1.37","36.84","1.33","40.54","5.16","35.66","1.66","0.65","0.11","30.5","79.55","7.64","57.08","2.38","42.42","0.09","0.14","0.22","4.04","58.04","1.62","40","0.69","3.97","60.91"
"H. White","League One 24-25.","Stevenage","LDMF, DMF, LCMF","24","300000","","41","2476","2","1.97","2","4.12","England","left","168","7.96","5.13","68.09","2.91","43.75","0.18","5.62","0.76","0.04","0.07","0","1.16","25","6.25","0.84","26.09","0.4","63.64","3.24","57.3","0.22","0.25","0","33.73","80.28","12.03","61.93","5.34","52.38","0.15","0.11","0.07","6.87","59.26","1.74","27.08","0.44","6.07","78.44"
"S. Humphrys","League One 24-25.","Barnsley","CF, LWF","28","500000","2027-06-30","37","2466","9","6.05","3","1.91","England","right","184","3.1","2.92","57.5","7.66","42.86","0.04","2","4.64","0.33","0.22","0.04","2.59","46.48","12.676","1.28","20","5.07","62.59","12.77","38","2.99","2.15","0.22","13.8","71.69","2.88","59.49","0.69","47.37","0.07","0.11","0.4","1.46","60","1.17","50","0.58","1.28","68.57"
"J. Makama","League One 24-25.","Lincoln City","CF, RAMF","21","0","2028-06-30","38","2462","7","6.85","5","2.4","England","right","195","5.52","4.97","54.41","4.61","26.98","0.07","3.58","2.92","0.26","0.25","0.04","1.32","55.56","19.444","1.54","33.33","4.02","40.91","11.77","26.4","2.89","1.9","0.37","14.77","69.55","3.51","48.96","0.55","26.67","0.09","0.07","0.37","1.1","46.67","1.43","48.72","0.58","1.72","70.21"
"A. Odoh","League One 24-25.","Peterborough United","LAMF, RAMF, LW","25","275000","2027-06-30","38","2440","5","3.47","6","3.13","England","right","168","4.57","3.65","51.52","1.11","30","0.04","3.93","2.91","0.18","0.13","0","0.96","42.31","19.231","1.36","27.03","3.87","54.29","10.33","39.64","2.91","3.1","0.63","22.87","77.1","5.35","63.45","0.77","47.62","0.12","0.04","0.63","1.62","70.45","1.4","52.63","0.92","3.43","63.44"
"B. Ibrahim","League One 24-25.","Crawley Town","DMF, LCMF, RCMF","21","400000","2029-06-30","33","2401","2","1.1","0","0.86","England","right","185","8.96","7.08","66.67","1.61","34.88","0.15","5.56","1.31","0.07","0.04","0","0.71","42.11","10.526","0.34","33.33","1.16","58.06","6.15","47.56","0.6","1.39","0.22","43.71","81.3","13.87","62.7","5.32","42.25","0.03","0.26","0.15","6.15","62.2","1.8","43.75","0.75","7.42","60.61"
"E. Watt","League One 24-25.","Burton Albion","DMF, LCMF, RDMF","25","325000","2027-05-31","25","2395","0","1.52","3","2.89","England","right","179","10.11","7.06","59.57","3.01","35","0.45","6.81","1.16","0","0.06","0","0.68","22.22","0","1.32","45.71","0.68","38.89","2.41","39.06","0.3","0.34","0.04","47.39","77","18.79","64.2","8.42","50","0.11","0.3","0.3","9.43","55.78","2.33","50","0.64","10.18","68.63"
"K. Ehibhatiomhan","League One 24-25.","Reading","LWF, CF","22","500000","2027-06-30","33","2386","4","2.98","2","3.38","England","right","191","3.73","3.47","51.09","6.11","33.95","0.19","2.96","3.02","0.15","0.11","0","1.02","37.04","14.815","1.66","22.73","4.83","46.09","11.66","30.42","2.79","1.85","0.23","17.24","71.77","3.51","53.76","0.49","46.15","0.13","0.04","0.3","1.13","56.67","1.7","53.33","1.09","2.19","67.24"
"T. Taylor","League One 24-25.","Northampton Town","LCMF, DMF","24","225000","2026-06-30","27","2372","1","0.76","0","2.67","Scotland","right","185","9.18","5.96","68.15","3.49","55.43","0.49","7.1","0.91","0.04","0.03","0","0.76","25","5","0.8","38.1","0.76","50","4.02","50.94","0.46","0.8","0.04","41.05","75.05","18.48","60.37","7.89","46.63","0.1","0.04","0.15","9.87","56.15","2.05","50","0.8","7.85","73.91"
"K. Anderson","League One 24-25.","Birmingham City","LAMF, RAMF","30","300000","2026-06-30","37","2367","7","3.7","5","3.87","England","right","175","5.48","5.63","59.46","2.62","26.09","0.04","3.62","4.33","0.27","0.14","0.04","1.29","38.24","20.588","3.8","30","5.21","50.36","14.56","38.64","4.22","2.47","0.57","38.37","79.68","7.19","73.54","0.99","42.31","0.15","0.23","0.65","1.9","78","3.65","44.79","1.44","4.56","75"
"C. Webster","League One 24-25.","Burton Albion","RCMF, LDMF, LCMF","21","500000","2027-06-30","32","2343","5","2.41","0","2.22","England","right","177","6.45","6.07","56.96","2.65","23.19","0.12","3.5","1.65","0.19","0.09","0","1.61","30.95","11.905","1.27","21.21","1.81","48.94","6.18","39.13","0.92","0.96","0.27","31.27","80.96","8.76","62.72","3.11","54.32","0.09","0.08","0.15","3.65","63.16","1.96","39.22","0.42","3.84","62"
"C. Hamilton","League One 24-25.","Blackpool","LW, RW","30","500000","2026-06-30","34","2326","3","3.39","5","3.22","England","left","170","6.46","5.22","60","3.48","41.11","0.12","4.64","3.33","0.12","0.13","0","0.97","40","12","3.25","30.95","3.25","58.33","6.85","43.5","2.94","2.67","0.5","24.76","70.31","6.58","55.88","1.82","40.43","0.12","0.08","0.54","1.74","64.44","2.05","52.83","0.66","4.57","57.63"
"K. Doyle","League One 24-25.","Crawley Town","AMF, LCMF, CF","20","0","2026-05-31","41","2325","10","6.06","3","3.74","England","left","0","7.12","6.35","60.37","2.4","16.13","0.04","4.13","3.79","0.39","0.23","0","2.01","38.46","19.231","2.17","26.79","4.61","48.74","11.85","37.58","2.79","2.9","0.31","30.12","76.22","9.21","67.65","2.83","52.05","0.14","0.39","0.46","4.65","69.17","2.98","44.16","1.01","5.77","69.13"
"S. Carey","League One 24-25.","Blackpool","LCMF, LW","24","900000","2028-06-30","33","2314","8","6.72","0","2.14","England","right","184","5.45","5.1","59.54","2.49","40.63","0.16","2.9","3.23","0.27","0.26","0","2.33","48.33","13.333","1.44","18.92","3.42","52.27","7.23","43.01","2.1","2.61","0.82","34.58","78.97","8.36","54.88","2.99","36.36","0.08","0.08","0.31","4.43","58.77","1.79","45.65","0.54","4.01","64.08"
"R. Burrell","League One 24-25.","Burton Albion","CF","25","0","2030-06-30","30","2308","11","9.43","2","3.19","England","right","184","4.06","3.82","56.12","9.09","30.04","0.08","2.13","2.22","0.43","0.37","0.12","1.48","60.53","28.947","0.9","21.74","2.85","39.73","9.36","27.08","3.47","1.48","0.51","11.11","64.21","2.3","50.85","0.23","83.33","0.12","0","0.39","0.86","45.45","0.78","45","0.62","1.13","62.07"
"R. Hackett","League One 24-25.","Lincoln City","LWB, RAMF, AMF","27","275000","2026-06-30","33","2290","4","3.39","3","5.25","England","left","190","8.65","5.66","61.81","2.48","49.21","0.24","7.07","4.68","0.16","0.13","0","1.3","39.39","12.121","3.89","41.41","4.91","49.6","10.53","30.6","2.75","1.85","0.16","28.81","72.71","7.94","57.43","2.2","39.29","0.21","0.2","0.47","3.03","57.14","3.62","53.26","0.79","4.95","66.67"
"J. Cousins","League One 24-25.","Cambridge United","RCMF, DMF","31","250000","","28","2287","1","1.03","2","1.85","England","right","186","8.15","6.1","71.61","4.05","53.4","0.2","4.56","0.63","0.04","0.04","0","0.47","33.33","8.333","0.28","85.71","0.47","50","3.19","40.74","0.59","0.28","0.04","29.55","76.17","13.14","65.87","4.25","42.59","0.07","0","0.31","7.28","64.86","1.26","59.38","0.71","5.86","71.81"
"K. Poku","League One 24-25.","Peterborough United","RAMF, AMF","24","1500000","","27","2265","12","7.32","7","4.78","England","left","179","4.53","3.7","65.59","1.39","11.43","0.16","3.09","5.6","0.48","0.29","0","2.5","34.92","19.048","2.7","25","6.83","55.81","17.52","35.83","3.89","3.58","0.75","30.04","77.25","7.07","64.04","1.83","43.48","0.19","0.36","0.6","2.54","65.63","3.18","53.75","1.35","4.89","71.54"
"L. Sørensen","League One 24-25.","Huddersfield Town","RWB, RB","26","700000","2027-06-30","32","2260","0","0.68","2","1.54","Denmark","right","185","7.49","6.29","63.92","4.22","46.23","0.24","5.28","3.31","0","0.03","0","0.36","22.22","0","4.7","23.73","3.07","63.64","6.29","44.3","1.12","1.83","0.2","37.15","69.45","12.38","55.95","4.78","39.17","0.06","0.24","0.4","6.01","50.99","4.66","36.75","0.76","9.2","72.73"
"T. Aasgaard","League One 24-25.","Wigan Athletic","LCMF, AMF, CF","23","700000","2029-06-30","26","2260","8","8.7","1","1.5","England","right","170","5.65","3.9","58.16","4.78","33.33","0.28","4.31","2.99","0.32","0.35","0.04","2.39","43.33","13.333","0.64","43.75","2.87","56.94","10.04","37.3","2.11","1.79","0.36","24.73","83.57","5.77","66.21","2.03","54.9","0.06","0.08","0.28","2.83","70.42","1.27","59.38","0.8","2.91","56.16"
"D. Jefferies","League One 24-25.","Lincoln City","LWB, LAMF, RB","23","175000","2026-06-30","34","2250","3","2.87","3","2.9","Wales","right","179","7.72","6.08","66.45","2.84","38.03","0.16","4.36","2.12","0.12","0.11","0","0.84","33.33","14.286","2.36","42.37","1.72","46.51","4.84","28.1","2.32","2.12","0.56","29.4","75.1","8.52","54.93","2.96","33.78","0.12","0.08","0.44","3.28","56.1","2.8","51.43","1.08","5.76","68.06"
"F. Ojo","League One 24-25.","Shrewsbury Town","LCMF, LDMF","34","150000","2026-06-30","31","2225","0","0.55","2","0.86","Belgium","right","177","10.11","6.51","75.16","4","62.63","0.32","5.72","0.65","0","0.02","0","0.61","26.67","0","0.49","33.33","0.77","31.58","3.76","31.18","0.4","0.36","0.08","38.43","83.16","15.01","71.16","3.64","40","0.03","0.08","0.16","6.39","68.35","0.93","52.17","0.4","6.55","65.43"
"I. Hutchinson","League One 24-25.","Bristol Rovers","AMF, LAMF","25","500000","2027-06-30","37","2225","4","3.68","2","2.95","England","right","178","5.99","4.65","67.83","2.91","37.5","0.2","3.95","1.94","0.16","0.15","0","1.66","29.27","9.756","1.62","35","2.02","42","7.04","29.89","1.94","1.54","0.12","28.56","75.35","7.89","61.03","1.94","50","0.12","0.32","0.2","4","62.63","1.94","43.75","0.65","4.61","60.53"
"K. Smith","League One 24-25.","Cambridge United","LCMF, RCMF","34","250000","2026-06-30","23","2211","1","1.62","0","0.99","England","right","183","5.37","4.6","63.72","2.81","49.28","0.16","3.03","0.9","0.04","0.07","0","0.9","36.36","4.545","0.37","22.22","1.02","44","4.76","34.19","0.57","0.41","0.04","29.63","76.1","11.93","59.39","4.23","50.96","0.04","0.04","0.08","5.78","57.04","1.51","43.24","0.49","4.64","76.32"
"B. Adeeko","League One 24-25.","Wigan Athletic","RCMF, RDMF, DMF","22","0","2027-06-30","31","2206","1","1.91","0","0.27","Republic of Ireland","right","175","6.65","3.88","66.32","3.96","38.14","0.24","4.92","0.73","0.04","0.08","0","0.49","58.33","8.333","0.57","28.57","0.49","50","3.1","38.16","0.73","0.69","0.04","29.46","81.3","7.1","63.22","1.96","35.42","0.01","0.08","0.08","3.59","73.86","0.78","57.89","0.33","4.32","55.66"
"H. Boateng","League One 24-25.","Mansfield Town","RCMF, LCMF","30","225000","","41","2199","2","1.7","3","2.92","England","left","183","7.2","7.04","54.65","3.6","37.5","0.12","3.9","1.51","0.08","0.07","0.04","1.06","23.08","7.692","1.92","31.91","1.39","47.06","5.81","29.58","2.01","0.61","0.04","31.39","79.53","9.95","64.2","2.95","48.61","0.12","0.08","0.29","4.38","64.49","2.33","56.14","1.02","5.16","69.05"
"T. Bayliss","League One 24-25.","Lincoln City","LCMF, RDMF, RCMF","26","325000","2028-06-30","34","2177","3","1.87","4","4.69","England","right","183","7.69","6.16","65.1","2.4","44.83","0.17","3.71","1.98","0.12","0.08","0","0.99","33.33","12.5","1.49","33.33","1.74","57.14","5.33","41.09","1.24","1.07","0.29","30.14","77.23","10.34","61.6","2.36","40.35","0.19","0.25","0.33","4.13","63","1.82","50","0.79","4.46","62.96"
"K. Joseph","League One 24-25.","Blackpool","CF","24","400000","2028-06-30","24","2156","7","6.83","3","4.29","Scotland","right","185","4.38","3.67","55.68","9.68","34.48","0.17","3.23","1.79","0.29","0.29","0.13","1.59","44.74","18.421","0.83","15","1.71","53.66","8.27","26.26","3.38","1.5","0.42","16.24","72.24","3.55","65.88","0.42","10","0.18","0.04","0.54","1.59","63.16","1.04","68","1.04","1.92","71.74"
"S. Smith","League One 24-25.","Wigan Athletic","LCMF, RCMF, LDMF","24","200000","2027-06-30","38","2145","0","0.23","0","0.36","England","right","173","6.92","5.45","50.77","2.98","42.25","0.34","5.05","0.38","0","0.01","0","0.5","25","0","0.38","44.44","0.29","28.57","2.27","31.48","0.17","0.38","0.04","32.48","78.81","10.28","59.59","3.94","50","0.02","0.04","0.08","5.03","58.33","0.8","63.16","0.25","5.54","62.12"
"Tom Bloxham","League One 24-25.","Blackpool","CF, RAMF, RW","22","325000","2028-06-30","36","2141","6","6.15","3","2.7","England","right","196","5.25","3.91","68.82","4.29","27.45","0.04","3.04","6.26","0.25","0.26","0","1.77","42.86","14.286","3.57","35.29","6.73","63.13","14.71","40.29","2.61","2.69","0.71","17.74","63.03","5.55","56.06","2.02","43.75","0.11","0.04","0.42","2.31","56.36","2.44","44.83","0.42","3.57","69.41"
"A. Evans","League One 24-25.","Huddersfield Town","RCMF, AMF, LCMF","27","600000","2027-06-30","34","2139","2","2.46","4","4.46","England","right","186","7.32","6.06","59.03","3.16","38.67","0.25","4.75","2.15","0.08","0.1","0","1.51","19.44","5.556","1.73","43.9","1.77","59.52","5.81","39.86","1.18","0.97","0.04","38.5","76.72","12.58","59.87","4.04","40.63","0.19","0.17","0.38","6.27","57.05","2.44","46.55","0.67","6.48","72.73"
"J. Weir","League One 24-25.","Wigan Athletic","AMF, RCMF, RDMF","23","300000","2026-06-30","33","2133","0","1.99","1","1.82","England","right","184","6.96","5.7","54.81","4.77","44.25","0.3","4.65","0.76","0","0.08","0","1.01","12.5","0","0.93","31.82","0.76","33.33","4.22","33","1.31","0.63","0.13","29.07","80.26","7.17","58.82","1.69","42.5","0.08","0.08","0.3","3","66.2","0.97","47.83","0.34","3.59","51.76"
"L. Thomas","League One 24-25.","Bristol Rovers","RAMF, RWB, LWB","26","500000","2026-06-30","36","2132","2","1.85","4","3.23","England","left","171","8.78","8.06","70.16","1.6","36.84","0.17","3.82","2.24","0.08","0.08","0.04","0.68","18.75","12.5","2.32","32.73","1.94","65.22","6.8","36.65","1.6","1.31","0.08","26.13","73.34","7.13","57.4","2.15","49.02","0.14","0.17","0.63","3.04","51.39","2.53","46.67","0.76","4.35","66.02"
"T. Kalinauskas","League One 24-25.","Burton Albion","LAMF, AMF, LWB","25","0","2027-06-30","39","2082","1","2.15","3","1.94","Lithuania","right","178","8.69","8.34","60.1","4.8","33.33","0.04","4.47","3.98","0.04","0.09","0","1.17","44.44","3.704","2.59","33.33","4.8","53.15","9.81","40.09","1.6","2.07","0.69","25.29","69.23","8.08","59.89","1.9","38.64","0.08","0.13","0.43","2.38","65.45","2.55","49.15","0.65","4.67","57.41"
"H. Kane","League One 24-25.","Huddersfield Town","LCMF, DMF","27","1200000","2027-06-30","28","2069","3","1.67","4","1.98","England","right","177","6.09","4.7","62.96","1.96","33.33","0.17","4.4","1.91","0.13","0.07","0","1.17","37.04","11.111","1.3","46.67","1.13","57.69","5.35","53.66","0.78","0.87","0.09","46.5","80.07","17.83","65.37","7.05","49.38","0.09","0.35","0.43","9","59.9","3.35","49.35","1.17","9.61","76.02"
"O. Dodgson","League One 24-25.","Burton Albion","LWB, LB","22","300000","2027-06-30","22","2064","1","0.87","3","2.88","England","left","178","6.45","5.06","53.45","2.57","44.07","0.04","4.21","1.7","0.04","0.04","0","0.65","33.33","6.667","3.31","25","1.09","56","3.53","46.91","0.7","0.96","0.04","29.08","70.61","9.99","58.52","4.53","44.23","0.13","0.04","0.31","4.84","57.66","3.27","25.33","0.26","7.24","70.48"
"R. Williams","League One 24-25.","Leyton Orient","RWB, LWB, LAMF","29","450000","","33","2063","3","1.37","0","2.29","England","left","173","6.24","5.5","57.94","3.58","32.93","0.09","4.48","3.14","0.13","0.06","0.04","1","39.13","13.043","3.27","26.67","3.97","47.25","8.73","32","1.57","2.36","0.65","27.14","71.7","8.55","56.63","3.62","40.96","0.1","0.04","0.35","3.36","57.14","2.75","38.1","0.48","6.06","66.19"
"S. Sinclair","League One 24-25.","Bristol Rovers","LAMF, CF, LW","36","100000","","41","2054","4","4.28","1","1.09","England","right","177","2.89","2.54","60.34","1.71","20.51","0.13","1.91","1.88","0.18","0.19","0","1.75","32.5","10","1.01","43.48","1.45","60.61","5.87","32.09","2.41","1.58","0.31","15.6","76.4","3.11","67.61","0.53","50","0.05","0.09","0.31","0.83","63.16","1.05","45.83","0.39","2.41","52.73"
"Junior Quitirna","League One 24-25.","Crawley Town","RWB, RW, RWF","25","0","","34","2049","8","6.87","1","1.68","Guinea-Bissau","left","170","5.8","5.23","58.82","2.15","16.33","0.09","4.28","4.88","0.26","0.3","0","2.33","41.51","15.094","1.32","23.33","6.33","56.94","14.67","41.92","2.64","3.47","0.22","25.7","84.1","6.19","77.3","0.92","71.43","0.07","0.18","0.18","1.63","75.68","2.42","61.82","1.45","3.38","80.52"
"J. Matete","League One 24-25.","Bolton Wanderers","RCMF, DMF","24","300000","2026-06-30","35","2043","3","1.49","1","1.54","England","right","173","8.33","6.3","69.23","2.03","30.43","0.35","5.83","1.59","0.13","0.07","0","1.15","19.23","11.538","0.62","35.71","2.03","54.35","10.18","42.86","0.93","1.85","0.62","41.89","88.64","9.56","73.73","1.1","52","0.07","0.13","0.22","3.61","78.05","1.15","65.38","0.66","4.58","55.77"
"O. Turton","League One 24-25.","Huddersfield Town","RWB, RB","33","500000","","28","2042","1","2","0","0.68","England","right","180","6.57","5.51","62.4","4.8","56.88","0.31","4.47","1.37","0.04","0.09","0","0.53","16.67","8.333","2.07","31.91","0.84","68.42","3.88","36.36","0.93","1.01","0.04","36.63","77.14","14.99","63.24","5.07","31.3","0.03","0.09","0.22","5.51","56.8","1.94","52.27","0.44","7.85","67.42"
"G. Ward","League One 24-25.","Bristol Rovers","RDMF, LDMF, RCMF","31","250000","","35","2037","1","0.64","5","1.33","England","right","178","7.03","5.08","62.61","2.52","50.88","0.4","5.01","0.8","0.04","0.03","0","0.4","33.33","11.111","0.93","19.05","0.84","47.37","3.93","37.08","0.71","0.71","0.22","33.93","77.6","11.71","58.49","3.8","41.86","0.06","0.13","0.31","4.77","54.63","1.33","46.67","0.71","5.61","59.06"
"O. O'Neill","League One 24-25.","Leyton Orient","LAMF, RAMF","22","600000","2028-06-30","29","2017","3","4.14","2","2.39","Republic of Ireland","right","0","9.06","7.9","61.58","5.85","22.14","0","5.84","3.17","0.13","0.18","0","1.47","48.48","9.091","2.23","18","3.79","54.12","8.39","36.7","3.03","2.19","0.49","22.44","68.99","6.96","53.85","1.38","35.48","0.11","0.04","0.31","2.41","48.15","2.05","45.65","0.8","2.99","65.67"
"J. Hogg","League One 24-25.","Huddersfield Town","DMF, RDMF, RCMF","37","200000","","34","2017","1","0.96","0","0.53","England","right","170","10.13","7.85","65.91","3.48","48.72","0.27","7.37","0.18","0.04","0.04","0","0.27","16.67","16.667","0.09","50","0.18","0","2.14","45.83","0.36","0.22","0.09","48.01","85.22","15.17","72.35","4.91","51.82","0.02","0.13","0.13","8.66","65.46","0.85","57.89","0.54","7.18","78.26"
"K. Anderson","League One 24-25.","Charlton Athletic","AMF, LCMF, RCMF","21","0","2028-06-30","41","1954","2","2.5","0","0.91","England","right","180","8.15","6.22","69.63","8.11","36.93","0.18","5.33","1.01","0.09","0.12","0.05","0.97","38.1","9.524","0.78","17.65","1.24","40.74","6.91","25.33","1.57","0.64","0.14","26.94","74.87","7.74","58.33","1.7","35.14","0.04","0.09","0.23","3.82","53.01","1.24","40.74","0.41","3.59","65.38"
"M. Alli","League One 24-25.","Exeter City","CF, RWF","25","0","","25","1950","9","6.11","1","1.89","Republic of Ireland","unknown","0","3.83","4.8","50","4.89","29.25","0.09","2.14","5.17","0.42","0.28","0.09","1.85","45","22.5","3.14","32.35","5.82","54.76","16.62","34.44","3.32","2.77","0.46","17.68","72.06","1.94","47.62","0.6","38.46","0.09","0.18","0.42","0.69","60","2.54","52.73","0.69","2.17","74.47"
"J. Aitchison","League One 24-25.","Exeter City","AMF, LWF","25","300000","2026-06-30","28","1944","0","2.87","2","2.05","Scotland","right","180","4.86","4.77","52.43","1.71","27.03","0","3.4","2.41","0","0.13","0","1.62","22.86","0","1.34","34.48","3.06","50","11.11","36.25","2.87","2.31","0.32","26.94","80.93","7.59","66.46","1.44","32.26","0.09","0.28","0.32","4.07","62.5","1.2","53.85","0.97","3.75","74.07"
"M. Butcher","League One 24-25.","Bristol Rovers","LDMF, LCMF, RCMF","28","400000","2027-06-30","31","1932","0","0.69","2","1.72","England","left","188","6.01","4.47","58.33","2.75","37.29","0.28","4.55","0.61","0","0.03","0","0.61","23.08","0","0.98","23.81","0.65","35.71","2.98","32.81","0.65","0.61","0.05","36.8","76.58","15.28","59.15","6.48","38.85","0.08","0.05","0.09","6.85","60.54","1.3","60.71","0.7","6.85","66.67"
"D. Ballard","League One 24-25.","Cambridge United","CF, LW, LWF","20","300000","2028-06-30","35","1921","3","7.61","1","0.94","England","right","178","3.89","3.47","60.81","5.15","17.27","0.09","2.27","2.3","0.14","0.36","0","1.97","33.33","7.143","0.94","25","2.9","45.16","9.65","35.44","3.23","1.03","0.09","12.65","69.26","2.72","37.93","0.56","25","0.04","0.28","0.14","1.22","50","1.03","40.91","0.52","1.26","70.37"
"C. Camps","League One 24-25.","Stockport County","RDMF, LCMF, RCMF","30","375000","2027-06-30","28","1908","1","1.07","4","1.94","England","right","180","7.36","4.95","66.67","2.31","40.82","0.14","5.54","2.08","0.05","0.05","0","1.13","16.67","4.167","0.75","62.5","2.03","69.77","6.98","44.59","1.18","1.32","0.28","30.47","80.34","9.2","58.46","3.4","45.83","0.09","0.05","0.38","4.62","59.18","1.37","51.72","0.57","4.1","66.67"
"K. Lofthouse","League One 24-25.","Burton Albion","RWB, RB","25","50000","2027-06-30","34","1905","0","0.96","1","1.65","England","right","180","8.6","6.47","61.31","6.05","46.09","0.19","5.43","2.74","0","0.05","0","0.47","30","0","1.98","35.71","3.73","50.63","7.89","47.31","2.17","2.03","0.57","16.77","65.35","6","52.76","2.03","25.58","0.08","0.05","0.43","1.89","60","1.09","56.52","0.33","3.5","54.05"
"O. Palmer","League One 24-25.","Wrexham","CF","33","125000","2027-06-30","27","1904","3","4.06","1","0.62","England","right","196","5.06","3.45","58.9","17.39","49.46","0.24","3.49","1.37","0.14","0.19","0.09","1.42","33.33","10","0.71","26.67","1.42","46.67","8.65","23.5","2.65","0.76","0.19","17.35","63.49","5.34","48.67","1.37","37.93","0.03","0.09","0.14","2.74","50","0.95","40","0.52","2.79","52.54"
"L. Barry","League One 24-25.","Stockport County","LAMF, LWF, AMF","22","800000","2028-06-30","23","1903","15","8.72","3","5.08","England","right","174","4.02","3.31","65.71","0.8","23.53","0.05","2.51","6.81","0.52","0.41","0","3.17","53.73","22.388","2.18","36.96","7.85","52.41","14.05","42.76","3.5","2.84","0.61","20.24","79.44","4.02","71.76","0.66","35.71","0.24","0.38","0.57","1.75","67.57","2.41","56.86","1.14","3.22","80.88"
"T. Perry","League One 24-25.","Shrewsbury Town","LCMF, AMF, LDMF","24","400000","2026-06-30","34","1902","3","1.43","1","1.58","England","right","180","7.52","6.48","63.5","2.84","48.33","0.05","4.23","1.85","0.14","0.07","0","0.76","50","18.75","1.56","39.39","1.8","47.37","5.73","42.98","1.32","1.04","0.33","21.96","73.71","7.05","58.39","2.7","38.6","0.07","0.05","0.28","2.74","55.17","1.47","54.84","0.43","4.26","60"
"J. Smith","League One 24-25.","Wigan Athletic","RAMF, RW","28","225000","","36","1901","3","2.55","4","3.75","England","left","178","4.02","3.31","60","0.85","27.78","0.09","2.68","6.63","0.14","0.12","0","2.18","45.65","6.522","4.54","22.92","7.34","62.58","10.94","49.35","2.51","4.5","0.62","28.93","72.83","6.11","59.69","1.14","41.67","0.18","0","0.28","1.61","67.65","4.07","34.88","0.85","4.4","64.52"
"D. Pratley","League One 24-25.","Leyton Orient","RDMF","40","50000","","31","1894","0","0.86","1","0.72","England","right","185","9.46","5.32","57.14","5.46","57.39","0.52","8.33","0.81","0","0.04","0","0.48","20","0","0.67","42.86","0.67","50","3.71","42.31","1.28","0.19","0","26.33","67.69","11.78","52.02","3.75","29.11","0.03","0.1","0.1","4.89","45.63","0.95","45","0.52","4.75","51"
"J. Diamond","League One 24-25.","Stockport County","RAMF, LAMF, RW","25","350000","2027-06-30","34","1889","5","3.92","2","1.35","England","right","175","5","4.43","65.59","3","20.63","0.1","3.14","5.34","0.24","0.19","0","1.76","45.95","13.514","3.72","25.64","6.43","55.56","13.67","44.25","2.86","3.62","1","25.25","74.34","5.05","63.21","1.05","50","0.06","0","0.29","1.48","61.29","2.72","38.6","0.67","2.86","73.33"
"J. Clarke-Harris","League One 24-25.","Rotherham United","CF","31","750000","2027-06-30","29","1878","7","7.23","1","0.57","England","left","183","3.12","2.3","54.17","15","48.24","0.14","2.35","1.2","0.19","0.35","0.05","1.92","45","17.5","0.48","0","0.81","35.29","5.89","30.89","2.88","0.19","0.05","15","63.9","5.08","56.6","0.91","52.63","0.03","0.1","0.14","2.25","51.06","1.2","48","0.86","2.44","72.55"
"J. McKiernan","League One 24-25.","Burton Albion","LCMF, AMF, RCMF","23","0","2028-06-30","31","1877","1","3.27","0","1.21","Northern Ireland","right","184","6.71","5.32","52.25","4.89","31.37","0.14","4","2.21","0.05","0.16","0.05","1.34","25","3.571","0.58","41.67","3.07","53.13","9.21","41.15","1.92","1.39","0.29","17.84","77.96","6.76","64.54","1.25","46.15","0.06","0.1","0.1","2.92","60.66","0.86","55.56","0.43","2.49","67.31"
"T. Roberts","League One 24-25.","Northampton Town","CF, LWF, AMF","26","2800000","2027-06-30","27","1849","1","3.81","2","0.96","England","right","180","4.23","3.41","57.14","3.85","31.65","0","2.71","3.7","0.05","0.19","0.05","1.95","37.5","2.5","1.9","25.64","4.09","60.71","11.24","42.42","3.12","1.8","0.44","23.9","71.69","6.72","55.8","2.19","44.44","0.05","0","0.19","3.36","62.32","1.8","40.54","0.58","2.97","68.85"
"J. Osei-Tutu","League One 24-25.","Bolton Wanderers","LWB, RWB, LW","27","500000","2026-06-30","32","1805","1","1.44","1","3.45","England","right","176","7.98","5.93","71.43","2.49","24","0.1","5.89","5.43","0.05","0.07","0.05","1","45","5","2.74","38.18","5.58","70.54","14.21","49.82","3.29","3.89","0.9","27.57","79.93","6.63","66.92","1.4","42.86","0.17","0","0.45","1.6","75","2.14","53.49","1.25","4.44","76.4"
"T. Fosu","League One 24-25.","Northampton Town","LWF, LAMF, CF","30","900000","","34","1781","4","4.37","2","1.93","England","right","180","5.76","4.95","63.27","4.19","22.89","0.05","3.69","3.54","0.2","0.22","0","1.62","43.75","12.5","1.21","41.67","4.55","51.11","14.35","32.04","2.88","1.57","0.15","22.59","82.1","5.05","67","0.96","63.16","0.1","0","0.2","1.52","80","1.92","68.42","1.21","2.98","69.49"
"K. Conteh","League One 24-25.","Bristol Rovers","LDMF, LCMF, DMF","23","0","2027-06-30","19","1777","0","0.37","0","0.03","England","right","177","9.47","8","69.62","3.34","63.64","0.25","4.95","0.71","0","0.02","0","0.41","37.5","0","0.41","0","1.06","52.38","3.14","33.87","0.05","0.56","0.1","34.03","85.12","11.5","73.13","2.84","53.57","0","0.05","0","5.17","77.45","0.76","20","0.05","5.17","70.59"
"E. List","League One 24-25.","Stevenage","LAMF, RAMF, LW","28","125000","2027-06-30","39","1776","4","3.33","0","1.85","England","right","174","4.81","3.95","57.69","4.71","32.26","0.15","3.66","2.48","0.2","0.17","0.05","1.32","26.92","15.385","1.32","34.62","2.84","57.14","8.21","43.83","2.64","1.11","0.15","15.71","76.77","4","64.56","0.76","60","0.09","0.1","0.25","1.42","42.86","1.11","63.64","0.76","1.93","73.68"
"Mamadi Camará","League One 24-25.","Reading","LWF, RWF","22","175000","2026-06-30","33","1755","3","2.88","1","0.34","Guinea-Bissau","right","174","4","4.05","58.23","3.79","25.68","0","2.32","1.33","0.15","0.15","0","0.82","56.25","18.75","0.72","35.71","0.87","70.59","6.05","27.97","2.05","0.77","0.15","24.1","80.21","5.79","69.03","0.72","21.43","0.02","0.05","0.15","1.69","63.64","1.23","58.33","0.67","3.08","55"
"C. Hayes","League One 24-25.","Peterborough United","RAMF, LWB","22","0","2027-06-30","34","1741","3","2.48","2","2.8","England","left","170","7.44","7.65","57.43","1.65","15.63","0.1","4.19","6.26","0.16","0.13","0","1.4","29.63","11.111","2.48","22.92","8.79","57.65","17.01","44.07","3.15","4.96","0.98","26.26","72.64","5.89","58.77","1.29","48","0.14","0.36","0.57","2.27","47.73","2.33","44.44","1.14","3.98","70.13"
"C. Martin","League One 24-25.","Bristol Rovers","CF","37","100000","","23","1727","5","3.42","3","1.34","England","right","184","3.23","2.29","54.55","11.99","41.3","0.21","2.95","0.94","0.16","0.18","0.05","0.83","50","31.25","0.21","0","0.47","77.78","6.05","19.83","2.4","0.26","0","20.53","76.14","5.11","61.22","0.78","40","0.07","0.16","0.47","2.35","57.78","0.78","33.33","0.83","2.19","59.52"
"E. Hamilton","League One 24-25.","Lincoln City","RCMF, LDMF, RDMF","27","450000","2028-05-31","32","1724","0","1.4","0","0.54","Scotland","left","187","7.47","8.04","62.34","2.87","50.91","0.21","3.15","1.04","0","0.07","0","1.04","25","0","0.57","0","1.31","56","6.32","44.63","1.31","1.25","0.42","24.22","82.33","6.37","65.57","1.93","45.95","0.03","0.05","0.1","3.03","62.07","0.73","42.86","0.37","2.87","63.64"
"J. Wareham","League One 24-25.","Reading","CF","22","100000","2027-06-30","37","1721","5","5.2","1","1.06","England","right","177","4.45","3.66","51.43","12.92","32.39","0.26","3.47","0.99","0.26","0.27","0","1.67","37.5","15.625","0.21","25","0.58","45.45","6.43","21.14","2.88","0.21","0.05","15.06","63.89","3.24","33.87","0.99","31.58","0.06","0.05","0.21","1.31","40","0.89","29.41","0.58","1.46","42.86"
"J. Lindsay","League One 24-25.","Bristol Rovers","RDMF, RCMF, LDMF","30","500000","2027-05-31","28","1701","2","0.64","0","0.08","Scotland","right","183","6.51","4.6","54.02","2.65","30","0.53","5.11","0.48","0.11","0.03","0","0.74","21.43","14.286","0.21","50","0.32","66.67","1.75","42.42","0.53","0.37","0.05","33.02","81.73","11.11","66.67","3.07","44.83","0","0","0","4.6","64.37","0.9","41.18","0.26","4.55","63.95"
"D. Orsi","League One 24-25.","Burton Albion","CF","29","225000","2027-06-30","27","1695","6","4.75","2","0.62","England","right","188","2.65","2.55","43.75","4.09","10.39","0.21","2.03","1.49","0.32","0.25","0","1.06","60","30","0.53","50","0.74","71.43","5.1","27.08","2.12","0.16","0","14.71","71.84","3.82","45.83","0.8","33.33","0.03","0.37","0.21","1.81","52.94","0.8","46.67","0.27","1.91","55.56"
"J. Shipley","League One 24-25.","Shrewsbury Town","LAMF, AMF, LCMF","28","400000","2027-06-30","33","1688","2","1.06","2","1.44","England","left","183","5.65","4.64","59.77","2.88","38.89","0","3.51","1.87","0.11","0.06","0","0.85","37.5","12.5","2.45","32.61","0.96","50","2.24","30.95","1.55","0.43","0.16","26.98","70.16","10.02","56.38","4.32","43.21","0.08","0.48","0.27","4.64","52.87","2.99","35.71","0.69","4.75","76.4"
"M. Leonard","League One 24-25.","Birmingham City","LDMF, RDMF, AMF","24","450000","2028-06-30","35","1682","0","0.84","4","1.86","Scotland","right","178","8.67","6.53","73.77","1.71","53.13","0.16","7.03","1.23","0","0.04","0","0.86","18.75","0","1.44","40.74","0.64","66.67","4.01","48","0.64","1.23","0.11","62.87","86.81","16.48","70.45","4.39","42.68","0.1","0.11","0.27","9.1","68.24","2.89","46.3","0.8","7.01","78.63"
"R. Loft","League One 24-25.","Cambridge United","CF","28","175000","2027-06-30","32","1681","2","3.55","1","1.47","England","right","190","3.8","3.16","47.46","18.79","36.18","0.05","2.17","0.64","0.11","0.19","0","1.12","28.57","9.524","0.16","33.33","0.91","29.41","5.57","25","2.09","0.64","0.16","13.33","61.85","4.02","45.33","1.34","36","0.08","0.11","0.05","2.41","42.22","0.43","25","0.48","1.45","66.67"
"D. Nlundulu","League One 24-25.","Cambridge United","CF, LWF","26","400000","2026-05-31","25","1679","4","5.85","1","0.9","England","right","185","3.43","2.47","56.52","11.42","23.94","0.05","2.79","1.93","0.16","0.31","0","1.98","35.14","10.811","0.43","12.5","2.09","56.41","11.52","22.33","3.38","0.48","0.11","14.1","66.54","3.7","55.07","0.54","30","0.05","0.11","0.32","1.82","50","0.75","42.86","0.54","1.61","76.67"
"S. Forde","League One 24-25.","Bristol Rovers","RAMF, RW, RWF","21","0","2027-06-30","31","1663","2","1.86","2","1.77","England","left","174","6.82","6.76","58.4","2.54","23.4","0","3.62","3.41","0.11","0.1","0","1.19","50","9.091","1.79","15.15","4.6","51.76","12.66","34.19","1.95","1.95","0.27","23.54","70.8","5.25","55.67","2.16","45","0.1","0.22","0.32","2.22","48.78","1.68","38.71","0.76","3.84","60.56"
"D. Williams","League One 24-25.","Burton Albion","LWB, LCMF, LB","22","200000","","26","1659","1","0.42","1","1.46","England","left","177","9.33","8.63","61.64","2.44","26.67","0.27","4.94","1.57","0.05","0.02","0","0.33","50","16.667","2.44","44.44","0.92","35.29","2.88","30.19","0.54","1.08","0.16","34.72","77.5","11.45","60.19","3.47","43.75","0.08","0.11","0.38","4.01","48.65","2.98","56.36","0.6","6.67","61.79"
"P. Mpanzu","League One 24-25.","Rotherham United","RCMF, RWB","31","1500000","2027-06-30","18","1652","1","1.98","0","1.79","England","right","175","7.63","4.96","64.84","2.72","38","0.22","5.88","1.14","0.05","0.11","0","0.76","21.43","7.143","1.14","23.81","1.14","61.9","6.59","38.02","1.8","0.54","0.11","28.33","76.54","9.7","61.8","2.02","64.86","0.1","0","0.16","3.81","67.14","1.63","46.67","0.71","4.96","69.23"
"C. Watts","League One 24-25.","Exeter City","AMF, RWF, LWB","23","200000","2028-06-30","31","1650","4","4.33","1","1.45","England","right","173","6.98","6.55","55","2.35","18.6","0.16","3.83","3.49","0.22","0.24","0.11","1.58","44.83","13.793","1.47","22.22","4.25","56.41","11.56","41.98","1.96","1.69","0.27","26.18","74.17","7.85","48.61","2.62","27.08","0.08","0.27","0.38","4.15","53.95","2.78","35.29","0.82","4.09","58.67"
"R. De Havilland","League One 24-25.","Peterborough United","LDMF, RDMF, AMF","24","125000","2028-06-30","27","1646","2","2.17","0","0.5","England","right","177","7.98","5.41","70.71","1.91","22.86","0.11","5.42","0.71","0.11","0.12","0","1.04","26.32","10.526","0.22","50","0.82","40","2.9","32.08","0.6","0.33","0.05","45.55","85.23","12.58","72.17","4.32","51.9","0.03","0","0.11","5.58","70.59","1.09","65","0.71","6.83","62.4"
"S. Thomas","League One 24-25.","Wigan Athletic","LW, LAMF","21","0","","24","1641","0","1.31","2","2.95","England","right","0","6.25","5.92","54.63","2.3","28.57","0.05","3.8","4.94","0","0.07","0","0.99","27.78","0","4.11","36","5.81","53.77","10.8","49.75","1.76","2.74","0.16","22.1","72.7","5.05","61.96","1.37","44","0.16","0.16","0.55","2.03","59.46","3.4","51.61","0.55","4.5","74.39"
"G. Gent","League One 24-25.","Barnsley","LWB, LB","22","300000","2027-06-30","25","1619","1","1.28","0","1.08","England","left","180","9.34","7.5","50.37","0.95","29.41","0.11","6.73","2.84","0.06","0.07","0","0.72","46.15","7.692","4.61","22.89","2.84","50.98","5.67","35.29","1.28","2.39","0.44","26.91","66.12","10.12","51.65","3.61","40","0.06","0","0.28","3.84","53.62","3.61","30.77","0.22","6.23","67.86"
"M. Bennett","League One 24-25.","Burton Albion","CF, AMF","29","375000","2027-06-30","34","1601","2","3.58","0","0.34","England","right","178","5.45","5.28","47.87","14.56","36.68","0.06","3.28","1.18","0.06","0.2","0","1.12","50","10","0.84","13.33","1.46","34.62","7.08","29.37","2.14","0.96","0.17","15.97","63.38","5.12","49.45","1.29","26.09","0.02","0.06","0.17","2.08","45.95","0.84","46.67","0.45","2.81","46"
"B. Elliott","League One 24-25.","Reading","RCMF","23","700000","2026-06-30","19","1593","2","1.86","1","1.66","England","right","180","8.87","8.08","61.54","1.92","32.35","0.4","5.38","2.71","0.11","0.1","0","1.47","34.62","7.692","0.45","37.5","3.39","51.67","12.66","33.93","1.13","1.98","0.23","37.4","82.93","12.77","69.03","1.75","45.16","0.09","0.51","0.56","5.37","73.68","2.2","66.67","1.3","5.65","72"
"K. Dowell","League One 24-25.","Birmingham City","RAMF, AMF","28","1500000","2026-05-31","19","1592","5","4.25","2","3.73","England","left","183","5.14","5.03","58.43","2.37","28.57","0.23","4.11","2.09","0.17","0.24","0.06","1.75","38.71","16.129","1.87","45.45","1.19","33.33","5.14","27.47","1.87","1.19","0.51","38.1","80.86","11.25","65.33","2.77","63.27","0.21","0.34","0.57","4.64","65.85","4.13","53.42","1.87","5.65","78"
"H. Forster","League One 24-25.","Crawley Town","LWB, RW, RWB","25","100000","2026-06-30","25","1578","2","1.26","2","1.56","England","right","176","9.87","7.41","66.15","3.48","18.03","0.06","6.38","2.62","0.11","0.07","0","0.97","23.53","11.765","2.11","18.92","4.05","49.3","7.59","41.35","1.54","2.34","0.68","27.78","75.98","9.01","60.76","2.11","37.84","0.09","0.06","0.4","2.11","56.76","2.45","32.56","0.74","5.36","55.32"
"O. Norburn","League One 24-25.","Wigan Athletic","LCMF, LDMF, RCMF","33","200000","2026-06-30","22","1572","0","0.58","0","0.35","England","right","185","8.36","5.38","58.51","2.18","68.42","0.17","5.45","0.17","0","0.03","0","0.4","14.29","0","0.11","50","0.11","50","2.35","63.41","0.34","0.17","0","33.55","88.23","8.19","72.03","3.21","51.79","0.02","0","0.06","4.35","65.79","0.92","62.5","0.4","3.61","65.08"
"L. Castledine","League One 24-25.","Shrewsbury Town","AMF","20","900000","2027-06-30","23","1565","2","4.25","0","0.78","England","right","175","6.27","5.18","56.67","8.8","37.25","0.06","3.81","2.42","0.12","0.24","0","1.78","22.58","6.452","1.38","20.83","2.88","60","8.8","40.52","2.19","0.52","0.29","21.91","71.13","5.87","56.86","1.78","38.71","0.05","0","0.06","2.65","52.17","1.04","44.44","0.35","2.76","64.58"
"W. Hondermarck","League One 24-25.","Northampton Town","RDMF, LCMF, LDMF","25","200000","","33","1560","0","0.56","0","0.41","France","right","185","7.67","6.98","58.68","2.71","46.81","0.12","4.55","0.98","0","0.03","0","0.4","57.14","0","0.35","16.67","1.15","60","5.37","41.94","0.81","1.04","0.4","24.63","82.67","5.65","65.31","0.98","35.29","0.02","0.06","0.12","2.71","78.72","0.58","40","0.35","2.6","62.22"
"M. Watters","League One 24-25.","Barnsley","CF","26","400000","2026-06-30","30","1533","5","6.45","0","1.11","England","right","181","2.64","2.23","65.79","4.17","16.9","0.06","1.76","1.88","0.29","0.38","0","1.94","57.58","15.152","0.94","18.75","1","58.82","4.76","25.93","3.82","1.12","0.47","14.85","69.17","2.11","47.22","0.65","18.18","0.07","0","0.23","0.94","31.25","1","41.18","0.53","1.35","47.83"
"D. Ball","League One 24-25.","Leyton Orient","LDMF, RDMF","30","400000","2027-06-30","33","1521","0","0.32","1","0.45","England","right","185","9.17","4.91","54.22","5.27","60.67","0.47","9.26","1.24","0","0.02","0","0.47","0","0","0.36","16.67","1.95","54.55","5.92","40","0.53","0.59","0","40.77","83.16","14.91","71.43","2.72","43.48","0.03","0.18","0.06","6.63","77.68","0.95","62.5","0.53","7.81","69.7"
"G. Maris","League One 24-25.","Mansfield Town","LCMF, RCMF, DMF","29","300000","2026-06-30","27","1509","4","3.39","1","1.37","England","right","180","6.2","4.23","61.97","3.16","52.83","0.24","4.65","1.67","0.24","0.2","0.06","1.91","31.25","12.5","1.01","47.06","1.31","36.36","5.25","32.95","1.97","1.13","0.18","35.43","84.51","8.53","71.33","2.45","65.85","0.08","0.12","0.3","4.53","73.68","1.37","65.22","0.95","5.19","74.71"
"E. King","League One 24-25.","Stevenage","LDMF, RDMF, DMF","23","0","2027-06-30","28","1509","1","0.94","1","1.49","Wales","right","188","8.47","5.79","64.95","4.23","45.07","0.3","6.34","1.01","0.06","0.06","0","0.83","42.86","7.143","0.6","50","0.78","46.15","3.4","22.81","0.36","0.6","0.06","34.47","80.8","12.52","65.24","4.71","56.96","0.09","0","0.06","7.93","72.18","2.39","45","0.66","7.22","76.03"
"N. Ennis","League One 24-25.","Blackpool","CF","26","700000","2027-06-30","19","1504","7","6.74","0","0.46","England","right","180","4.13","3.11","67.31","6.4","18.69","0","1.64","2.15","0.42","0.4","0.06","1.97","42.42","21.212","0.48","0","2.45","53.66","9.99","26.35","2.99","0.84","0.12","11.19","70.05","1.86","58.06","0.78","61.54","0.03","0.12","0.06","0.78","76.92","0.66","45.45","0.6","1.08","50"
"T. Eaves","League One 24-25.","Northampton Town","CF","33","300000","2026-06-30","23","1486","5","2.83","1","0.43","England","right","191","3.88","3.33","61.82","11.87","41.33","0.18","2.28","1.64","0.3","0.17","0.12","1.57","53.85","19.231","1.03","23.53","0.91","60","11.51","20","3.03","0.48","0.06","11.14","63.04","1.76","34.48","0.24","25","0.03","0","0.12","0.97","18.75","0.61","40","0.3","0.67","36.36"
"G. O''Donkor","League One 24-25.","Bristol Rovers","CF","21","0","2026-06-30","28","1483","4","4.26","2","0.94","England","left","178","5.1","4.61","69.74","10.32","24.71","0.12","2.57","2.18","0.24","0.26","0.18","1.03","64.71","23.529","1.15","10.53","2.67","47.73","15.6","31.91","2.25","1.03","0.06","12.87","62.74","3.46","50.88","0.61","40","0.06","0.12","0.24","1.64","59.26","1.21","30","0.42","2.06","58.82"
"S. Chouchane","League One 24-25.","Northampton Town","LDMF, RDMF, RCMF","22","250000","2027-06-30","22","1473","0","0.29","2","2.74","France","right","180","9.53","8.92","58.22","2.69","36.36","0.24","5.72","1.53","0","0.02","0","0.37","33.33","0","2.2","41.67","1.16","31.58","4.83","29.11","0.61","0.43","0.12","39.84","77.76","13.93","60.96","4.77","48.72","0.17","0.18","0.43","5.56","57.14","3.48","43.86","0.79","6.23","71.57"
"F. Draper","League One 24-25.","Lincoln City","CF","21","275000","2028-06-30","38","1471","4","4.53","0","1.76","England","right","181","4.53","4.41","51.39","11.75","22.4","0","2.58","1.77","0.18","0.28","0","1.96","37.5","12.5","0.49","12.5","2.32","36.84","9.91","26.54","2.57","0.49","0.06","14.62","66.11","4.28","42.86","1.16","36.84","0.11","0.12","0.31","2.02","54.55","0.8","53.85","0.49","2.51","58.54"
"M. Leaburn","League One 24-25.","Charlton Athletic","CF","22","0","2028-06-30","27","1470","6","4.99","2","0.97","England","right","195","4.53","2.57","64.29","18.24","45.97","0.12","3.85","2.39","0.37","0.31","0.06","2.02","42.42","18.182","0.67","36.36","2.02","60.61","11.2","26.23","3","0.86","0.18","16.35","59.55","6.06","47.47","0.55","22.22","0.06","0.06","0.37","2.27","56.76","1.29","57.14","0.73","2.82","56.52"
"L. Sibley","League One 24-25.","Rotherham United","AMF, LWB, RCMF","24","1600000","2026-06-30","21","1468","2","1.59","0","1.14","England","left","183","8.4","8.34","63.97","1.72","17.86","0.06","3.68","1.66","0.12","0.1","0","0.98","31.25","12.5","1.78","13.79","1.9","58.06","6.07","37.37","1.9","0.86","0.12","20.11","74.7","6.25","58.82","1.78","48.28","0.07","0","0.25","1.84","60","1.47","45.83","0.31","2.88","61.7"
"K. Nwakali","League One 24-25.","Barnsley","DMF, LCMF, RCMF","27","700000","2027-06-30","23","1460","1","0.52","0","0.44","Nigeria","right","184","4.5","3.51","57.89","1.48","33.33","0","3.97","1.11","0.06","0.03","0","0.8","23.08","7.692","0.62","40","0.92","66.67","4.5","47.95","0","0.99","0","53.45","87.2","15.6","75.1","5.67","52.17","0.03","0.12","0.18","11.34","75","1.54","44","0.43","8.26","88.81"
"L. Gregory","League One 24-25.","Mansfield Town","CF","37","150000","","20","1460","10","6.84","0","0.93","England","right","188","4.75","4.56","55.41","7.15","31.03","0.18","2.55","2.1","0.43","0.42","0.06","1.91","48.39","32.258","0.68","27.27","2.28","40.54","11.65","26.46","3.64","0.86","0.12","16.21","78.33","3.14","56.86","0.62","40","0.06","0.18","0.31","1.42","47.83","0.99","56.25","0.92","0.99","81.25"
"A. Cannon","League One 24-25.","Wrexham","RCMF","29","200000","2026-06-30","24","1460","2","0.66","0","0.55","England","right","176","9","7.34","63.87","2.9","31.91","0.18","5.47","1.6","0.12","0.04","0","0.92","20","13.333","2.1","23.53","1.17","63.16","5.73","37.63","2.1","0.86","0.43","25.34","73.72","9.86","68.75","1.73","46.43","0.03","0.25","0.31","3.7","61.67","2.1","41.18","0.62","4.32","70"
"L. Fraser","League One 24-25.","Crawley Town","DMF, RCMF","27","1000000","2027-06-30","16","1419","0","0.93","2","0.96","Canada","right","185","9.2","5.33","76.19","2.98","55.32","0.51","7.8","0.63","0","0.06","0","0.57","22.22","0","0.51","37.5","0.13","50","1.4","22.73","0.57","0.44","0","51.18","87.61","16.43","73.75","3.74","59.32","0.06","0.32","0.32","6.6","68.27","1.65","46.15","0.7","7.17","80.53"
"M. Miller","League One 24-25.","Huddersfield Town","LWB, LB","30","400000","2026-06-30","18","1408","0","0.51","2","3.13","England","left","178","8.57","5.75","63.33","3.9","44.26","0.19","6.27","5.18","0","0.03","0","0.45","28.57","0","5.5","32.56","5.24","60.98","9.59","44","1.34","2.49","0.32","37.84","68.24","13.62","55.87","3.77","30.51","0.2","0.06","0.38","5.82","48.35","4.92","42.86","0.45","9.72","69.74"
"L. Kelly","League One 24-25.","Rotherham United","DMF, RCMF, RDMF","35","300000","2026-06-30","18","1406","1","0.5","1","0.56","England","right","187","9.35","6.98","60.55","2.94","56.52","0.32","6.26","0.64","0.06","0.03","0","0.83","30.77","7.692","0.96","20","0.64","30","3.14","44.9","0.32","0.32","0","41.48","78.55","15.43","63.07","5.7","51.69","0.04","0","0.26","7.81","54.92","2.18","41.18","0.7","6.66","73.08"
"P. Omochere","League One 24-25.","Bristol Rovers","CF","25","225000","2027-06-30","22","1393","4","5.4","2","1.2","Republic of Ireland","right","188","4.72","3.3","74.51","13.89","32.56","0.19","2.97","2.52","0.26","0.35","0.06","1.94","36.67","13.333","0.97","26.67","2.84","54.55","12.86","27.64","3.68","1.03","0","12.99","64.18","2.65","48.78","0.52","50","0.08","0.06","0.32","1.36","52.38","0.71","36.36","0.52","1.36","38.1"
"J. Collins","League One 24-25.","Lincoln City","CF","35","175000","2026-06-30","20","1392","10","8.49","0","0.28","England","right","188","3.75","2.84","59.09","7.63","29.66","0.32","2.42","1.81","0.58","0.55","0.26","2.59","47.5","25","0.58","22.22","1.23","36.84","7.37","26.32","3.94","0.52","0","18.43","75.09","4.59","56.34","0.97","46.67","0.02","0.06","0.19","2.2","64.71","0.78","66.67","0.39","1.81","71.43"
"J. Moylan","League One 24-25.","Lincoln City","LCMF, RCMF, LAMF","24","200000","","28","1383","2","3.17","0","1.71","Republic of Ireland","right","173","6.77","4.75","68.49","2.47","36.84","0.13","4.15","4.56","0.07","0.21","0","2.6","32.5","5","1.56","50","4.82","58.11","10.8","39.16","2.02","2.67","0.26","22.19","68.62","8.85","55.15","2.28","34.29","0.11","0.59","0.26","4.36","50.75","2.73","57.14","0.98","4.75","67.12"
"M. Smith","League One 24-25.","Wigan Athletic","DMF, LDMF","25","300000","2026-06-30","19","1382","1","0.64","3","1.06","England","right","176","8.6","7.88","59.5","1.82","28.57","0.13","4.9","0.72","0.07","0.04","0","0.65","10","10","0.33","40","0.46","71.43","3.13","41.67","0.2","1.11","0.07","50.99","88.12","14.65","71.56","3.97","40.98","0.07","0.26","0.26","6.45","71.72","1.76","55.56","0.78","6.19","68.42"
"R. Longman","League One 24-25.","Wrexham","RW, RWB, LW","25","2000000","2027-06-30","19","1362","1","0.73","4","3.28","England","right","180","7","6.67","63.37","2.84","46.51","0.07","3.86","6.94","0.07","0.05","0","0.93","7.14","7.143","7.07","42.06","7.14","53.7","11.56","46.86","1.78","2.64","0.79","35.42","69.96","8.33","56.35","4.36","39.39","0.22","0.07","0.79","3.17","43.75","6.41","47.42","0.79","7.4","75.89"
"J. Hodge","League One 24-25.","Huddersfield Town","DMF, LCMF","23","1500000","2029-06-30","27","1358","1","1.24","0","0.51","England","right","172","8.15","6.36","68.75","2.32","37.14","0.33","4.86","1.33","0.07","0.08","0","0.99","40","6.667","0.99","13.33","1.46","40.91","4.97","28","0.53","1.33","0.13","51.89","83.4","18.76","68.9","5.83","53.41","0.03","0.2","0.27","8.95","71.11","1.92","34.48","0.73","7.95","71.67"
"D. Costelloe","League One 24-25.","Northampton Town","CF","22","325000","2028-06-30","15","1355","6","6.65","0","2.29","Republic of Ireland","left","175","4.52","4.25","68.75","12.02","12.15","0.07","2.22","2.39","0.33","0.44","0.07","1.86","50","21.429","0.73","36.36","2.26","52.94","8.9","33.58","3.59","1.13","0.33","11.42","73.26","2.52","47.37","0.2","0","0.15","0","0.4","0.66","20","0.8","50","0.93","0.93","50"
"B. Cotter","League One 24-25.","Barnsley","RB, RW, LWB","27","300000","2026-06-30","21","1351","0","1.33","3","2.51","Republic of Ireland","right","184","9.73","6.79","66.67","5","41.33","0.07","7.18","4.06","0","0.09","0","1.33","30","0","4.06","32.79","4.86","47.95","9.79","37.41","2.13","2.86","0.93","26.25","64.21","9.19","48.55","3.06","34.78","0.17","0","0.73","3.86","41.38","3.53","47.17","0.53","6","58.89"
"B. Whitfield","League One 24-25.","Burton Albion","AMF, RWF, RAMF","29","200000","2027-06-30","23","1349","1","2.09","2","2.52","England","right","165","4.6","3.34","58","1.93","31.03","0.2","3.45","3.14","0.07","0.14","0","1.6","33.33","4.167","2.8","28.57","3.27","53.06","5.47","40.24","1.93","2.4","1","20.88","62.94","6.4","47.92","1.93","27.59","0.17","0.2","0.47","2.54","52.63","2.8","33.33","0.4","3.8","66.67"
"O. Dale","League One 24-25.","Wigan Athletic","LAMF, RWB, RCMF","27","450000","2026-05-31","17","1339","1","0.81","0","0.67","England","right","175","8.47","7.46","51.35","3.43","47.06","0","4.99","3.36","0.07","0.05","0","1.21","44.44","5.556","2.08","19.35","4.17","58.06","10.15","39.07","1.21","1.55","0.47","21.91","69.02","5.91","53.41","2.08","38.71","0.04","0","0.2","1.75","46.15","1.95","24.14","0.34","4.17","56.45"
"C. Vickers","League One 24-25.","Mansfield Town","CF, LW","20","175000","2027-06-30","19","1328","2","3.21","3","2.82","England","right","172","4.27","4.41","60","3.25","14.58","0.07","2.11","4.54","0.14","0.22","0","1.69","24","8","2.91","39.53","5.56","51.22","13.22","38.46","2.98","3.32","0.07","30.43","81.07","5.96","62.5","1.02","53.33","0.19","0.2","0.54","2.44","63.89","3.12","47.83","0.88","3.86","71.93"
"M. Southam-Hales","League One 24-25.","Stockport County","RWB, RB","29","0","","17","1325","3","0.65","0","1.86","Wales","right","175","8.42","5.03","62.16","3.6","43.4","0.27","6.77","2.51","0.2","0.04","0.14","0.54","37.5","37.5","3.19","42.55","1.36","60","3.74","45.45","1.49","0.82","0.34","31.38","71.21","11.07","52.76","5.23","36.36","0.13","0.14","0.48","4.62","48.53","2.92","46.51","0.54","7.13","60.95"
"F. Blake-Tracy","League One 24-25.","Mansfield Town","LWB, LCB","30","200000","2026-06-30","18","1319","0","0.28","1","1.11","England","left","183","6.14","4.71","66.67","6.76","55.56","0.34","3.57","2.18","0","0.02","0","0.14","0","0","2.93","37.21","1.77","57.69","4.98","41.1","1.09","2.32","0.27","36.3","74.81","14.12","63.77","4.78","45.71","0.08","0.07","0.34","4.84","57.75","2.87","52.38","0.48","8.8","72.09"
"B. Perry","League One 24-25.","Northampton Town","RCMF","21","0","2028-06-30","17","1315","0","0.98","0","0.39","England","right","183","10.13","9.31","63.24","6.37","46.24","0.14","5.69","0.27","0","0.07","0","0.48","0","0","0.27","0","0.55","50","5","46.58","0.96","0.21","0.07","12.66","65.95","5.06","41.89","1.51","36.36","0.03","0","0.07","2.19","43.75","0.41","16.67","0.14","1.51","31.82"
"V. Adeboyejo","League One 24-25.","Bolton Wanderers","CF","27","850000","2026-06-30","27","1315","3","4.76","0","0.22","Nigeria","right","180","3.76","3.9","63.16","6.78","21.21","0","1.9","1.51","0.21","0.33","0","1.51","31.82","13.636","0.55","12.5","1.64","50","11.43","22.16","2.46","0.68","0.07","13","73.16","2.53","51.35","0.34","20","0.01","0.21","0.07","1.03","46.67","0.62","44.44","0.14","1.03","53.33"
"J. Fevrier","League One 24-25.","Stockport County","RAMF, RB, RWB","22","300000","2027-06-30","27","1311","3","2.25","3","2.07","England","left","173","5.63","5.08","58.11","2.54","18.92","0","4.24","5.29","0.21","0.15","0","2.2","37.5","9.375","3.23","44.68","6.04","50","12.43","36.46","3.36","3.71","0.55","22.79","74.4","4.26","51.61","1.44","33.33","0.14","0","0.27","1.37","55","2.75","52.5","0.76","3.84","67.86"
"P. Mullin","League One 24-25.","Wrexham","CF, AMF","31","900000","2027-06-30","26","1307","2","6.67","0","0.52","England","right","178","4.34","4.68","52.94","3.31","16.67","0","1.79","2.41","0.14","0.46","0","3.31","37.5","4.167","1.65","29.17","2.07","30","9.02","30.53","3.99","0.62","0.14","18.73","69.12","4.68","47.06","1.24","27.78","0.04","0.34","0.21","2.48","52.78","2.07","33.33","0.41","2.34","70.59"
"S. Fletcher","League One 24-25.","Wrexham","CF, AMF","38","100000","","40","1305","8","9.13","1","1.03","England","left","185","3.45","2.21","46.88","19.93","51.9","0.14","3.4","2.48","0.41","0.63","0.14","3.45","52","16","0.28","50","1.38","40","6.97","26.73","4.76","0.14","0","17.03","65.59","4.69","41.18","0.62","33.33","0.07","0.07","0.21","2.41","42.86","1.38","40","0.97","1.72","52"
"S. Quinn","League One 24-25.","Mansfield Town","LCMF","39","50000","","30","1300","1","0.87","1","2.46","Republic of Ireland","left","168","6.78","5.12","59.46","2.98","51.16","0.14","4.37","2.77","0.07","0.06","0","1.04","26.67","6.667","4.43","35.94","1.38","55","4.22","54.1","2.56","1.8","0.69","43.27","77.6","12.18","66.48","2.77","52.5","0.17","0.21","0.42","5.4","71.79","4.64","50.75","0.97","8.65","77.6"
"A. Abdulai","League One 24-25.","Leyton Orient","LAMF, CF, AMF","22","200000","2027-06-30","24","1299","4","1.35","1","1.54","Scotland","right","0","6.72","4.57","56.06","7.14","20.39","0.14","5.68","1.87","0.28","0.09","0.07","0.97","57.14","28.571","1.11","18.75","2.91","35.71","9.08","30.53","1.59","1.32","0.14","20.58","69.02","5.96","48.84","1.25","22.22","0.11","0.14","0.21","2.42","42.86","2.15","35.48","0.76","2.15","58.06"
"B. Hanlan","League One 24-25.","Stevenage","CF","28","300000","2027-06-30","24","1298","2","2.37","0","0.25","England","right","182","2.15","2.84","51.22","9.71","22.86","0.07","1","1.18","0.14","0.16","0.07","1.11","37.5","12.5","0.42","33.33","2.08","30","13.8","17.09","2.57","1.11","0.07","12.2","75","1.39","50","0.35","20","0.02","0.07","0.07","0.83","58.33","0.49","42.86","0.28","0.55","50"
"B. Lubala","League One 24-25.","Wycombe Wanderers","LAMF, LW","27","225000","","27","1297","4","3.46","0","0.25","Congo DR","right","177","8.4","7.08","62.75","5.62","29.63","0.07","5.43","2.36","0.28","0.24","0.14","1.8","38.46","15.385","1.32","26.32","3.19","39.13","11.03","28.3","2.36","0.97","0.07","18.8","70.85","4.72","54.41","1.39","50","0.02","0.21","0.14","1.87","55.56","1.94","50","0.69","3.19","65.22"
"X. Simons","League One 24-25.","Wycombe Wanderers","RCMF, AMF, LCMF","22","450000","2029-06-30","16","1296","0","1.07","0","1.22","England","right","180","5.07","3.13","55.56","2.85","56.1","0.35","4.39","0.83","0","0.07","0","1.04","33.33","0","0.69","40","0.42","50","2.15","35.48","1.04","1.74","0.49","31.67","81.8","9.17","64.39","3.06","47.73","0.08","0.07","0.14","4.38","69.84","1.04","33.33","0.49","5.21","69.33"
"A. Adeyemo","League One 24-25.","Crawley Town","LWB, RW, CF","27","0","2026-06-30","29","1294","4","2.06","0","0.55","England","","0","11.27","9.11","57.25","3.96","45.61","0.07","8.41","4.03","0.28","0.14","0","1.32","42.11","21.053","2.5","36.11","5.49","45.57","10.57","30.26","2.71","2.23","0.21","33.45","77.13","8.35","68.33","2.16","35.48","0.04","0.14","0.28","1.53","59.09","3.27","46.81","0.9","5.7","62.2"
"S. Kaikai","League One 24-25.","Cambridge United","CF, RWF, RAMF","30","250000","2027-06-30","25","1289","4","3.58","0","1.22","Sierra Leone","right","182","4.96","4.96","43.66","2.93","23.81","0.07","3.32","3","0.28","0.25","0.07","1.4","50","20","1.47","57.14","3","48.84","8.24","36.44","2.16","1.19","0.14","20.11","76.39","4.89","55.71","1.05","40","0.08","0.07","0.14","2.37","55.88","1.82","65.38","0.77","3.21","71.74"
"T. John-Jules","League One 24-25.","Crawley Town","CF, AMF","24","500000","2026-05-31","25","1238","0","2.09","1","1.74","England","right","183","5.31","3.93","61.11","6.98","30.21","0.15","4.04","1.45","0","0.15","0","1.16","31.25","0","1.38","42.11","1.6","31.82","8.65","26.89","2.98","0.58","0.07","21.88","74.75","5.6","61.04","1.02","42.86","0.13","0.15","0.36","2.54","57.14","1.38","42.11","0.73","2.69","59.46"
"B. Cadamarteri","League One 24-25.","Lincoln City","CF","20","0","2028-06-30","23","1238","5","3.82","0","0.32","England","right","0","3.71","3.34","50","8.43","24.14","0.22","2.75","1.96","0.36","0.28","0.07","1.89","50","19.231","0.87","33.33","1.67","43.48","5.53","25","3.42","1.09","0.15","9.74","58.21","2.11","41.38","0.15","0","0.02","0","0.07","0.95","23.08","1.02","35.71","0.44","0.87","75"
"D. Mitchell","League One 24-25.","Exeter City","AMF, CF","28","250000","2027-06-30","23","1236","4","1.1","1","0.32","England","left","181","6.33","6.41","57.95","3.28","35.56","0","3.89","2.48","0.29","0.08","0","1.09","40","26.667","1.97","11.11","3.06","57.14","8.08","39.64","1.53","1.53","0.51","27.89","74.15","8.16","61.61","1.67","43.48","0.02","0.15","0.22","2.55","68.57","2.18","40","0.73","4.3","66.1"
"C. Conn-Clarke","League One 24-25.","Peterborough United","AMF","24","0","2027-06-30","23","1228","1","2.22","3","1.74","Northern Ireland","","0","4.47","3.96","55.56","1.98","25.93","0","3.4","4.62","0.07","0.16","0","2.57","34.29","2.857","2.2","46.67","4.84","56.06","11.87","43.83","2.27","1.91","0.29","29.32","75.75","7.55","51.46","3","46.34","0.13","0.15","0.66","4.54","58.06","3.52","50","0.95","4.91","71.64"
"J. Rhodes","League One 24-25.","Mansfield Town","CF","35","275000","","35","1226","1","3.2","1","0.49","England","right","185","2.35","1.98","62.96","10.2","33.09","0","1.48","1.1","0.07","0.23","0","1.98","40.74","3.704","0.37","0","0.51","57.14","6.53","24.72","3.82","0.15","0.07","15.71","69.16","2.5","47.06","0.44","16.67","0.04","0","0.22","1.47","35","0.37","20","0.59","1.25","35.29"
"D. Gape","League One 24-25.","Shrewsbury Town","LCMF, DMF, RCMF","31","125000","2026-06-30","16","1221","0","0.18","0","0.02","England","right","180","10.61","9.8","66.17","3.61","42.86","0.66","4.59","0.52","0","0.01","0","0.37","20","0","0.74","30","0.37","40","2.36","34.38","0.15","0.37","0.15","25.95","72.16","10.39","58.87","4.28","44.83","0","0.15","0","4.94","53.73","1.47","45","0.44","5.23","54.93"
"O. Bailey","League One 24-25.","Stockport County","LCMF, RAMF, LWF","26","350000","2026-06-30","32","1201","2","1.96","2","1.46","England","left","178","6.37","5.02","64.18","2.25","26.67","0.07","4.88","3.37","0.15","0.15","0","1.35","38.89","11.111","2.02","37.04","3.45","58.7","8.54","38.6","2.32","1.87","0.15","34.47","83.7","9.07","69.42","2.77","62.16","0.11","0.15","0.22","3.45","69.57","2.17","55.17","0.52","4.12","85.45"
"C. Tiéhi","League One 24-25.","Rotherham United","DMF, RDMF, RCMF","27","1000000","2027-06-30","16","1198","0","0.76","1","0.23","France","right","184","6.76","5.63","69.33","2.78","40.54","0.15","3.88","1.35","0","0.06","0","0.75","30","0","1.13","26.67","1.28","64.71","4.96","43.94","1.05","0.53","0.08","32.3","82.79","9.77","67.69","1.58","33.33","0.02","0","0","4.43","67.8","1.05","50","0.23","4.43","66.1"
"S. Perkins","League One 24-25.","Leyton Orient","RAMF, CF","21","1000000","2027-06-30","30","1197","4","2.55","2","0.87","England","left","188","6.17","6.09","62.96","4.51","20","0","3.54","2.63","0.3","0.19","0.08","1.65","36.36","18.182","1.43","36.84","2.56","52.94","11.8","31.21","2.48","1.35","0","26.39","76.35","6.54","57.47","1.58","47.62","0.07","0.23","0.15","3.91","61.54","2.03","51.85","0.53","4.66","77.42"
"J. Rodriguez","League One 24-25.","Wrexham","AMF, CF","36","1000000","2026-06-30","17","1193","2","3.86","2","0.26","England","right","185","5.88","3.77","56","11.01","26.71","0.23","4.8","1.28","0.08","0.29","0","1.51","55","10","0.45","0","0.83","54.55","5.43","29.17","2.34","0.15","0","22.03","64.04","6.49","43.02","2.64","22.86","0.02","0.08","0.15","3.92","38.46","0.83","27.27","0.6","2.64","45.71"
"B. Stevenson","League One 24-25.","Cambridge United","LDMF, DMF, LCMF","28","200000","2026-06-30","17","1191","0","0.3","0","0.23","England","right","182","10.13","6.2","69.51","3.48","54.35","0.68","6.98","0.3","0","0.02","0","0.38","0","0","0.23","66.67","0.6","25","2.27","43.33","0.3","0.45","0.08","31.66","78.52","11.94","60.13","4.31","43.86","0.02","0","0","5.59","56.76","1.21","56.25","0.6","4.53","70"
"L. Harris","League One 24-25.","Birmingham City","AMF, RAMF, LAMF","20","1000000","2026-06-30","29","1178","3","1.44","1","0.44","Jersey","right","177","7.11","7.18","59.57","1.99","34.62","0.08","4.08","1.38","0.23","0.11","0","0.92","41.67","25","1.22","6.25","1.76","47.83","5.58","27.4","2.06","0.69","0.23","26.82","79.2","6.95","58.24","1.07","42.86","0.03","0.08","0.15","2.9","60.53","1.53","35","0.31","3.13","65.85"
"M. Craig","League One 24-25.","Mansfield Town","DMF, RCMF, LCMF","22","0","2026-06-30","19","1156","1","0.43","0","0.45","England","right","0","10.12","8.88","67.54","2.02","38.46","0.08","5.41","0.86","0.08","0.03","0","0.39","20","20","0.39","60","0.93","50","4.98","42.19","0.23","0.86","0.31","31.92","82.68","10.12","66.92","2.18","53.57","0.04","0.23","0.31","4.83","70.97","1.71","68.18","0.78","6.38","65.85"
"D. Rankine","League One 24-25.","Wigan Athletic","RAMF, RW","23","300000","2027-06-30","20","1156","1","1.24","0","1.48","England","right","165","5.37","4.13","66.04","1.95","8","0.31","3.36","2.72","0.08","0.1","0","0.78","30","10","2.65","23.53","3.11","60","6.93","39.33","2.34","3.43","0.47","25.61","76.6","5.37","69.57","0.93","25","0.12","0","0.39","1.56","60","2.1","55.56","0.7","3.66","61.7"
"T. Showunmi","League One 24-25.","Crawley Town","CF","25","0","2026-06-30","24","1133","4","4.01","0","0.45","England","right","191","3.1","3.02","52.63","10.17","10.94","0.08","2.05","1.67","0.32","0.32","0","1.99","32","16","0.64","12.5","2.14","44.44","10.49","24.24","2.7","0.64","0.16","14.46","81.32","3.18","75","0.64","50","0.04","0","0.32","1.67","76.19","0.79","70","0.64","1.43","77.78"
"C. Winchester","League One 24-25.","Shrewsbury Town","RDMF, DMF","32","275000","2026-11-30","15","1128","1","0.17","0","0.1","Northern Ireland","right","178","13.09","9.65","71.07","2.55","56.25","0","5.66","0.8","0.08","0.01","0","0.72","22.22","11.111","0.4","20","0.56","85.71","2.71","50","0.24","0.64","0.16","29.92","79.2","10.85","61.03","5.11","50","0.01","0.16","0","4.39","67.27","0.88","54.55","0.4","5.59","57.14"
"V. Harper","League One 24-25.","Exeter City","LWB, LB","25","0","","22","1122","1","0.84","0","0.55","England","left","178","12.59","10.75","66.42","2.65","27.27","0.24","7.17","3.37","0.08","0.07","0","0.48","50","16.667","2.73","23.53","3.69","67.39","7.54","46.81","1.2","2.17","0.48","22.3","70.5","5.7","57.75","2.57","18.75","0.04","0","0.08","2.09","57.69","1.2","46.67","0.24","4.01","48"
"J. Williams","League One 24-25.","Crawley Town","RCMF, DMF, LCMF","25","175000","","12","1113","0","1.18","0","0.56","England","right","185","6.47","5.5","50","5.82","56.94","0.16","5.81","0.65","0","0.1","0","0.89","18.18","0","0.08","0","0.65","62.5","5.74","43.66","0.57","0.4","0","47.71","86.95","13.83","70.76","2.99","54.05","0.05","0.08","0.08","5.9","65.75","0.89","27.27","0.4","5.01","59.68"
"B. Bodin","League One 24-25.","Reading","RWF, AMF, LWF","33","150000","2026-06-30","28","1108","6","3.39","1","0.35","England","left","180","4.87","3.57","59.09","4.87","13.33","0.16","3.83","2.68","0.49","0.28","0.08","2.36","37.93","20.69","1.14","28.57","2.11","69.23","6.42","39.24","3.09","0.73","0.08","22.18","70.33","6.74","51.81","2.84","57.14","0.03","0.16","0.16","2.68","48.48","1.62","40","0.41","3.09","76.32"
"L. Dykes","League One 24-25.","Birmingham City","CF, AMF","30","2000000","","25","1100","1","3.61","0","0.24","Scotland","right","188","3.19","2.86","51.43","13.75","42.86","0.16","3.3","1.72","0.08","0.3","0.08","2.05","36","4","0.33","25","1.06","61.54","7.36","23.33","4.17","0.98","0.08","18","74.09","4.91","58.33","0.57","14.29","0.02","0.25","0.08","1.8","50","0.57","71.43","0.57","1.64","55"
"S. Cosgrove","League One 24-25.","Stockport County","CF","29","450000","2026-06-30","26","1098","1","2.02","2","0.85","England","right","194","2.54","2.79","26.47","16.15","51.27","0.16","2.74","1.15","0.08","0.17","0","1.56","36.84","5.263","0.74","33.33","0.49","66.67","5.66","30.43","3.36","0.08","0","12.3","66.67","2.21","48.15","0.49","50","0.07","0","0.16","0.98","25","0.49","50","0.49","0.66","62.5"
"J. Colwill","League One 24-25.","Exeter City","LCMF, AMF","21","0","2028-06-30","18","1091","0","1.15","0","0.33","Wales","right","178","6.02","5.11","66.13","4.62","39.29","0.25","3.94","1.73","0","0.1","0","1.15","14.29","0","0.66","50","2.31","50","8.83","41.12","1.81","1.9","0.58","29.12","78.75","8.5","62.14","1.4","35.29","0.03","0.16","0.33","3.38","63.41","1.07","69.23","0.66","4.12","66"
"K. Shaw","League One 24-25.","Bristol Rovers","AMF, RCMF","19","0","","15","1086","0","1.05","0","1.59","England","","0","7.21","4.97","66.67","2.82","26.47","0.33","4.78","2.07","0","0.09","0","1.24","26.67","0","2.07","24","2.65","43.75","10.36","33.6","1.91","1.16","0.17","23.7","75.87","6.22","68","1.66","45","0.13","0.08","0.17","2.82","55.88","2.07","40","0.25","3.07","81.08"
"J. Hungbo","League One 24-25.","Wigan Athletic","RW, RAMF, LAMF","25","500000","2028-06-30","24","1070","0","0.73","1","1.92","England","left","173","5.97","5.8","60.87","2.61","22.58","0","3.45","6.22","0","0.06","0","1.35","37.5","0","3.95","21.28","7.4","64.77","13.46","47.5","2.27","3.53","0.34","23.13","66.18","6.39","53.95","1.18","28.57","0.16","0.34","0.42","1.85","50","2.94","34.29","0.93","2.61","64.52"
"R. Cole","League One 24-25.","Exeter City","RCMF, AMF","27","225000","2026-06-30","22","1070","3","2.16","0","1.84","England","right","178","5.21","3.62","55.81","2.1","28","0.08","4.62","2.36","0.25","0.18","0","2.69","34.38","9.375","2.78","27.27","1.26","40","3.53","38.1","1.77","0.59","0","34.23","74.94","10.51","52","4.46","37.74","0.16","0.34","0.34","7.15","55.29","2.86","41.18","0.93","5.72","75"
"J. Young","League One 24-25.","Stevenage","CF, LAMF","24","300000","","29","1044","4","2.41","0","0.23","England","right","186","3.1","3.1","50","4.74","23.64","0.26","2.41","3.02","0.34","0.21","0","2.07","45.83","16.667","1.29","6.67","4.48","42.31","11.72","26.47","2.93","1.64","0.34","12.07","66.43","2.67","54.84","0.43","40","0.02","0.09","0.09","1.47","52.94","1.03","41.67","0.69","1.81","71.43"
"D. O'Brien-Brady","League One 24-25.","Peterborough United","RDMF, LDMF, AMF","21","0","","20","1036","1","0.16","1","0.72","England","left","174","5.47","5.47","58.73","1.48","35.29","0.43","3.44","1.39","0.09","0.01","0","0.52","33.33","16.667","1.04","25","1.65","42.11","7.56","29.89","0.87","0.78","0.09","46.56","88.43","9.82","76.11","1.82","38.1","0.06","0.35","0.35","4","71.74","0.87","70","0.61","5.04","65.52"
"T. Bakinson","League One 24-25.","Wycombe Wanderers","RDMF, LCMF","27","500000","2028-06-30","25","1026","0","1.33","0","0.09","England","right","191","7.63","4.56","69.23","4.3","51.02","0.18","7.01","0.96","0","0.12","0","1.49","11.76","0","0.61","57.14","0.7","37.5","4.04","28.26","1.05","0.88","0","31.67","78.39","13.95","63.52","4.56","51.92","0.01","0.18","0","6.49","64.86","1.84","42.86","0.53","6.58","77.33"
"R. Rydel","League One 24-25.","Stockport County","LWB, LB","24","150000","2027-06-30","19","1001","0","0.24","3","2.01","England","left","181","9.08","7.19","60","3.51","35.9","0","7.39","3.87","0","0.02","0","0.45","40","0","5.66","42.86","1.8","70","4.68","46.15","0.99","0.81","0.09","33.72","71.73","10.88","61.16","4.86","37.04","0.18","0","0.63","4.59","52.94","4.59","50.98","0.27","8.27","75"
"J. Hugill","League One 24-25.","Rotherham United","CF, RWF","33","400000","2026-06-30","28","994","1","2.21","0","0.1","England","right","183","3.35","1.99","54.55","15.3","40.83","0.18","3.25","1.27","0.09","0.2","0","1.9","23.81","4.762","0.63","14.29","1.45","43.75","10.05","27.93","3.08","0.18","0.09","16.39","69.06","4.44","53.06","0.45","40","0.01","0.18","0","2.26","52","1.09","41.67","0.54","2.08","52.17"
"E. Hansson","League One 24-25.","Birmingham City","LAMF","27","1500000","2026-06-30","20","988","1","1.22","2","1.29","Norway","right","172","4.46","4.01","54.55","1.55","29.41","0","4.5","6.65","0.09","0.11","0","1.28","64.29","7.143","6.65","32.88","5.74","63.49","9.11","45","4.55","4.1","0.46","35.8","78.63","6.56","76.39","1.46","50","0.12","0","0.55","1.46","68.75","4.55","52","1.09","4.55","78"
"O. Moxon","League One 24-25.","Stockport County","LCMF, RCMF, AMF","27","450000","2028-06-30","19","985","0","0.96","0","0.4","England","right","186","8.5","6.76","62.16","3.84","45.24","0","5.82","1.64","0","0.09","0","1.55","23.53","0","1.46","37.5","1.46","43.75","6.3","30.43","1.1","1.01","0.18","41.3","78.76","12.61","61.59","4.84","45.28","0.04","0.37","0","8.59","67.02","2.38","38.46","0.37","6.67","69.86"
"E. Ring","League One 24-25.","Lincoln City","LAMF, RWB, RAMF","23","400000","2028-06-30","24","984","3","1.55","2","0.65","Sweden","right","187","5.67","4.57","46","3.11","41.18","0","4.22","3.38","0.27","0.14","0","1.65","50","16.667","3.02","15.15","4.02","52.27","6.22","44.12","2.38","2.01","0.82","16.65","56.59","4.57","38","1.74","26.32","0.06","0","0.09","1.01","36.36","2.56","21.43","0.37","2.56","42.86"
"J. Rossiter","League One 24-25.","Shrewsbury Town","RCMF, LCMF, DMF","28","150000","2026-11-30","15","980","0","0.48","0","0.03","England","right","178","9.73","6.15","67.16","2.85","51.61","0.46","6.56","0.83","0","0.04","0","0.73","12.5","0","1.1","33.33","0.55","50","2.57","35.71","0.73","0.28","0","31.5","69.68","12.95","53.19","5.51","40","0","0.09","0","6.52","52.11","1.29","50","0.28","5.97","70.77"
"Jón Dadi Bödvarsson","League One 24-25.","Burton Albion","CF","33","0","2027-12-31","17","978","5","3.12","1","0.88","Iceland","right","190","4.14","3.22","74.29","9.2","25","0.09","2.02","1.1","0.46","0.29","0","1.29","35.71","35.714","0.64","14.29","2.12","26.09","9.66","20","2.3","0.55","0","15.92","61.85","5.89","50","1.01","54.55","0.08","0","0.18","2.02","45.45","1.2","46.15","0.55","2.21","62.5"
"R. Roosken","League One 24-25.","Huddersfield Town","LAMF, LWB, LW","25","450000","2028-06-30","14","973","2","1.42","3","2.07","Netherlands","left","183","7.77","6.66","65.28","2.96","28.13","0","4.8","5.18","0.18","0.13","0","0.92","40","20","4.35","40.43","4.72","62.75","10.27","43.24","2.59","1.94","0.09","28.67","68.39","7.86","55.29","2.77","30","0.19","0.09","0.65","2.77","40","3.51","55.26","1.02","5.92","60.94"
"K. Lolos","League One 24-25.","Bolton Wanderers","CF, AMF, RCMF","25","0","","24","961","2","2.98","2","0.8","Greece","right","188","3.37","2.9","51.61","3.47","32.43","0.09","2.74","1.87","0.19","0.28","0","1.5","25","12.5","0.75","25","1.97","61.9","7.87","35.71","2.43","0.94","0.19","22.29","74.79","5.34","57.89","1.4","46.67","0.07","0.19","0.56","2.25","70.83","1.22","46.15","0.84","3.56","55.26"
"S. Lavery","League One 24-25.","Cambridge United","CF, LWF","27","450000","2026-06-30","15","954","5","5.04","3","1.54","Northern Ireland","right","180","3.49","3.77","55","6.79","12.5","0","1.44","3.68","0.47","0.48","0","2.64","46.43","17.857","1.51","18.75","3.96","52.38","10.57","30.36","4.43","1.04","0.28","10.38","60.91","2.74","51.72","0.66","28.57","0.15","0.09","0.38","1.13","33.33","0.85","55.56","0.85","0.85","55.56"
"R. Trevitt","League One 24-25.","Exeter City","RCMF, LCMF","22","0","2026-06-30","11","954","1","1.94","0","0.69","England","right","170","7.08","6.42","60.29","2.55","33.33","0.09","4.19","1.13","0.09","0.18","0","1.51","18.75","6.25","0.85","33.33","1.32","42.86","5.19","32.73","1.98","0.85","0.28","30.85","75.54","9.53","57.43","2.55","62.96","0.07","0.09","0","4.34","60.87","1.6","47.06","0.66","4.91","61.54"
"M. Asamoah","League One 24-25.","Wigan Athletic","CF, LW","23","0","2027-06-30","16","953","1","2.93","1","0.73","England","right","183","3.12","4.34","41.3","5.29","21.43","0.09","1.55","2.17","0.09","0.28","0","1.79","31.58","5.263","0.66","28.57","3.4","38.89","11.24","23.53","3.21","1.89","0.28","10.29","70.64","1.89","40","0.47","20","0.07","0.09","0.09","0.85","22.22","0.38","50","0.47","0.94","50"
"S. Revan","League One 24-25.","Wrexham","LWB, LB, LW","22","350000","2027-06-30","19","953","0","0.61","0","1.31","England","left","181","9.54","7.84","67.47","3.87","43.9","0.09","5.02","5.1","0","0.06","0","0.85","0","0","4.34","43.48","5.29","60.71","11.62","35.77","1.7","1.79","0.09","27.01","65.38","8.59","45.05","3.12","39.39","0.12","0","0.47","2.46","38.46","4.44","55.32","1.04","6.04","54.69"
"D. Markanday","League One 24-25.","Leyton Orient","RAMF, LAMF, RCMF","24","400000","2028-06-30","17","949","3","1.82","1","1.51","England","left","167","5.88","5.41","61.4","1.8","15.79","0","4.13","3.22","0.28","0.17","0","1.04","54.55","27.273","2.47","26.92","3.98","47.62","11.1","41.88","3.51","2.28","0","26.74","72.34","6.26","71.21","1.04","36.36","0.14","0.09","0.47","2.85","66.67","1.71","44.44","0.76","3.13","63.64"
"B. Radulović","League One 24-25.","Huddersfield Town","CF","26","1000000","2027-06-30","17","946","1","2.69","0","0.28","Spain","right","191","3.9","3.23","55.88","8.85","31.18","0.29","2.94","1.43","0.1","0.26","0","1.43","46.67","6.667","0.57","16.67","0.95","70","8.94","28.72","3.14","0.19","0","19.12","77.61","3.04","53.13","1.14","58.33","0.03","0.1","0.19","2.09","50","0.48","40","0.38","1.43","60"
"J. Marriott","League One 24-25.","Wrexham","CF","31","500000","2028-06-30","26","940","6","3.32","0","0.3","England","right","173","4.6","5.84","60.66","3.93","24.39","0.1","1.09","2.01","0.57","0.32","0","2.01","66.67","28.571","0.77","0","1.44","40","9.29","22.68","3.45","0.48","0.29","12.26","71.09","1.91","55","0.67","85.71","0.03","0.1","0","0.57","66.67","0.48","20","0.48","1.24","38.46"
"L. McCormick","League One 24-25.","Bristol Rovers","AMF, DMF","26","150000","2026-06-30","19","934","2","1.69","0","1","England","right","180","4.34","2.89","63.33","2.02","47.62","0","3.04","1.35","0.19","0.16","0","1.35","28.57","14.286","1.06","27.27","0.87","66.67","4.63","50","1.73","0.58","0.29","20.52","74.18","7.52","58.97","2.6","44.44","0.1","0.19","0.19","2.99","48.39","1.83","52.63","0.77","2.99","70.97"
"B. Bilongo","League One 24-25.","Bristol Rovers","LWB, LB","24","0","2026-06-30","14","909","1","0.86","1","0.4","England","left","180","9.9","6.63","61.19","13.27","51.49","0.59","6.99","2.38","0.1","0.09","0.1","0.59","33.33","16.667","2.18","22.73","3.17","53.13","7.82","43.04","1.09","1.39","0.2","20.69","57.89","9.5","51.04","2.67","59.26","0.04","0.1","0.5","2.57","38.46","2.38","25","0.4","5.45","49.09"
"G. Yahyai","League One 24-25.","Charlton Athletic","CF","25","325000","2028-06-30","19","909","1","2.34","1","0.45","Spain","right","187","5.45","5.05","66.67","21.29","40","0.1","2.81","0.79","0.1","0.23","0.1","0.99","50","10","0.4","25","0.69","28.57","8.22","16.87","2.08","0.1","0","12.67","69.53","3.66","56.76","0.5","40","0.04","0.1","0.2","1.09","54.55","0.4","50","0.59","1.19","58.33"
"B. Njoku","League One 24-25.","Cambridge United","CF, LWF, RWF","20","0","","25","896","1","1.47","0","0.27","England","","0","5.83","4.92","63.27","9.34","13.98","0","3.38","0.9","0.1","0.15","0","0.8","37.5","12.5","0.5","40","1.91","21.05","9.74","24.74","2.61","0.8","0.2","9.14","72.53","1.51","46.67","0","0","0.03","0","0","0.6","50","0.4","50","0.3","0.3","66.67"
"B. Fox","League One 24-25.","Northampton Town","RCMF, AMF, RDMF","27","125000","2027-06-30","13","890","0","0.6","0","0.02","England","right","180","8.19","5.06","66","4.75","53.19","0.1","4.74","0.71","0","0.06","0","0.51","60","0","0.51","20","0.4","75","1.42","50","0.61","0.2","0","30.24","69.9","12.74","57.14","4.15","46.34","0","0.2","0","7.28","63.89","1.31","15.38","0.1","6.88","61.76"
"S. Cox","League One 24-25.","Exeter City","CF","21","0","2026-06-30","23","886","1","0.6","0","0.18","England","left","178","3.25","4.06","52.5","3.35","9.09","0","1.56","1.32","0.1","0.06","0","0.61","50","16.667","0.61","16.67","2.03","45","8.23","28.4","1.12","0.81","0.1","10.06","69.7","2.34","47.83","0.51","20","0.02","0","0.1","1.12","36.36","0.81","62.5","0.51","1.22","50"
"Romaine Sawyers","League One 24-25.","Bristol Rovers","LCMF, DMF, RDMF","33","500000","","13","882","1","0.29","0","0.18","England","right","185","6.22","6.12","61.67","1.63","50","0.2","3.73","0.71","0.1","0.03","0","0.61","33.33","16.667","0.31","66.67","0.51","40","3.06","33.33","0.1","0.2","0","37.14","81.32","14.18","68.35","4.18","48.78","0.02","0.2","0.1","6.94","67.65","1.33","38.46","0.41","7.14","71.43"
"J. Senior","League One 24-25.","Bristol Rovers","RWB, RB","26","200000","2026-06-30","18","853","0","0.14","0","0.38","England","right","181","7.7","6.75","70.31","2.32","63.64","0.32","4.19","1.16","0","0.01","0","0.21","50","0","1.9","22.22","1.58","40","4.01","31.58","0.32","1.37","0.53","29.96","69.01","13.4","58.27","5.49","26.92","0.04","0","0.21","3.9","48.65","1.69","25","0.11","6.33","60"
"C. Aneke","League One 24-25.","Charlton Athletic","CF","32","200000","2026-06-30","28","832","1","3.41","5","0.82","England","right","191","4.54","3.57","60.61","17.42","39.75","0.11","3.89","2.81","0.11","0.37","0","4.54","23.81","2.381","0.54","60","2.7","52","14.6","31.11","4.11","1.3","0.11","15.69","56.55","5.95","49.09","1.41","30.77","0.09","0","0.65","3.46","37.5","1.19","45.45","0.65","2.06","73.68"
"D. Jaiyesimi","League One 24-25.","Leyton Orient","LAMF, RAMF","27","225000","2026-06-30","28","830","1","1.5","0","0.54","England","right","181","5.53","5.1","59.57","4.12","26.32","0.33","4.01","1.73","0.11","0.16","0","1.08","30","10","1.41","15.38","2.93","37.04","11.39","29.52","2.6","0.76","0","24.29","75.89","7.16","62.12","2.17","20","0.06","0.11","0.33","2.49","69.57","1.63","53.33","0.98","3.69","61.76"
"H. Biggins","League One 24-25.","Shrewsbury Town","LCMF, RCMF, DMF","29","200000","2026-06-30","17","820","0","0.41","0","0.17","England","right","175","7.24","5.05","58.7","3.62","45.45","0.55","5.47","0.88","0","0.05","0","1.43","7.69","0","0.66","50","1.21","36.36","4.61","33.33","0.66","0.88","0.11","34.79","79.18","12.4","64.6","4.94","48.89","0.02","0.22","0.11","6.26","61.4","1.98","38.89","0.44","5.93","72.22"
"T. Yogane","League One 24-25.","Exeter City","LAMF, LW, RW","20","0","2027-06-30","18","819","0","0.75","2","1.31","England","unknown","0","3.52","3.74","67.65","4.29","10.26","0.11","1.57","6.7","0","0.08","0","0.77","42.86","0","4.84","43.18","7.58","56.52","18.02","41.46","2.75","2.64","0.11","15.6","65.49","1.98","50","0.33","33.33","0.14","0.11","0.77","0.55","60","3.74","58.82","0.66","3.52","71.88"
"K. Dempsey","League One 24-25.","Bolton Wanderers","RCMF, RWF","30","600000","2026-06-30","15","797","3","2.42","2","0.98","England","right","178","6.44","3.95","71.43","4.29","55.26","0.56","4.24","2.26","0.34","0.27","0.11","2.26","20","15","2.71","25","1.92","58.82","5.98","39.62","3.84","1.47","0.34","29.59","77.48","7.79","65.22","1.36","41.67","0.11","0.11","0.45","4.07","72.22","2.37","47.62","1.24","3.95","71.43"
"J. Cooper-Love","League One 24-25.","Burton Albion","AMF, CF, LWF","23","500000","2027-06-30","14","770","2","0.87","0","0.7","Sweden","right","184","4.79","5.96","54.9","5.38","19.57","0.12","1.81","1.64","0.23","0.1","0.12","1.05","33.33","22.222","0.58","40","1.75","53.33","7.13","27.87","2.69","1.64","0","21.04","80.56","5.26","66.67","0.58","60","0.08","0.23","0.23","2.81","66.67","0.47","75","0.58","2.22","63.16"
"L. Shaw","League One 24-25.","Northampton Town","RCMF","24","400000","2027-06-30","8","759","2","0.76","0","0.2","England","right","188","11.15","8.54","73.61","7.59","56.25","0.12","6.44","1.3","0.24","0.09","0","1.07","33.33","22.222","0.71","33.33","1.9","37.5","6.28","32.08","1.9","0.59","0.36","24.66","71.15","8.66","47.95","2.02","35.29","0.02","0.12","0","3.56","53.33","1.19","50","0.47","3.79","37.5"
"A. Green","League One 24-25.","Rotherham United","CF, AMF","27","500000","2027-06-30","13","754","3","2.48","4","1.46","England","right","180","3.94","1.91","75","7.04","18.64","0.12","3.73","2.51","0.36","0.3","0.12","1.31","45.45","27.273","1.43","33.33","1.67","85.71","6.68","44.64","2.75","1.07","0.24","17.79","75.17","4.42","75.68","0.6","60","0.17","0.24","0.84","1.79","73.33","1.91","56.25","0.84","2.75","65.22"
"J. Richards","League One 24-25.","Exeter City","LCMF, RCMF, AMF","18","0","","13","741","1","0.38","1","0.36","England","right","180","7.17","5.1","64.29","2.55","28.57","0.24","4.95","2.19","0.12","0.05","0","0.24","50","50","0.85","28.57","2.55","71.43","9.6","36.71","0.97","1.34","0.36","22.83","82.98","8.14","68.66","1.7","35.71","0.04","0.24","0.36","2.55","71.43","0.97","37.5","0.36","2.55","57.14"
"C. Gilligan","League One 24-25.","Burton Albion","RCMF, LCMF","23","125000","2026-05-31","12","736","0","0.06","1","0.26","Republic of Ireland","right","180","10.88","8.07","56.06","3.79","22.58","0.61","5.92","0.86","0","0.01","0","0.24","0","0","0.49","75","0.49","75","2.57","42.86","0.12","0.24","0.12","29.84","75","10.52","53.49","3.06","40","0.03","0.12","0.24","3.67","56.67","0.98","62.5","0.24","6.73","49.09"
"J. Holmes","League One 24-25.","Rotherham United","RWB, RCMF, RWF","24","0","","28","735","0","0.94","0","0.49","England","unknown","0","6.61","6.73","56.36","3.06","24","0.12","3.89","3.55","0","0.12","0","0.98","37.5","0","1.96","25","4.78","56.41","11.63","33.68","2.2","1.59","0.24","26.82","76.26","5.88","54.17","1.35","18.18","0.06","0","0.12","1.71","57.14","1.22","40","0.49","3.31","48.15"
"Mahamadou Susoho","League One 24-25.","Peterborough United","RDMF, DMF, LDMF","20","1500000","2026-05-31","15","734","1","0.65","0","0","Spain","right","175","7.72","4.9","65","3.31","40.74","0.49","5.74","0.98","0.12","0.08","0.12","0.49","50","25","0.37","33.33","0.98","50","5.27","37.21","0.74","0.37","0.37","33.11","80.74","10.05","60.98","3.43","50","0","0.25","0","4.41","63.89","0.86","28.57","0","5.4","56.82"
"J. Taylor","League One 24-25.","Huddersfield Town","CF","23","350000","2029-06-30","15","718","2","2.05","0","0.33","Wales","right","182","1.88","2.51","45","5.64","13.33","0.13","1.01","1.38","0.25","0.26","0","1.63","38.46","15.385","0.88","28.57","1.5","33.33","6.64","9.43","2.76","1","0.13","9.78","69.23","2.26","50","0.5","100","0.04","0.13","0.25","0.63","80","1","25","0.38","0.63","80"
"J. Roles","League One 24-25.","Crawley Town","RWB, RCMF, AMF","26","125000","2026-06-30","20","712","0","0.91","1","0.53","England","right","183","5.31","4.3","55.88","2.78","72.73","0.13","4.14","2.91","0","0.12","0","1.14","22.22","0","3.54","39.29","1.77","64.29","5.81","43.48","1.39","0.63","0","39.56","71.88","12.51","54.55","4.93","41.03","0.07","0.13","0.38","6.32","52","5.94","44.68","1.64","8.72","75.36"
"L. Appéré","League One 24-25.","Stevenage","CF","26","300000","2027-06-30","17","709","0","0.81","2","0.55","Scotland","right","185","2.92","3.17","64","8.76","13.04","0.13","1.2","0.76","0","0.1","0","1.02","37.5","0","0.38","33.33","1.52","16.67","9.14","13.89","2.54","0.89","0.25","13.71","70.37","2.79","45.45","0.25","0","0.07","0.13","0.38","0.89","28.57","1.14","55.56","0.76","0.89","28.57"
"M. Olakigbe","League One 24-25.","Wigan Athletic","LW, RW, LAMF","21","600000","2028-06-30","13","707","0","1.37","0","0.92","England","right","180","5.35","5.35","66.67","2.29","16.67","0.13","2.49","5.73","0","0.17","0","1.65","30.77","0","4.2","30.3","7.51","52.54","14.38","35.4","2.93","5.86","0.51","24.06","73.54","2.93","56.52","0.89","57.14","0.12","0","0.51","0.64","60","3.31","42.31","1.27","3.06","62.5"
"T. Simpson","League One 24-25.","Stevenage","CF","23","250000","2026-06-30","19","707","0","1.05","0","0.66","England","left","186","1.91","2.8","45.45","8.4","15.15","0.13","0.96","1.78","0","0.13","0","0.76","50","0","0.64","40","1.4","81.82","10.31","29.63","2.29","0.51","0.13","10.82","74.12","2.16","52.94","0.76","33.33","0.08","0","0.25","0.89","28.57","0.64","20","0.38","0.76","66.67"
"N. Akoto","League One 24-25.","Burton Albion","RWB, RB","27","0","2027-06-30","14","704","0","0.25","0","0.98","England","unknown","188","9.46","9.2","52.78","8.18","40.63","0.13","5.65","2.68","0","0.03","0","0.64","40","0","2.3","44.44","2.17","64.71","6.39","40","1.28","1.79","0.13","29.66","68.53","10.1","56.96","1.66","23.08","0.13","0","0.38","3.58","60.71","2.56","45","0.38","7.29","47.37"
"G. Lindgren","League One 24-25.","Peterborough United","CF","24","0","2027-06-30","13","704","1","2.46","1","0.7","Sweden","right","180","3.2","3.84","36.67","5.88","10.87","0.13","2.56","1.15","0.13","0.31","0","1.02","37.5","12.5","0.51","0","1.66","46.15","8.57","25.37","2.68","0.89","0.13","12.78","71","1.66","61.54","0.38","66.67","0.09","0","0.26","0.77","83.33","0.38","33.33","0.26","1.66","30.77"
"T. Watson","League One 24-25.","Charlton Athletic","RAMF, RWB","28","250000","2026-06-30","19","692","0","0.05","0","0.37","England","right","185","6.89","3.9","63.33","6.24","50","0","6.83","1.56","0","0.01","0","0.13","100","0","1.3","40","1.3","70","3.77","44.83","2.08","0.39","0","21.85","70.83","7.8","50","1.69","23.08","0.05","0","0.26","2.73","47.62","1.04","37.5","0.26","4.29","57.58"
"D. Barton","League One 24-25.","Cambridge United","LWB, AMF, RWB","20","0","","16","689","0","0.52","0","0.4","England","right","170","8.36","8.62","54.55","2.48","31.58","0.13","4.47","3.13","0","0.07","0","0.65","20","0","2.61","5","4.44","64.71","12.41","48.42","2.22","2.09","0.39","22.6","67.05","6.01","67.39","0.91","57.14","0.05","0.13","0.26","1.83","57.14","2.35","27.78","0.78","3.4","46.15"
"Fábio Jaló","League One 24-25.","Barnsley","CF, RWF, RW","20","0","2027-06-30","16","688","2","1.52","1","0.29","Portugal","left","0","2.35","2.88","40.91","2.75","28.57","0","1.9","4.84","0.26","0.2","0","1.96","53.33","13.333","2.88","18.18","6.93","47.17","13.47","40.78","3.53","2.75","0","16.09","60.98","2.09","43.75","1.96","46.67","0.04","0.13","0.26","0.26","0","1.7","61.54","0.39","2.09","68.75"
"A. MacDonald","League One 24-25.","Rotherham United","RCMF, RAMF, AMF","35","100000","","15","685","1","0.09","0","0.9","England","right","170","6.7","6.57","54","3.15","41.67","0.39","5.14","3.02","0.13","0.01","0","0.53","25","25","3.94","56.67","1.05","50","4.86","37.84","1.18","0.13","0.13","26.01","72.73","10.38","62.03","5.52","50","0.12","0.13","0.26","5.52","61.9","3.42","57.69","0.13","7.88","80"
"C. McManaman","League One 24-25.","Wigan Athletic","RW, LW, LAMF","34","100000","2026-06-30","26","669","1","0.49","0","0.04","England","right","174","5.52","4.98","45.95","3.63","22.22","0","3.7","4.04","0.13","0.07","0","0.94","14.29","14.286","1.88","35.71","4.57","70.59","9.69","58.33","2.15","1.75","0.13","18.3","73.53","4.84","47.22","1.75","23.08","0.01","0","0","1.48","27.27","1.48","27.27","0","2.96","68.18"
"D. Kanu","League One 24-25.","Charlton Athletic","CF","21","0","2027-06-30","17","667","1","0.74","0","0.13","Sierra Leone","right","180","4.86","5.13","55.26","3.1","21.74","0.13","2.88","1.75","0.13","0.1","0","0.81","50","16.667","1.35","20","2.83","38.1","10.52","23.08","1.89","0.81","0.13","8.77","72.31","0.81","66.67","0.13","100","0.02","0","0.13","0.27","50","0.94","42.86","0.27","0.67","80"
"J. Sowerby","League One 24-25.","Northampton Town","DMF, LDMF, RCMF","30","175000","","10","664","0","0","0","0","England","right","175","7.18","4.34","53.13","0.41","33.33","0.27","5.05","0.14","0","0","0","0","0","0","0.14","0","0.14","100","1.08","37.5","0.27","0.14","0","38.77","84.97","10.3","64.47","4.2","38.71","0","0","0","4.2","54.84","0.41","0","0","3.39","60"
"J. Hugill","League One 24-25.","Wigan Athletic","CF","22","200000","2026-06-30","13","654","3","3.47","0","0","England","right","188","3.44","3.99","55.17","7.43","12.96","0.28","1.5","1.1","0.41","0.48","0.14","1.65","50","25","0","0","0.55","50","5.64","9.76","2.48","0.41","0","7.84","68.42","1.24","44.44","0.96","42.86","0","0","0","0.83","83.33","0.14","0","0.14","0.41","66.67"
"D. Ward","League One 24-25.","Huddersfield Town","CF, RWF","35","300000","","13","648","0","1.28","1","0.67","England","right","180","4.72","3.19","82.61","5.97","39.53","0","2.76","1.53","0","0.18","0","1.53","27.27","0","1.11","25","1.25","66.67","6.94","26","2.5","0.42","0","14.72","70.75","4.31","61.29","1.25","22.22","0.09","0","0.42","1.81","61.54","1.25","66.67","0.69","2.08","80"
"T. O'Reilly","League One 24-25.","Shrewsbury Town","AMF, CF, RW","22","0","","12","625","0","0.52","1","0.31","England","left","170","6.62","7.2","58","5.9","14.63","0","2.66","5.04","0","0.08","0","1.58","27.27","0","1.01","42.86","5.9","65.85","15.12","51.43","2.3","1.44","0.29","23.76","80","7.2","66","1.87","38.46","0.04","0.58","0.43","2.88","70","1.58","45.45","0.58","3.31","73.91"
"D. Wheeler","League One 24-25.","Shrewsbury Town","RWB, RAMF, CF","35","100000","","15","623","0","0.8","0","0.31","England","right","180","6.07","3.61","56","13.72","61.05","0.29","5.17","1.44","0","0.12","0","1.01","28.57","0","1.44","60","1.3","22.22","4.19","34.48","3.03","0.14","0","20.37","66.67","7.37","39.22","2.6","27.78","0.04","0","0.14","2.31","31.25","1.3","44.44","0.43","4.04","35.71"
"T. Chirewa","League One 24-25.","Huddersfield Town","LW, AMF, RAMF","22","0","2027-06-30","13","622","0","0.49","0","0.66","England","right","181","6.22","4.92","70.59","2.03","28.57","0.14","4.09","5.06","0","0.07","0","2.03","0","0","3.04","38.1","6.66","56.52","13.75","43.16","3.04","3.91","0","32.56","79.56","8.25","56.14","1.45","20","0.1","0.29","0.29","3.18","40.91","2.17","33.33","0.58","3.47","66.67"
"K. McDonald","League One 24-25.","Exeter City","LCMF, RCMF, CB","37","75000","2026-06-30","11","614","0","0.24","0","0.06","Scotland","right","192","6.6","4.1","46.43","1.17","50","0.44","5.51","0","0","0.03","0","0.29","0","0","0.15","0","0","0","2.64","22.22","0.15","0.73","0","55.41","87.83","16.56","76.11","4.1","42.86","0.01","0","0","7.04","77.08","0.59","25","0.29","7.77","69.81"
"A. Campbell","League One 24-25.","Charlton Athletic","AMF, LCMF, CF","27","2000000","","12","608","0","0.29","0","0.03","Scotland","right","174","7.85","8.59","67.24","3.26","13.64","0","2.61","0.89","0","0.04","0","0.89","0","0","0.15","0","1.48","50","5.18","34.29","1.04","0.3","0","23.83","80.12","8.44","63.16","1.48","40","0","0.15","0","3.11","57.14","1.33","33.33","0.74","2.66","61.11"
"J. Beesley","League One 24-25.","Blackpool","CF, LW","29","300000","2027-06-30","22","586","1","1.87","1","0.4","England","right","188","4.45","3.38","50","13.21","44.19","0","3.61","0.92","0.15","0.29","0.15","2","23.08","7.692","0.31","100","0.15","100","5.22","41.18","3.69","0.46","0.15","15.82","74.76","3.99","53.85","0.15","0","0.06","0","0.46","1.54","70","0.46","66.67","0.77","1.54","60"
"P. Jones","League One 24-25.","Exeter City","RWB, LWB, RW","22","0","2026-06-30","17","582","0","0.16","0","0.6","England","right","180","5.57","5.26","73.53","1.86","8.33","0","2.63","4.18","0","0.03","0","0.77","40","0","3.71","20.83","4.64","66.67","12.06","51.28","1.39","2.32","0.31","17.78","64.35","3.87","44","1.39","22.22","0.09","0","0.46","1.08","42.86","2.01","46.15","0.31","2.78","61.11"
"F. Ladapo","League One 24-25.","Huddersfield Town","CF","32","500000","","21","581","0","1.29","0","0.13","England","right","183","1.55","1.86","16.67","7.9","21.57","0.15","1.65","1.24","0","0.2","0","1.24","37.5","0","0.46","33.33","0.93","66.67","7.59","22.45","3.25","0.77","0.15","12.08","78.21","0.93","66.67","0.31","0","0.02","0","0","0.15","100","0.46","33.33","0.31","0.46","0"
"G. Holohan","League One 24-25.","Crawley Town","CF, AMF, RCMF","34","100000","2026-06-30","21","580","1","1.38","1","0.46","Republic of Ireland","right","180","7.29","4.81","41.94","5.28","44.12","0.16","7.69","2.17","0.16","0.21","0","1.55","30","10","2.17","42.86","1.71","45.45","7.91","37.25","2.48","0.78","0","34.29","71.95","10.55","51.47","3.41","40.91","0.07","0.16","0.47","4.19","51.85","2.48","43.75","0.47","4.34","57.14"
"B. Waine","League One 24-25.","Mansfield Town","CF","24","800000","2027-06-30","25","578","2","1.9","0","0.61","New Zealand","right","179","3.89","2.8","50","5.45","14.29","0","2.96","1.71","0.31","0.3","0","1.56","40","20","1.4","11.11","1.56","50","10.12","29.23","3.27","0.47","0.62","12.3","65.82","1.87","41.67","0.16","0","0.09","0.16","0","1.09","57.14","0.62","0","0.16","1.09","42.86"
"J. Larsson","League One 24-25.","Burton Albion","CF, RW, RWF","24","0","2027-06-30","11","575","2","1.75","0","0.56","Sweden","right","178","6.89","5.95","73.68","3.76","8.33","0.63","2.84","2.5","0.31","0.27","0","2.03","30.77","15.385","0.78","20","3.13","55","8.92","38.6","2.66","0.94","0.31","12.21","67.95","3.6","34.78","0.94","33.33","0.09","0.31","0.31","1.41","77.78","1.72","54.55","1.25","2.19","71.43"
"E. Embleton","League One 24-25.","Blackpool","LW, AMF","26","900000","2028-06-30","15","551","0","0.48","1","1.14","England","right","173","4.74","3.59","59.09","0.33","0","0","4","3.43","0","0.08","0","2.12","7.69","0","3.1","31.58","2.61","62.5","5.88","47.22","1.63","3.1","0.33","31.2","76.96","8.82","62.96","2.12","38.46","0.19","1.47","0.33","4.25","69.23","4.41","33.33","0.82","4.74","68.97"
"C. Sagoe Jr","League One 24-25.","Shrewsbury Town","LAMF, LW, RAMF","21","600000","","13","545","0","0.15","0","0.18","England","right","170","8.92","6.94","71.43","2.48","33.33","0.17","5.07","4.29","0","0.03","0","0.83","40","0","2.81","23.53","6.44","48.72","15.36","38.71","1.65","2.64","0.99","19.49","72.03","4.46","55.56","1.65","40","0.03","0.17","0","1.82","81.82","1.65","20","0.83","2.81","58.82"
"H. McHugh","League One 24-25.","Wigan Athletic","AMF, RCMF","23","50000","2026-06-30","14","540","0","0.05","0","0.04","England","","0","7","7.33","54.55","2.67","18.75","0","3.69","2.67","0","0.01","0","0.5","0","0","1.17","28.57","3.5","57.14","7.83","36.17","0.5","0.83","0.17","19.33","65.52","6.83","51.22","2.83","35.29","0.01","0.5","0.17","2.5","33.33","1.67","60","0.67","4.17","52"
"B. Ihionvien","League One 24-25.","Peterborough United","CF","22","0","2027-06-30","11","538","0","0.42","0","0.38","England","left","185","3.01","2.84","52.94","5.02","30","0","2.52","1.51","0","0.07","0","1","16.67","0","0.84","20","2.01","58.33","12.38","29.73","2.51","1.67","0.33","8.7","73.08","0.84","80","0.17","0","0.06","0","0.17","0.17","0","0.33","100","0.17","0.67","75"
"C. Morton","League One 24-25.","Northampton Town","CF","25","175000","","7","534","1","0.61","0","0.51","England","right","178","3.2","2.53","53.33","10.28","31.15","0.34","2.36","1.35","0.17","0.1","0","0.84","40","20","0.67","25","2.02","33.33","11.29","26.87","2.7","1.01","0","11.12","72.73","3.03","55.56","0.67","25","0.09","0.17","0.51","1.01","50","0.67","75","1.01","1.85","45.45"
"N. Farrugia","League One 24-25.","Barnsley","LWB, LB, LW","26","125000","2027-06-30","9","525","0","0","0","0.15","Republic of Ireland","left","187","10.11","9.26","44.44","3.77","50","0.17","7.5","3.43","0","0","0","0","0","0","3.09","33.33","4.46","53.85","8.91","38.46","1.54","3.77","1.2","27.77","74.69","6.69","61.54","1.54","55.56","0.03","0","0.17","1.89","90.91","2.4","42.86","0.51","5.14","53.33"
"K. Sadlier","League One 24-25.","Wycombe Wanderers","LAMF, LWF, LW","31","225000","","11","525","1","1.82","2","1.29","England","right","178","5.31","4.29","60","2.74","37.5","0.17","4.03","4.46","0","0.31","0","1.71","50","10","2.23","30.77","4.8","60.71","9.09","41.51","2.57","2.74","0.86","18.69","73.39","4.8","53.57","1.54","33.33","0.22","0","0.51","2.06","41.67","1.71","60","0.86","3.77","81.82"
"A. Gilbert","League One 24-25.","Charlton Athletic","AMF","24","500000","","14","524","0","1.06","4","0.4","England","right","183","7.9","4.98","55.17","6.01","48.57","0.69","7.43","1.2","0","0.18","0","2.4","14.29","0","1.03","16.67","1.2","28.57","3.61","33.33","1.72","1.2","0","31.6","70.65","12.54","53.42","6.53","36.84","0.07","0.34","0.17","7.21","45.24","2.75","50","1.2","6.53","78.95"
"A. Akande","League One 24-25.","Reading","RWF","22","0","2027-06-30","15","519","0","0.32","1","1.43","Nigeria","right","176","4.68","5.38","48.39","3.47","10","0.17","2.98","3.29","0","0.06","0","0.87","20","0","3.64","19.05","6.07","40","11.45","31.82","3.82","2.25","0.35","17.17","64.65","3.29","47.37","1.04","0","0.25","0","0.52","0.87","40","2.6","46.67","0.69","2.6","60"
"S. Silvera","League One 24-25.","Blackpool","LW, RW","25","1200000","2026-06-30","15","519","1","0.49","1","0.11","England","right","170","6.59","8.32","52.08","5.03","34.48","0","3.07","3.12","0.17","0.08","0","1.56","11.11","11.111","1.56","55.56","5.03","41.38","12.14","34.29","1.21","1.56","0","22.72","83.21","5.03","72.41","0.87","40","0.02","0.17","0.52","1.39","75","1.04","66.67","0","2.6","80"
"S. Wright","League One 24-25.","Birmingham City","RAMF, LWB","28","1200000","2027-06-30","13","511","1","1.18","0","0.84","Scotland","right","176","4.58","3.7","71.43","3.52","40","0","3.1","3.17","0.18","0.21","0","2.11","16.67","8.333","3.87","22.73","4.23","45.83","9.69","32.73","2.82","2.47","1.76","33.82","71.35","8.81","62","1.59","33.33","0.15","0.53","0.35","3.17","61.11","4.23","58.33","1.76","6.16","68.57"
