League,Season,Team,Matches,Wins,Draws,Losses,Points,Expected Points,Goals For,Goals Against,Goal Difference,Avg Age,Possession %,Goals p90,xG p90,Shots p90,Shot Accuracy %,Crosses p90,Dribbles p90,Touches in Box p90,xG Against p90,Goals Against p90,Shots Against p90,Defensive Duels p90,Defensive Duels Won %,Aerial Duels p90,Aerial Duels Won %,PPDA,Passes p90,Pass Accuracy %,Through Passes p90,Passes to Final Third p90,Passes to Final Third Acc %,Long Passes p90,Long Pass Accuracy %,Progressive Passes p90,Progressive Runs p90
Albania 1,2026-27,Dinamo City,,,,,,,,,,25.6,62.2,1.84,1.5,11.25,41.0,10.7,14.57,16.23,0.95,0.92,9.59,47.77,62.5,33.2,47.2,8.08,443.73,87.5,3.87,54.77,75.4,33.93,59.8,68.42,16.78
Albania 1,2026-27,Teuta Durrës,,,,,,,,,,26.0,55.8,1.78,2.34,14.05,41.8,14.94,10.85,20.1,0.75,0.36,7.11,62.08,59.6,32.55,41.0,6.17,379.39,83.1,3.74,44.82,73.0,43.04,57.0,70.79,13.7
Albania 1,2026-27,Vllaznia Shkodër,,,,,,,,,,27.5,54.0,0.86,1.12,11.57,26.9,16.41,20.38,13.65,1.73,1.73,10.71,58.73,66.8,36.79,39.4,9.85,351.36,81.8,4.15,48.2,69.5,43.88,59.4,65.82,14.34
Albania 1,2026-27,Egnatia Rrogozhinë,,,,,,,,,,25.5,52.5,2.58,1.55,13.59,36.2,20.39,22.97,20.63,1.09,0.94,10.31,59.53,59.8,24.61,46.7,14.81,372.66,82.3,4.45,48.05,69.8,49.22,65.2,72.66,16.64
Albania 1,2026-27,AF Elbasani,,,,,,,,,,25.5,48.2,1.59,1.11,7.03,38.7,10.88,10.43,10.88,1.68,1.13,14.96,55.09,61.3,24.94,43.6,10.26,328.26,82.9,2.95,43.53,65.6,39.9,54.5,60.08,7.93
Albania 1,2026-27,Tirana,,,,,,,,,,26.2,47.4,1.86,0.83,9.77,35.7,5.58,17.21,7.91,1.12,1.63,12.56,65.58,64.9,27.91,47.5,13.79,344.65,83.3,2.09,32.56,70.0,37.91,57.1,62.56,10.23
Albania 1,2026-27,Laçi,,,,,,,,,,22.2,46.0,1.23,1.17,11.45,44.6,13.03,13.39,11.8,1.38,1.41,9.69,48.96,62.6,26.77,40.8,10.86,337.63,82.8,3.7,48.61,68.1,44.38,56.0,56.18,10.74
Albania 1,2026-27,Skënderbeu Korçë,,,,,,,,,,24.5,44.3,0.91,1.41,10.89,33.3,13.97,16.33,14.33,1.15,1.27,11.25,61.69,60.9,35.02,44.6,10.31,295.77,80.6,3.45,41.37,67.1,35.38,53.8,62.96,11.79
Albania 1,2026-27,Vora,,,,,,,,,,24.3,43.7,0.56,0.88,9.48,35.3,10.41,17.85,12.46,1.44,1.86,10.6,63.04,56.3,33.29,47.5,9.68,260.89,80.3,5.02,37.75,66.5,39.61,61.5,52.44,10.23
Albania 1,2026-27,Partizani Tirana,,,,,,,,,,23.5,43.6,1.53,0.96,10.7,28.6,12.23,16.6,14.2,1.8,1.75,15.51,48.93,62.1,27.31,51.2,15.89,282.67,79.8,6.12,40.19,63.6,37.57,54.1,54.39,13.11
Argentina 1,2026-27,River Plate,30.0,15.0,4.0,11.0,51.0,56.9,41.0,28.0,13.0,26.5,64.2,1.24,1.61,13.73,34.0,14.07,17.64,17.67,0.82,0.88,7.49,52.38,63.2,30.37,45.9,6.91,492.07,84.5,3.76,59.93,74.7,41.1,57.4,73.36,17.28
Argentina 1,2026-27,Argentinos Juniors,29.0,14.0,10.0,5.0,53.0,47.1,33.0,23.0,10.0,28.6,62.8,1.06,1.33,11.76,36.5,16.99,15.9,16.47,0.83,0.71,8.24,52.79,65.9,35.8,46.3,7.65,477.28,84.1,3.94,55.61,70.4,49.62,59.8,72.66,16.54
Argentina 1,2026-27,Boca Juniors,27.0,12.0,12.0,3.0,47.0,47.8,37.0,21.0,16.0,25.2,58.4,1.29,1.5,11.76,34.9,17.36,19.45,16.39,0.85,0.8,8.73,56.39,64.6,32.32,44.7,8.92,459.5,84.1,4.11,51.07,71.2,43.7,56.1,71.07,14.33
Argentina 1,2026-27,Rosario Central,29.0,14.0,8.0,7.0,49.0,45.4,35.0,27.0,8.0,27.6,56.8,1.12,1.29,10.94,37.0,14.59,17.03,16.81,0.94,0.87,9.27,50.32,63.5,32.52,50.0,8.32,403.78,82.2,4.23,49.2,72.4,42.95,57.0,67.0,13.41
Argentina 1,2026-27,Racing Club,28.0,8.0,9.0,11.0,32.0,36.6,30.0,32.0,-2.0,26.7,56.7,0.96,1.08,10.55,31.4,12.89,11.38,15.37,1.21,1.06,9.2,50.16,61.6,40.58,47.2,7.84,382.8,80.4,2.51,54.37,66.5,47.81,55.5,68.2,11.29
Argentina 1,2026-27,Estudiantes,26.0,12.0,5.0,9.0,41.0,40.0,28.0,17.0,11.0,27.8,54.3,1.0,1.37,12.07,40.2,14.07,18.07,15.14,1.09,0.61,9.61,55.64,59.8,34.64,48.2,9.88,399.32,82.5,3.11,50.68,68.8,47.25,56.7,67.5,13.39
Argentina 1,2026-27,Talleres Córdoba,27.0,9.0,7.0,11.0,34.0,31.1,28.0,31.0,-3.0,26.9,53.8,0.96,1.03,11.53,35.3,13.24,15.81,13.72,1.4,1.06,12.42,54.99,59.4,39.22,47.6,10.46,402.81,83.2,3.49,49.38,70.6,44.28,58.0,65.22,13.41
Argentina 1,2026-27,Independiente,27.0,11.0,8.0,8.0,41.0,35.5,35.0,31.0,4.0,30.1,52.7,1.18,1.09,10.63,33.5,14.76,15.5,16.51,1.17,1.04,9.65,56.0,61.3,39.48,45.0,8.99,344.8,77.4,2.86,48.2,68.1,47.72,55.4,62.72,13.59
Argentina 1,2026-27,Defensa y Justicia,26.0,9.0,10.0,7.0,37.0,36.1,31.0,32.0,-1.0,26.0,52.0,1.08,1.19,10.0,39.5,13.14,17.27,13.88,1.16,1.12,10.83,57.36,60.9,31.49,44.8,11.02,367.55,79.7,2.73,47.43,65.5,43.65,51.2,67.35,13.56
Argentina 1,2026-27,Lanús,26.0,10.0,7.0,9.0,37.0,41.0,29.0,25.0,4.0,28.6,51.0,1.03,1.31,11.31,35.2,13.55,15.18,15.4,1.01,0.89,11.66,57.04,60.0,37.91,51.9,11.04,424.82,82.3,2.56,53.77,70.4,50.03,58.1,72.4,11.95
Argentina 1,2026-27,Vélez Sarsfield,27.0,12.0,12.0,3.0,45.0,36.1,33.0,22.0,11.0,29.0,50.9,1.17,1.15,9.98,34.4,13.55,13.97,14.43,1.14,0.71,11.21,58.44,61.3,38.95,44.8,9.03,400.37,79.8,3.54,52.54,67.9,50.31,54.9,69.23,11.0
Argentina 1,2026-27,Belgrano,30.0,14.0,10.0,6.0,51.0,37.1,35.0,23.0,12.0,29.7,50.9,1.09,1.13,10.61,33.8,14.33,17.54,15.86,1.22,0.69,10.36,57.13,65.9,30.97,44.2,10.12,367.99,80.5,2.5,48.61,70.9,39.43,55.7,67.15,13.2
Argentina 1,2026-27,Huracán,28.0,9.0,13.0,6.0,41.0,34.7,28.0,22.0,6.0,29.0,50.9,0.89,1.0,9.59,33.9,12.11,14.18,11.85,1.2,0.76,10.51,56.58,61.4,40.91,47.8,8.76,345.95,78.2,3.6,49.6,64.9,48.78,53.6,63.24,9.46
Argentina 1,2026-27,Platense,26.0,5.0,10.0,11.0,25.0,31.8,19.0,30.0,-11.0,27.6,50.6,0.67,0.97,10.66,34.6,16.04,16.53,13.14,1.13,1.06,9.56,59.02,60.3,36.04,46.0,9.29,353.31,77.5,2.73,50.95,66.0,47.16,54.9,64.69,12.07
Argentina 1,2026-27,San Lorenzo,27.0,8.0,10.0,9.0,33.0,30.3,19.0,23.0,-4.0,24.2,50.1,0.66,0.95,8.75,35.1,13.35,17.71,11.68,1.24,0.77,12.16,60.89,62.7,37.92,46.8,8.2,324.17,78.2,3.0,43.33,64.5,41.41,52.5,57.69,12.27
Argentina 1,2026-27,Independiente Rivadavia,26.0,14.0,6.0,6.0,48.0,44.2,43.0,30.0,13.0,26.7,50.1,1.52,1.54,12.39,38.3,14.45,15.86,15.22,1.03,1.06,10.52,54.31,60.2,42.27,47.5,9.52,316.52,78.5,3.58,48.75,64.1,46.77,53.7,61.29,11.22
Argentina 1,2026-27,Unión Santa Fe,28.0,10.0,7.0,11.0,37.0,40.5,43.0,39.0,4.0,25.9,49.1,1.4,1.35,13.09,34.8,16.97,14.43,17.82,1.2,1.27,9.87,56.51,61.7,43.78,48.7,9.69,338.57,78.1,2.87,48.99,70.7,45.86,60.4,69.02,13.32
Argentina 1,2026-27,Gimnasia Mendoza,26.0,10.0,6.0,10.0,36.0,30.4,28.0,31.0,-3.0,28.0,48.9,0.99,1.07,10.8,34.3,11.64,16.65,10.87,1.38,1.09,10.94,62.13,60.6,35.0,46.3,10.05,323.34,77.7,2.36,41.74,62.6,43.04,55.9,65.13,11.82
Argentina 1,2026-27,Instituto,26.0,13.0,4.0,9.0,40.0,49.0,30.0,24.0,6.0,28.4,47.4,1.05,1.4,11.62,34.8,17.62,13.96,17.83,0.72,0.84,8.17,58.52,62.0,34.2,44.4,9.81,335.36,76.2,2.62,49.1,60.9,51.89,53.0,71.61,9.07
Argentina 1,2026-27,Tigre,26.0,7.0,11.0,8.0,32.0,38.3,27.0,24.0,3.0,26.0,47.2,0.99,1.18,11.14,30.8,13.81,15.27,13.04,0.97,0.77,9.61,55.59,65.1,38.46,49.3,11.18,321.43,76.2,2.81,51.43,62.2,46.53,50.5,66.51,10.63
Argentina 1,2026-27,Estudiantes Río Cuarto,26.0,2.0,5.0,19.0,11.0,25.7,10.0,37.0,-27.0,28.2,46.4,0.37,0.83,8.67,25.2,15.74,15.67,12.04,1.4,1.3,11.81,59.41,61.6,42.22,46.1,10.03,322.63,76.0,2.59,49.67,64.7,47.04,51.7,63.74,8.81
Argentina 1,2026-27,Newell's Old Boys,26.0,7.0,10.0,9.0,31.0,30.7,26.0,35.0,-9.0,25.2,45.7,0.92,1.01,8.45,35.4,13.46,14.69,12.19,1.3,1.23,10.53,58.61,61.4,39.21,45.9,10.47,290.96,76.1,3.21,40.33,62.8,45.26,54.9,58.79,11.41
Argentina 1,2026-27,Central Córdoba SdE,26.0,6.0,6.0,14.0,24.0,24.2,18.0,34.0,-16.0,26.8,45.2,0.64,0.87,8.85,30.0,11.72,16.79,11.05,1.55,1.2,13.46,58.65,61.1,40.7,44.6,12.01,313.78,77.3,2.94,43.96,63.1,46.33,53.7,63.4,10.7
Argentina 1,2026-27,Sarmiento,26.0,11.0,2.0,13.0,35.0,32.4,30.0,36.0,-6.0,28.3,44.4,1.07,1.12,9.12,39.1,10.19,14.44,11.58,1.4,1.28,13.26,57.39,58.4,40.21,44.5,11.36,280.66,75.5,2.28,40.28,60.1,45.84,56.2,60.91,9.05
Argentina 1,2026-27,Atlético Tucumán,25.0,6.0,9.0,10.0,27.0,34.4,22.0,25.0,-3.0,27.1,43.6,0.81,1.06,9.84,31.0,13.92,18.69,12.34,1.01,0.92,9.58,57.87,62.1,42.34,48.4,10.77,285.35,74.5,2.83,44.94,64.6,41.68,51.1,59.74,11.2
Argentina 1,2026-27,Gimnasia La Plata,28.0,14.0,4.0,10.0,46.0,38.5,35.0,36.0,-1.0,28.7,43.6,1.15,1.29,10.19,35.8,13.7,14.36,13.54,1.27,1.18,12.68,59.57,62.7,33.81,50.5,11.46,323.56,77.5,2.63,45.51,63.7,43.44,55.6,66.14,11.14
Argentina 1,2026-27,Aldosivi,25.0,1.0,10.0,14.0,13.0,23.8,17.0,35.0,-18.0,28.2,43.4,0.63,0.84,9.85,31.0,13.57,14.38,12.43,1.4,1.29,12.57,60.7,63.9,44.04,49.0,10.21,279.56,73.4,2.17,42.68,59.2,46.58,53.9,58.6,10.81
Argentina 1,2026-27,Barracas Central,25.0,8.0,9.0,8.0,33.0,29.3,20.0,21.0,-1.0,28.2,42.4,0.74,0.81,9.23,33.6,9.56,13.51,9.23,1.09,0.78,10.78,49.87,56.0,39.54,47.0,12.58,304.41,77.3,2.07,44.89,62.8,44.67,54.5,61.13,11.52
Argentina 1,2026-27,Banfield,26.0,7.0,6.0,13.0,27.0,28.3,28.0,35.0,-7.0,27.0,42.0,0.99,1.12,10.35,35.3,14.68,15.31,12.73,1.6,1.24,13.75,62.53,63.9,39.49,43.2,10.49,271.31,73.3,2.94,43.85,63.7,41.72,51.9,62.32,12.65
Argentina 1,2026-27,Deportivo Riestra,26.0,3.0,12.0,11.0,21.0,34.7,13.0,22.0,-9.0,30.1,35.7,0.46,0.91,8.99,35.8,12.21,11.29,13.3,0.91,0.78,10.05,66.37,59.1,48.89,44.1,10.35,225.6,64.2,4.46,55.58,60.1,57.84,54.7,65.59,6.44
Armenia 1,2026-27,Ararat-Armenia,8.0,6.0,1.0,1.0,16.0,16.4,17.0,8.0,9.0,27.7,61.8,2.26,2.25,16.86,36.2,18.72,18.72,25.35,0.78,0.66,8.36,44.34,53.6,15.4,50.0,9.17,515.31,87.8,1.59,58.14,79.2,33.32,55.0,67.57,13.54
Armenia 1,2026-27,Urartu,8.0,3.0,2.0,3.0,11.0,10.3,12.0,10.0,2.0,25.3,59.7,1.39,1.24,12.25,37.7,10.17,14.33,15.6,1.27,1.16,12.36,43.9,52.4,14.09,38.5,12.1,522.9,87.0,1.04,44.02,70.6,35.58,59.1,64.01,13.63
Armenia 1,2026-27,Noah,8.0,8.0,0.0,0.0,24.0,17.5,21.0,5.0,16.0,25.9,56.9,2.76,2.19,16.16,39.0,16.55,13.27,24.83,0.46,0.26,5.39,47.69,50.1,19.97,57.9,8.61,463.4,85.9,1.18,55.84,72.9,34.95,53.4,69.9,11.43
Armenia 1,2026-27,Alashkert,8.0,4.0,3.0,1.0,15.0,16.0,18.0,6.0,12.0,24.5,56.7,2.1,1.78,16.36,38.6,17.3,15.55,23.38,0.84,0.7,10.05,54.7,51.1,24.43,53.6,7.44,415.4,82.1,0.94,54.7,70.9,36.58,49.5,67.21,13.56
Armenia 1,2026-27,Pyunik,8.0,5.0,3.0,0.0,18.0,15.6,18.0,8.0,10.0,28.5,54.5,2.05,1.88,12.89,44.2,10.84,13.8,17.34,0.97,0.91,10.27,53.84,57.4,21.1,54.6,12.12,440.53,83.8,0.57,49.16,70.3,41.52,55.8,71.63,11.18
Armenia 1,2026-27,BKMA,8.0,2.0,2.0,4.0,8.0,7.8,8.0,10.0,-2.0,20.8,52.5,0.94,1.11,12.44,29.2,6.22,20.77,11.26,1.85,1.17,18.19,42.36,52.6,18.19,62.6,14.33,410.57,84.5,0.82,37.78,70.8,34.26,51.7,60.78,14.08
Armenia 1,2026-27,Gandzasar FC,8.0,1.0,0.0,7.0,3.0,6.3,8.0,20.0,-12.0,24.5,50.5,1.04,1.03,11.27,25.3,12.17,14.63,12.04,1.86,2.07,16.19,48.17,53.5,21.37,46.7,12.31,366.86,81.6,0.26,39.5,65.6,41.7,53.7,61.9,10.75
Armenia 1,2026-27,Van,8.0,1.0,1.0,6.0,4.0,4.2,4.0,21.0,-17.0,22.4,43.5,0.46,0.57,6.94,26.7,5.9,8.68,8.33,1.91,2.43,14.23,56.34,53.2,22.1,35.1,18.56,317.66,78.9,0.46,38.41,58.7,42.11,45.9,51.83,7.87
Armenia 1,2026-27,Ararat,8.0,3.0,0.0,5.0,6.0,6.8,6.0,13.0,-7.0,24.4,43.5,0.79,0.91,10.1,28.6,8.13,11.55,10.76,1.51,1.71,10.63,51.56,51.1,17.45,41.4,16.74,336.25,82.2,0.52,34.37,59.5,38.97,50.5,48.67,9.18
Armenia 1,2026-27,Syunik,8.0,0.0,2.0,6.0,2.0,5.7,3.0,17.0,-14.0,24.4,43.2,0.39,0.9,9.2,35.7,12.74,7.75,11.43,1.96,2.1,12.61,53.61,53.7,15.64,47.9,12.68,289.58,75.1,0.13,42.44,57.0,40.86,46.6,50.85,8.41
Armenia 1,2026-27,Sardarapat,8.0,3.0,3.0,2.0,12.0,10.0,14.0,12.0,2.0,22.0,41.2,1.6,1.56,10.64,48.4,10.64,9.72,12.92,1.81,1.37,16.7,54.21,53.4,16.7,53.4,18.09,286.93,77.8,1.03,39.68,64.8,34.54,43.7,60.61,9.72
Armenia 1,2026-27,Shirak,8.0,3.0,1.0,4.0,10.0,9.6,11.0,10.0,1.0,22.7,33.3,1.47,1.37,13.77,37.9,10.97,14.44,18.86,1.47,0.8,12.3,62.05,56.9,23.4,56.0,13.31,258.5,73.5,0.53,35.71,58.1,32.76,40.8,54.43,10.56
Austria 1,2026-27,Salzburg,7.0,5.0,2.0,0.0,14.0,15.7,18.0,4.0,14.0,22.8,63.5,2.42,2.69,18.16,42.2,18.3,17.62,25.56,1.2,0.54,9.82,45.47,61.2,18.43,56.2,13.58,589.51,87.9,1.21,61.35,77.6,33.9,50.8,72.51,14.93
Austria 1,2026-27,LASK,7.0,5.0,1.0,1.0,15.0,16.7,19.0,7.0,12.0,25.2,59.9,2.51,2.3,18.4,37.4,19.06,14.82,29.12,0.75,0.93,6.75,38.78,62.8,24.09,49.5,11.19,474.35,84.3,1.46,57.84,80.3,36.66,54.5,73.06,17.07
Austria 1,2026-27,Rapid Wien,7.0,6.0,0.0,1.0,18.0,13.0,21.0,7.0,14.0,25.6,56.0,2.78,2.3,14.27,41.7,15.99,12.56,22.6,1.3,0.93,10.84,38.06,53.1,18.63,46.8,15.27,541.98,87.7,1.59,49.16,74.5,35.81,49.8,61.98,12.69
Austria 1,2026-27,Sturm Graz,7.0,3.0,2.0,2.0,11.0,10.4,8.0,9.0,-1.0,23.8,51.3,1.05,1.57,14.96,29.8,14.43,16.01,19.42,1.54,1.18,12.07,48.28,56.5,29.13,49.5,8.63,339.14,76.5,2.23,57.2,60.3,41.06,49.8,68.48,9.05
Austria 1,2026-27,Rheindorf Altach,7.0,1.0,0.0,6.0,3.0,10.8,5.0,12.0,-7.0,27.4,51.2,0.67,1.49,10.36,33.8,14.53,12.65,17.76,1.36,1.61,12.38,48.43,56.9,33.5,51.8,12.51,398.88,80.9,1.35,49.24,64.5,39.82,57.1,72.91,9.82
Austria 1,2026-27,WSG Swarovski Tirol,7.0,2.0,2.0,3.0,8.0,9.7,9.0,12.0,-3.0,25.1,49.1,1.21,1.64,9.66,30.6,9.25,16.36,14.89,1.71,1.61,11.27,41.04,58.2,26.42,50.8,16.17,388.44,81.6,0.8,44.93,62.1,41.04,46.1,60.09,11.13
Austria 1,2026-27,Ried,7.0,2.0,2.0,3.0,5.0,10.6,11.0,12.0,-1.0,26.7,48.2,1.44,2.1,12.99,38.4,10.63,12.07,17.58,1.77,1.57,14.17,41.72,52.2,30.83,49.8,14.86,375.87,82.7,0.79,44.74,65.4,40.01,58.4,59.3,10.1
Austria 1,2026-27,Austria Wien,7.0,2.0,1.0,4.0,7.0,6.7,7.0,13.0,-6.0,26.4,46.3,0.93,0.88,8.51,34.4,15.42,9.84,15.29,1.61,1.73,11.17,50.52,59.2,33.63,47.0,14.91,401.88,78.4,0.93,50.78,59.2,48.26,51.2,71.65,7.58
Austria 1,2026-27,Grazer AK,7.0,2.0,2.0,3.0,8.0,8.2,6.0,16.0,-10.0,26.9,45.8,0.79,1.27,10.66,35.8,11.84,6.58,13.16,1.84,2.11,14.21,49.34,55.2,40.26,60.1,13.17,354.21,77.8,1.05,49.74,54.0,43.16,48.5,62.89,7.11
Austria 1,2026-27,Wolfsberger AC,7.0,1.0,2.0,4.0,5.0,5.6,7.0,13.0,-6.0,24.8,42.9,0.93,1.17,10.19,29.9,8.74,8.07,12.84,2.49,1.72,15.49,45.13,61.3,32.03,39.7,14.65,317.65,78.4,1.46,43.94,59.0,49.5,51.9,57.71,7.54
Austria 1,2026-27,Austria Lustenau,7.0,2.0,2.0,3.0,8.0,6.7,8.0,11.0,-3.0,24.8,42.2,1.04,1.22,12.17,30.9,11.27,12.3,15.28,1.81,1.42,12.82,42.47,57.0,35.61,46.2,16.36,291.88,75.1,0.91,38.85,61.0,44.16,51.3,59.57,10.75
Austria 1,2026-27,Hartberg,7.0,2.0,2.0,3.0,8.0,4.5,10.0,13.0,-3.0,23.8,41.7,1.36,0.9,8.0,44.1,6.64,10.57,11.25,2.18,1.76,17.48,52.59,55.9,28.33,52.2,14.34,321.91,78.1,1.08,38.49,56.0,45.68,50.4,59.5,7.18
Austria 2,2026-27,St. Pölten,7.0,3.0,0.0,4.0,9.0,9.4,6.0,6.0,0.0,26.3,58.6,0.8,1.64,14.47,33.0,15.0,12.35,21.64,1.58,0.8,10.75,49.12,58.1,24.96,61.7,9.97,469.78,82.5,1.59,55.62,64.7,42.61,53.0,70.75,11.15
Austria 2,2026-27,Austria Salzburg,7.0,3.0,1.0,3.0,10.0,12.9,14.0,12.0,2.0,23.6,53.6,1.85,1.69,12.69,35.4,14.8,9.65,17.84,1.1,1.59,9.78,50.48,47.9,25.77,43.1,10.09,383.39,76.2,0.26,53.39,55.4,50.35,39.6,67.14,8.85
Austria 2,2026-27,Wacker Innsbruck,7.0,3.0,2.0,2.0,11.0,7.9,10.0,8.0,2.0,23.2,53.2,1.36,1.1,10.06,39.2,11.01,12.92,14.68,1.55,1.09,12.78,49.21,49.2,35.76,42.2,9.45,381.34,77.5,1.22,47.85,59.7,48.26,47.3,74.64,11.01
Austria 2,2026-27,Sturm Graz II,7.0,2.0,2.0,3.0,8.0,10.4,15.0,18.0,-3.0,20.3,52.5,2.34,2.07,11.52,40.5,11.37,18.69,21.96,1.45,2.18,10.9,54.19,52.6,28.34,61.0,8.2,386.94,79.4,0.93,51.54,62.5,44.53,47.9,68.98,12.61
Austria 2,2026-27,Rapid Wien II,7.0,2.0,0.0,5.0,6.0,5.8,7.0,17.0,-10.0,20.5,51.3,1.09,1.51,9.95,45.3,8.39,18.03,15.08,2.37,2.02,15.39,48.19,53.5,19.12,47.2,12.77,428.86,82.7,1.4,43.37,65.2,38.08,52.2,61.09,11.35
Austria 2,2026-27,Liefering,7.0,3.0,1.0,3.0,10.0,5.8,14.0,15.0,-1.0,17.9,51.0,1.87,1.53,10.67,42.5,9.87,16.8,16.93,2.75,2.0,19.87,50.8,54.1,28.27,51.4,10.94,340.93,75.4,2.27,40.0,56.7,48.53,45.3,68.0,10.27
Austria 2,2026-27,Voitsberg,7.0,2.0,3.0,2.0,9.0,11.1,10.0,12.0,-2.0,24.1,50.8,1.32,2.21,14.8,31.3,10.04,13.35,19.3,1.84,1.59,13.08,51.15,52.2,41.89,51.7,8.42,339.25,73.9,0.53,49.16,48.9,57.89,46.8,67.8,9.52
Austria 2,2026-27,Admira,7.0,3.0,0.0,4.0,9.0,8.6,7.0,8.0,-1.0,22.5,50.7,0.94,1.46,12.99,38.1,15.67,12.46,17.81,1.79,1.07,15.0,46.74,56.4,24.51,48.6,15.02,393.48,79.7,0.8,47.95,61.5,46.88,51.7,67.5,12.86
Austria 2,2026-27,Hertha Wels,7.0,1.0,1.0,5.0,4.0,5.6,8.0,17.0,-9.0,25.3,50.6,1.07,1.2,13.18,32.3,11.05,15.44,17.71,2.29,2.26,15.31,43.14,53.4,28.49,47.2,12.71,396.21,78.7,0.27,47.13,60.7,47.0,45.0,66.83,9.05
Austria 2,2026-27,Blau-Weiß Linz,7.0,6.0,0.0,1.0,18.0,14.9,20.0,4.0,16.0,26.3,50.5,2.69,2.35,14.82,42.7,16.3,15.9,27.22,1.21,0.54,9.84,49.45,57.8,31.53,50.4,12.86,395.84,78.2,1.35,56.59,60.5,43.38,44.4,72.49,11.86
Austria 2,2026-27,Floridsdorfer AC,7.0,4.0,1.0,2.0,13.0,11.2,13.0,10.0,3.0,23.3,49.5,1.74,2.0,11.67,42.5,13.41,7.91,19.31,1.5,1.34,10.86,58.08,52.4,25.08,51.3,10.01,385.35,78.5,1.48,47.75,51.7,54.32,48.4,68.14,9.25
Austria 2,2026-27,Amstetten,7.0,3.0,3.0,1.0,12.0,12.3,14.0,11.0,3.0,25.7,49.5,1.83,2.07,18.21,37.4,20.57,12.58,22.4,1.36,1.44,9.17,44.54,57.1,46.77,47.3,9.96,358.69,71.5,1.31,68.65,57.4,63.8,48.9,78.6,9.43
Austria 2,2026-27,First Vienna,7.0,5.0,1.0,1.0,16.0,12.8,14.0,7.0,7.0,26.4,46.6,2.14,2.14,13.73,35.6,14.19,9.92,18.92,0.96,1.07,8.24,50.64,53.0,34.32,55.6,9.57,348.71,74.0,0.92,55.07,52.1,59.34,47.3,72.0,6.71
Austria 2,2026-27,Austria Wien II,7.0,4.0,0.0,3.0,12.0,6.7,13.0,11.0,2.0,20.7,46.2,2.01,1.24,8.21,49.1,4.34,12.39,10.53,1.62,1.55,12.86,42.75,55.8,35.32,49.1,11.71,353.03,76.9,0.62,45.7,51.9,46.16,38.3,61.81,8.36
Austria 2,2026-27,Bregenz,7.0,3.0,1.0,3.0,10.0,10.2,11.0,12.0,-1.0,24.9,43.4,1.46,1.53,12.36,29.0,9.31,12.5,15.82,1.37,1.6,9.97,53.31,58.1,38.15,49.5,10.49,285.69,73.4,0.8,41.74,57.0,46.93,45.6,57.96,9.84
Austria 2,2026-27,Kapfenberger SV,7.0,1.0,0.0,6.0,3.0,6.0,9.0,17.0,-8.0,21.9,40.9,1.21,1.21,11.01,32.9,9.54,15.45,13.97,2.14,2.28,17.46,52.52,54.0,32.1,46.9,13.51,281.69,71.9,0.81,47.55,50.6,53.87,45.1,66.09,10.21
Azerbaijan 1,2026-27,Qarabag,5.0,4.0,1.0,0.0,13.0,10.5,9.0,4.0,5.0,26.3,66.0,1.7,,16.98,35.6,17.74,23.21,26.42,0.88,0.75,7.92,42.83,53.7,15.28,49.4,8.99,536.98,87.6,0.19,66.98,82.3,27.92,62.8,75.66,19.25
Azerbaijan 1,2026-27,Sabah,5.0,5.0,0.0,0.0,15.0,11.7,14.0,1.0,13.0,26.5,61.6,2.64,,14.34,40.8,13.58,13.77,25.47,0.67,0.19,6.23,56.23,51.7,15.85,60.7,6.76,511.51,85.9,2.08,59.43,78.4,30.57,56.8,69.81,15.28
Azerbaijan 1,2026-27,Zira,6.0,3.0,1.0,2.0,10.0,7.4,7.0,8.0,-1.0,28.3,56.9,1.09,,9.02,44.8,11.5,14.46,15.39,1.31,1.24,10.1,47.25,55.9,26.11,51.2,11.66,434.46,83.0,1.09,47.1,66.0,39.79,48.4,59.53,11.19
Azerbaijan 1,2026-27,Neftchi,6.0,5.0,0.0,1.0,15.0,11.9,18.0,5.0,13.0,28.1,54.5,2.78,,14.85,39.6,15.62,13.76,22.73,0.97,0.77,7.89,49.33,52.0,16.39,50.0,9.6,426.96,83.9,0.77,53.2,69.2,37.27,53.1,67.11,10.98
Azerbaijan 1,2026-27,Qabala,6.0,1.0,1.0,4.0,4.0,6.7,2.0,7.0,-5.0,26.5,50.7,0.31,,9.79,27.0,13.83,11.97,12.44,1.19,1.09,10.57,45.85,53.9,28.13,54.7,14.07,375.08,83.7,1.24,40.41,63.5,35.13,52.2,54.4,9.02
Azerbaijan 1,2026-27,Turan-T,6.0,3.0,2.0,1.0,11.0,12.6,6.0,4.0,2.0,29.6,48.8,0.91,,12.62,33.7,12.16,9.58,19.0,0.69,0.61,6.69,46.98,58.9,34.81,56.3,10.41,330.51,80.0,0.46,44.54,64.8,38.92,56.6,57.62,8.51
Azerbaijan 1,2026-27,Kapaz,5.0,2.0,1.0,2.0,6.0,2.4,4.0,7.0,-3.0,28.1,48.2,0.93,,6.49,21.4,12.76,14.38,11.83,1.85,1.39,13.22,56.13,55.4,21.57,49.5,10.7,306.42,79.3,0.46,33.17,60.1,35.95,51.0,47.32,12.53
Azerbaijan 1,2026-27,Sumqayıt,5.0,0.0,2.0,3.0,1.0,3.9,4.0,8.0,-4.0,25.2,47.9,0.94,,8.18,37.1,8.18,12.62,10.75,1.53,1.64,12.16,47.22,44.6,17.53,44.0,14.34,355.32,83.2,0.7,42.78,67.2,31.79,56.6,52.83,8.18
Azerbaijan 1,2026-27,Shamakhi FK,6.0,2.0,3.0,1.0,6.0,7.1,8.0,6.0,2.0,24.7,45.9,1.51,,10.0,37.7,13.96,8.3,15.47,1.21,0.94,11.7,57.36,48.0,26.98,42.7,12.19,326.6,80.8,0.38,44.15,62.8,44.72,53.2,59.25,9.62
Azerbaijan 1,2026-27,Araz,6.0,0.0,2.0,4.0,2.0,4.2,5.0,13.0,-8.0,28.0,41.3,0.93,,8.59,30.4,9.9,11.02,10.83,2.13,2.05,16.24,45.37,46.9,24.09,41.9,13.14,295.02,79.9,0.56,35.85,62.5,38.28,53.2,56.2,11.39
Azerbaijan 1,2026-27,İmişli,6.0,1.0,1.0,4.0,4.0,8.6,6.0,11.0,-5.0,26.4,40.7,0.93,,11.46,37.8,12.55,11.15,17.04,1.46,1.7,12.08,46.94,57.8,20.6,45.9,19.69,310.43,78.3,0.93,33.77,60.6,39.19,56.1,61.19,8.83
Azerbaijan 1,2026-27,Shafa Baku,6.0,1.0,0.0,5.0,3.0,2.4,2.0,11.0,-9.0,26.4,38.2,0.32,,6.01,47.4,9.02,10.28,8.86,2.26,1.74,15.98,50.3,60.4,19.3,48.4,17.6,294.52,77.9,0.32,35.11,58.1,39.07,42.5,54.09,8.38
Belgium 1,2026-27,Club Brugge,7.0,6.0,0.0,1.0,15.0,13.9,15.0,3.0,12.0,25.4,61.3,1.99,2.83,16.62,33.6,13.83,18.88,32.17,1.58,0.4,11.43,46.53,54.3,23.8,53.6,13.23,570.84,88.1,0.66,55.97,79.1,33.37,59.4,67.67,17.28
Belgium 1,2026-27,Anderlecht,7.0,4.0,1.0,2.0,13.0,14.3,7.0,5.0,2.0,25.2,60.9,0.93,1.89,14.82,34.2,17.36,16.29,28.31,0.86,0.67,7.88,51.54,57.8,30.98,47.4,10.25,519.17,85.8,1.2,62.89,74.9,37.26,55.9,74.51,14.82
Belgium 1,2026-27,Charleroi,7.0,6.0,0.0,1.0,18.0,14.2,15.0,7.0,8.0,24.5,57.1,1.98,2.04,15.44,32.5,17.02,12.8,24.41,1.09,0.92,9.5,48.04,59.9,25.87,53.6,10.65,469.79,85.2,1.19,46.98,72.5,48.83,54.3,67.3,16.1
Belgium 1,2026-27,Sint-Truiden,7.0,2.0,2.0,3.0,8.0,11.1,12.0,12.0,0.0,25.7,55.5,1.61,2.33,15.27,24.6,18.88,10.58,26.52,1.84,1.61,12.99,47.81,55.7,25.18,58.0,12.06,494.6,83.3,1.07,56.92,76.0,46.61,63.8,79.69,10.04
Belgium 1,2026-27,Standard Liège,7.0,3.0,2.0,2.0,11.0,10.0,13.0,12.0,1.0,25.0,53.8,1.72,1.77,11.8,39.3,15.11,6.23,23.59,1.74,1.59,12.06,45.73,62.6,35.52,46.3,12.81,447.35,80.2,1.33,48.65,65.4,42.28,55.2,66.41,13.39
Belgium 1,2026-27,Antwerp,7.0,2.0,1.0,4.0,7.0,6.2,11.0,15.0,-4.0,22.8,51.9,1.46,1.59,12.91,40.2,13.71,12.78,19.97,2.7,2.0,15.58,52.59,55.4,38.61,50.7,8.79,385.3,80.6,0.4,46.33,70.4,46.33,58.6,69.23,10.78
Belgium 1,2026-27,Genk,7.0,2.0,3.0,2.0,9.0,11.7,13.0,12.0,1.0,24.4,51.8,1.73,1.82,12.1,36.3,14.62,14.76,21.4,1.36,1.6,12.76,52.51,56.2,24.59,50.8,13.45,464.49,86.2,0.66,50.38,74.4,38.02,56.3,65.67,14.76
Belgium 1,2026-27,OH Leuven,7.0,1.0,1.0,5.0,4.0,7.2,5.0,13.0,-8.0,25.5,49.2,0.6,1.26,10.62,20.5,12.67,9.77,16.65,1.91,1.57,12.31,51.15,56.1,27.39,51.5,10.41,363.14,80.7,0.48,44.4,56.5,41.26,52.0,55.5,8.69
Belgium 1,2026-27,Union Saint-Gilloise,7.0,6.0,1.0,0.0,19.0,13.4,21.0,3.0,18.0,24.3,49.1,2.8,2.28,15.36,47.0,12.82,16.16,30.98,1.18,0.4,10.28,60.49,59.4,31.51,56.4,11.86,427.7,81.9,2.67,49.14,64.1,39.12,58.0,68.77,14.15
Belgium 1,2026-27,Mechelen,7.0,0.0,3.0,4.0,3.0,7.4,5.0,14.0,-9.0,24.2,49.0,0.65,1.14,8.91,33.3,17.04,10.85,17.56,1.59,1.81,12.14,45.71,58.5,34.73,49.8,14.51,381.82,79.2,0.26,42.74,66.5,42.09,47.9,63.79,8.91
Belgium 1,2026-27,SK Beveren,7.0,3.0,0.0,4.0,9.0,6.1,7.0,11.0,-4.0,27.3,48.7,0.94,1.17,9.64,33.3,15.8,12.32,16.21,2.1,1.47,13.39,48.08,57.1,31.21,40.3,14.45,455.22,81.1,0.67,48.75,62.4,60.13,57.0,77.41,8.97
Belgium 1,2026-27,Westerlo,7.0,3.0,1.0,3.0,7.0,9.8,15.0,16.0,-1.0,22.0,48.2,2.01,1.84,13.53,36.6,11.52,14.6,18.35,1.81,2.14,12.32,50.09,55.1,24.38,44.5,15.64,422.28,83.4,0.8,45.13,71.8,38.57,52.1,66.7,12.72
Belgium 1,2026-27,Lommel SK,7.0,2.0,2.0,3.0,8.0,5.9,6.0,8.0,-2.0,25.0,46.7,0.8,1.13,8.62,27.7,11.93,12.46,13.78,2.25,1.06,18.69,45.46,53.4,20.28,47.7,17.03,395.92,83.2,0.27,34.33,69.1,39.76,56.3,65.21,11.66
Belgium 1,2026-27,Gent,7.0,6.0,1.0,0.0,19.0,11.9,13.0,4.0,9.0,25.3,46.6,1.56,1.11,9.97,42.2,12.38,8.53,14.18,0.74,0.48,8.41,43.62,57.9,26.44,54.5,16.2,381.27,85.0,0.12,35.69,67.0,43.26,61.4,53.83,9.13
Belgium 1,2026-27,Kortrijk,7.0,1.0,0.0,6.0,0.0,7.2,2.0,15.0,-13.0,25.9,45.7,0.27,1.33,10.25,24.7,12.65,11.05,14.38,1.97,2.0,13.31,51.39,55.7,30.09,41.6,13.78,385.43,79.7,0.93,48.2,62.7,49.26,47.6,65.1,10.52
Belgium 1,2026-27,Cercle Brugge,7.0,0.0,3.0,4.0,3.0,9.3,8.0,14.0,-6.0,22.7,45.6,1.06,1.7,12.27,29.0,15.84,13.72,20.06,1.76,1.85,12.01,52.26,55.8,28.37,50.7,13.14,361.32,78.4,0.66,43.42,60.5,40.65,46.1,61.63,9.11
Belgium 1,2026-27,Zulte-Waregem,7.0,3.0,2.0,2.0,11.0,9.2,10.0,7.0,3.0,25.2,41.2,1.33,1.35,11.43,36.0,12.63,10.24,17.28,1.45,0.93,10.37,45.86,50.1,27.92,56.7,16.54,337.8,80.6,0.66,40.28,69.0,33.5,51.2,57.56,9.44
Belgium 1,2026-27,La Louvière,7.0,1.0,1.0,5.0,4.0,7.7,7.0,14.0,-7.0,24.6,37.6,0.93,1.38,9.28,40.0,12.06,10.47,13.52,1.99,1.86,13.25,56.73,58.6,31.94,48.5,17.24,325.41,76.9,1.19,43.48,55.2,45.46,44.3,56.6,9.81
Belgium 2,2026-27,Club Brugge II,5.0,2.0,2.0,1.0,8.0,4.0,11.0,10.0,1.0,20.3,66.0,1.97,1.13,9.14,45.1,6.99,12.01,13.09,2.03,1.79,11.65,43.75,55.7,26.89,36.0,9.29,478.33,85.6,0.9,56.29,66.2,37.65,43.3,62.03,11.83
Belgium 2,2026-27,KSC Lokeren-Temse,6.0,3.0,1.0,2.0,9.0,6.5,13.0,11.0,2.0,24.2,60.0,2.94,2.08,13.34,35.6,18.99,11.53,24.87,1.69,1.81,11.98,49.52,47.9,30.53,53.3,7.99,419.02,83.7,0.23,46.36,68.8,36.41,55.9,65.13,10.85
Belgium 2,2026-27,Anderlecht II,6.0,0.0,1.0,5.0,1.0,4.4,7.0,15.0,-8.0,19.7,57.7,1.26,1.16,11.86,28.8,15.99,14.91,19.22,1.96,1.62,11.14,44.55,50.0,25.69,52.4,10.31,443.35,83.6,0.9,47.78,63.5,39.88,48.2,59.46,11.32
Belgium 2,2026-27,Lierse Kempenzonen,5.0,1.0,2.0,2.0,5.0,5.3,4.0,8.0,-4.0,24.3,54.3,0.73,1.31,9.44,32.7,13.61,13.61,18.15,1.84,1.45,12.52,55.34,55.7,26.49,54.1,8.41,399.38,80.6,0.91,52.08,60.6,50.99,48.0,72.58,11.61
Belgium 2,2026-27,Sporting Hasselt,6.0,3.0,0.0,3.0,9.0,8.8,4.0,7.0,-3.0,25.5,53.0,0.6,1.89,13.12,35.6,18.54,11.76,25.93,1.76,1.06,12.21,49.3,55.7,20.5,48.5,12.12,476.08,81.6,1.51,51.11,67.6,35.88,52.9,74.32,11.91
Belgium 2,2026-27,Beerschot VA,6.0,5.0,0.0,1.0,15.0,11.5,13.0,5.0,8.0,27.8,51.3,1.94,1.96,11.64,44.9,13.88,9.25,19.1,1.12,0.75,10.15,42.09,57.1,27.76,53.2,13.07,400.9,81.7,0.75,50.3,60.2,49.85,53.6,65.22,9.7
Belgium 2,2026-27,Eupen,5.0,4.0,0.0,1.0,12.0,9.1,11.0,5.0,6.0,26.4,51.0,2.04,1.79,12.8,39.1,12.62,11.69,24.87,1.11,0.93,10.21,54.56,63.3,30.25,50.3,9.88,393.96,82.3,0.93,36.56,57.4,32.66,47.2,58.27,14.1
Belgium 2,2026-27,Gent II,5.0,1.0,2.0,2.0,5.0,4.1,6.0,9.0,-3.0,19.2,49.8,1.09,1.12,8.36,34.8,6.73,11.27,10.36,2.1,1.64,14.55,49.64,44.3,28.18,50.3,13.3,415.64,84.3,2.36,39.82,62.6,53.27,57.3,67.82,13.27
Belgium 2,2026-27,Liège,6.0,1.0,2.0,3.0,5.0,7.6,10.0,13.0,-3.0,26.0,49.5,1.51,1.94,12.06,36.3,17.19,15.08,19.9,2.06,1.96,13.87,53.22,58.1,34.07,46.9,12.58,368.14,80.3,0.6,39.8,61.7,42.66,51.6,64.07,14.32
Belgium 2,2026-27,Dender,6.0,5.0,0.0,1.0,15.0,13.1,8.0,2.0,6.0,25.5,49.4,1.23,2.26,14.46,36.2,16.15,15.69,23.38,1.08,0.31,9.38,51.54,53.4,31.54,55.6,11.59,403.08,82.6,0.15,45.54,72.0,39.23,58.4,67.23,11.38
Belgium 2,2026-27,Genk II,6.0,2.0,1.0,3.0,7.0,5.8,12.0,14.0,-2.0,18.3,48.4,1.79,1.51,9.67,44.6,11.9,14.28,15.92,2.31,2.08,13.39,52.51,53.3,21.42,50.0,11.68,356.28,81.2,0.89,43.29,65.6,41.5,57.0,58.02,12.64
Belgium 2,2026-27,Excelsior Virton,5.0,3.0,1.0,1.0,10.0,7.5,8.0,2.0,6.0,25.0,47.0,1.82,1.7,11.59,39.2,10.0,18.18,17.73,1.16,0.23,9.77,57.27,59.5,24.32,45.8,13.55,395.91,83.5,0.91,41.36,67.0,39.32,57.8,59.77,15.91
Belgium 2,2026-27,Francs Borains,5.0,4.0,0.0,1.0,12.0,8.8,9.0,4.0,5.0,25.3,44.0,1.63,2.0,12.65,45.7,15.9,14.1,24.58,1.39,0.72,10.3,64.16,53.2,35.06,47.9,10.17,319.52,77.9,1.81,46.45,65.4,38.67,52.3,60.36,10.84
Belgium 2,2026-27,RFC Seraing,6.0,0.0,2.0,4.0,2.0,6.5,6.0,12.0,-6.0,22.3,40.2,0.88,1.13,9.28,47.6,13.99,10.75,13.55,1.52,1.77,8.99,54.65,55.0,20.03,49.3,14.95,306.68,78.3,0.29,36.68,59.8,35.79,51.4,55.53,10.61
Belgium 2,2026-27,Patro Eisden,6.0,1.0,0.0,5.0,3.0,9.1,7.0,12.0,-5.0,28.0,34.6,1.04,1.51,11.16,20.0,9.37,13.09,16.36,1.35,1.79,10.26,51.32,54.5,26.48,53.9,18.96,264.79,78.5,0.45,36.74,63.2,45.22,53.3,53.7,11.75
Bosnia 1,2026-27,Borac Banja Luka,8.0,6.0,1.0,1.0,16.0,14.8,15.0,7.0,8.0,27.9,61.8,1.73,1.71,13.98,40.5,10.51,12.02,20.22,0.98,0.81,8.66,42.4,52.9,23.92,60.4,8.45,456.01,85.8,1.27,49.45,69.9,38.59,56.6,63.31,10.17
Bosnia 1,2026-27,Sarajevo,8.0,4.0,1.0,3.0,10.0,11.1,6.0,5.0,1.0,24.4,59.7,0.8,1.42,10.9,26.8,15.82,9.97,16.62,0.98,0.66,9.31,43.74,52.6,36.96,52.5,5.9,352.29,80.7,0.53,57.56,68.1,43.6,55.5,64.74,9.7
Bosnia 1,2026-27,BSK Banja Luka,8.0,2.0,2.0,4.0,8.0,11.1,12.0,14.0,-2.0,24.9,53.3,1.4,1.45,11.53,38.4,12.81,8.85,15.02,1.28,1.63,10.83,40.28,53.5,22.35,43.8,15.25,405.99,83.9,0.82,42.73,67.6,35.51,51.8,61.82,11.53
Bosnia 1,2026-27,Zrinjski,8.0,7.0,0.0,1.0,21.0,13.9,17.0,5.0,12.0,28.4,50.9,2.02,1.44,11.89,51.0,12.6,9.99,16.88,0.91,0.59,7.85,43.87,58.0,24.02,53.0,11.46,383.42,82.0,1.55,43.75,65.8,39.11,48.3,59.45,16.17
Bosnia 1,2026-27,Sloga Doboj,8.0,2.0,3.0,3.0,9.0,6.2,5.0,8.0,-3.0,27.7,48.5,0.77,0.81,9.23,21.7,12.15,8.0,10.15,1.18,0.92,10.62,43.38,48.6,26.31,49.1,12.36,358.31,81.5,0.15,43.69,68.0,40.46,54.8,55.85,6.92
Bosnia 1,2026-27,Radnik Bijeljina,8.0,0.0,4.0,4.0,4.0,10.5,12.0,19.0,-7.0,25.2,47.9,1.38,1.35,10.43,37.4,9.4,6.65,15.59,1.58,2.18,12.04,41.96,47.8,27.86,47.3,11.01,288.0,77.0,0.57,37.49,56.9,38.75,45.9,54.8,9.75
Bosnia 1,2026-27,Široki Brijeg,8.0,2.0,3.0,3.0,9.0,7.7,10.0,11.0,-1.0,24.5,47.4,1.32,1.1,11.09,35.7,10.03,7.26,12.8,1.64,1.45,12.93,47.11,51.3,29.16,44.8,12.19,334.0,77.5,0.26,41.96,57.5,45.26,45.2,61.89,9.5
Bosnia 1,2026-27,Čelik,8.0,2.0,2.0,4.0,8.0,9.4,11.0,12.0,-1.0,26.0,46.6,1.27,1.06,9.94,32.6,7.86,8.9,12.25,1.43,1.39,12.25,43.21,55.3,23.11,47.5,12.54,315.87,80.4,0.69,34.78,51.8,40.21,47.1,51.41,9.13
Bosnia 1,2026-27,Velež,8.0,2.0,1.0,5.0,7.0,10.1,6.0,14.0,-8.0,25.7,42.1,0.68,1.1,10.95,27.1,12.32,6.96,9.92,1.23,1.6,10.72,46.2,56.3,21.67,53.2,18.21,309.35,78.1,0.8,43.57,61.3,41.06,48.9,53.84,7.64
Bosnia 1,2026-27,Željezničar,8.0,3.0,3.0,2.0,12.0,9.8,10.0,9.0,1.0,24.9,42.1,1.18,1.03,8.15,24.6,9.92,8.39,9.8,1.33,1.06,13.23,51.73,54.1,27.17,48.3,13.52,291.5,76.8,0.12,32.95,53.4,36.97,49.8,48.66,7.32
Brazil 1,2026-27,Fluminense,28.0,13.0,9.0,6.0,45.0,40.7,44.0,36.0,8.0,29.4,56.8,1.37,1.32,12.33,38.6,11.71,15.35,16.94,1.24,1.12,10.62,52.54,57.1,23.14,49.9,11.09,459.16,87.6,1.62,46.99,80.9,30.49,57.4,62.28,13.73
Brazil 1,2026-27,Flamengo,28.0,18.0,6.0,4.0,57.0,53.8,55.0,23.0,32.0,30.0,56.3,1.75,1.78,13.07,35.1,13.36,13.74,20.18,0.98,0.73,10.55,48.2,58.3,21.14,51.1,12.04,500.09,88.5,2.58,56.94,82.9,33.95,61.4,65.48,14.86
Brazil 1,2026-27,Bahia,28.0,12.0,10.0,6.0,46.0,46.1,43.0,35.0,8.0,27.8,55.3,1.34,1.59,11.75,36.6,14.4,19.13,17.11,1.23,1.09,11.59,53.76,56.2,24.93,49.1,9.3,392.63,85.5,2.46,45.25,73.8,33.16,54.8,55.91,16.36
Brazil 1,2026-27,Cruzeiro,28.0,13.0,6.0,9.0,42.0,36.8,42.0,40.0,2.0,27.4,54.5,1.31,1.2,11.58,35.7,13.93,13.93,16.78,1.3,1.25,11.21,51.03,55.8,23.23,48.0,9.1,392.43,84.5,3.13,48.58,73.7,35.66,53.7,59.35,14.31
Brazil 1,2026-27,Corinthians,28.0,8.0,8.0,12.0,32.0,38.5,29.0,32.0,-3.0,27.7,53.4,0.91,0.96,10.07,32.9,13.1,14.85,13.66,1.03,1.0,9.66,46.08,59.0,22.95,49.9,10.34,389.57,85.2,1.75,47.77,76.9,32.29,58.2,60.18,11.16
Brazil 1,2026-27,São Paulo,27.0,10.0,6.0,11.0,36.0,41.5,32.0,30.0,2.0,30.0,53.1,1.04,1.34,10.66,34.5,14.3,13.59,15.8,1.09,0.98,9.59,51.16,56.7,28.28,48.0,10.04,403.1,85.1,2.57,48.46,76.3,35.92,56.5,63.32,12.25
Brazil 1,2026-27,Vasco da Gama,27.0,8.0,7.0,12.0,31.0,41.1,34.0,41.0,-7.0,27.1,52.7,1.12,1.51,14.69,31.0,19.21,20.44,20.37,1.2,1.35,10.0,51.01,57.0,28.26,47.0,10.04,405.69,84.6,1.39,51.87,78.6,31.79,55.9,61.71,16.24
Brazil 1,2026-27,Palmeiras,28.0,16.0,9.0,3.0,56.0,42.7,47.0,21.0,26.0,26.6,51.8,1.48,1.2,12.3,34.3,13.99,15.0,16.01,0.98,0.66,10.5,52.48,55.1,25.72,49.3,10.92,392.89,84.9,2.86,45.85,75.2,34.25,56.3,60.16,12.23
Brazil 1,2026-27,Grêmio,28.0,7.0,8.0,13.0,28.0,27.4,30.0,38.0,-8.0,27.5,51.0,0.95,0.96,9.04,35.3,13.06,15.97,10.97,1.58,1.2,12.84,49.17,54.9,24.07,46.9,12.23,377.68,84.6,1.87,43.26,71.0,37.06,51.9,56.73,13.09
Brazil 1,2026-27,Red Bull Bragantino,27.0,10.0,6.0,11.0,36.0,39.3,33.0,31.0,2.0,26.5,50.9,1.07,1.29,13.06,33.7,13.96,17.35,16.29,1.16,1.0,10.02,48.93,56.1,27.34,52.4,10.94,325.97,81.0,2.81,45.31,69.5,40.82,56.5,57.1,14.54
Brazil 1,2026-27,Mirassol,28.0,8.0,8.0,12.0,32.0,36.7,33.0,42.0,-9.0,30.3,50.7,1.03,1.2,11.36,35.5,13.8,15.18,14.55,1.3,1.31,11.23,48.16,55.6,26.16,50.8,12.22,377.87,84.5,2.35,45.0,72.0,31.14,57.5,56.58,12.39
Brazil 1,2026-27,Atlético Mineiro,27.0,11.0,7.0,9.0,40.0,40.8,36.0,32.0,4.0,28.8,49.7,1.2,1.31,11.45,36.4,12.51,15.25,15.98,1.13,1.07,12.28,49.19,57.0,25.26,47.2,14.17,386.9,84.5,2.0,43.95,72.9,40.98,54.1,60.13,12.15
Brazil 1,2026-27,Santos,27.0,10.0,8.0,9.0,38.0,41.7,41.0,40.0,1.0,28.4,49.4,1.34,1.29,11.34,32.7,11.24,14.97,14.42,1.07,1.31,10.84,56.71,59.5,25.78,46.4,10.5,380.51,83.3,2.06,42.4,71.8,31.94,53.6,57.99,10.71
Brazil 1,2026-27,Internacional,28.0,6.0,10.0,12.0,28.0,41.1,30.0,36.0,-6.0,27.8,48.1,0.95,1.3,11.98,30.8,15.38,14.69,16.36,1.12,1.13,9.14,56.02,58.2,32.22,39.7,10.56,344.71,81.2,2.46,51.29,72.0,36.76,53.6,61.12,11.92
Brazil 1,2026-27,Botafogo,28.0,9.0,8.0,11.0,35.0,35.3,41.0,45.0,-4.0,27.4,47.6,1.3,1.26,11.83,38.0,12.14,14.8,15.31,1.43,1.42,12.49,48.86,56.2,24.48,43.3,12.51,334.54,83.1,2.28,41.17,68.0,35.96,52.9,55.5,13.03
Brazil 1,2026-27,Athletico Paranaense,28.0,14.0,7.0,7.0,46.0,40.8,43.0,32.0,11.0,28.1,46.9,1.34,1.36,10.33,42.0,11.52,11.68,13.02,1.2,1.0,10.74,45.39,56.9,21.51,41.8,13.42,328.06,83.2,2.22,42.08,71.3,33.22,54.5,54.04,11.11
Brazil 1,2026-27,Vitória,28.0,9.0,6.0,13.0,33.0,31.1,28.0,42.0,-14.0,27.4,45.3,0.88,0.85,9.6,35.8,9.95,13.08,11.73,1.34,1.31,12.73,50.93,56.2,29.75,44.7,11.92,301.38,81.9,1.72,37.51,67.9,34.54,55.9,51.96,9.67
Brazil 1,2026-27,Chapecoense,27.0,3.0,9.0,15.0,18.0,27.6,29.0,53.0,-24.0,28.7,43.0,0.95,1.06,10.4,28.1,12.99,13.19,12.0,1.59,1.74,14.14,51.43,55.2,29.42,48.3,14.8,324.28,82.8,1.28,39.13,68.3,39.69,55.5,54.38,11.15
Brazil 1,2026-27,Remo,28.0,5.0,8.0,15.0,23.0,32.0,32.0,47.0,-15.0,29.3,41.8,1.02,1.07,10.6,32.0,12.44,10.76,10.98,1.37,1.49,11.58,50.9,59.4,26.09,47.2,16.67,317.25,80.6,2.25,44.65,67.4,35.38,50.9,53.98,9.74
Brazil 1,2026-27,Coritiba,28.0,10.0,8.0,10.0,38.0,29.4,37.0,43.0,-6.0,28.6,40.6,1.17,1.01,9.13,32.4,9.45,10.71,11.81,1.53,1.35,14.64,50.61,56.9,27.81,49.2,17.93,282.16,80.1,1.64,33.22,63.9,37.63,49.9,49.53,8.22
Brazil 2,2026-27,Náutico,28.0,10.0,8.0,10.0,38.0,43.9,35.0,33.0,2.0,30.4,58.5,1.1,1.51,14.17,31.0,16.32,16.73,18.31,1.2,1.04,10.07,50.63,56.0,26.71,48.2,6.91,373.54,81.5,2.78,53.54,71.3,34.25,50.0,60.45,16.29
Brazil 2,2026-27,América Mineiro,29.0,4.0,5.0,20.0,17.0,33.7,21.0,49.0,-28.0,28.9,54.7,0.65,1.15,11.68,36.9,15.33,12.11,14.34,1.52,1.52,12.91,44.19,52.0,26.51,49.3,10.06,387.47,84.3,1.67,45.68,69.5,37.94,54.8,57.73,10.38
Brazil 2,2026-27,Sport Recife,29.0,11.0,11.0,7.0,44.0,42.8,39.0,29.0,10.0,27.2,54.0,1.19,1.41,11.5,32.7,12.18,13.49,13.98,1.17,0.89,11.81,47.32,54.4,25.54,45.0,10.15,377.65,84.6,1.84,42.22,69.3,33.71,51.9,55.55,11.01
Brazil 2,2026-27,Goiás,29.0,12.0,6.0,11.0,39.0,40.8,30.0,35.0,-5.0,29.1,52.9,0.92,1.17,10.44,33.9,12.91,13.58,13.0,1.12,1.08,10.97,46.79,56.7,23.78,46.4,11.54,394.71,85.3,1.82,48.54,73.7,39.02,54.6,60.83,9.64
Brazil 2,2026-27,CRB,29.0,13.0,6.0,10.0,45.0,47.4,42.0,41.0,1.0,28.1,52.1,1.29,1.5,15.44,35.3,14.49,15.35,16.61,1.15,1.26,10.61,48.01,55.0,24.64,46.7,12.9,395.22,84.4,2.77,49.18,71.6,37.62,51.4,61.09,14.03
Brazil 2,2026-27,Ceará,29.0,9.0,8.0,12.0,35.0,32.3,31.0,37.0,-6.0,25.7,51.7,0.99,1.09,11.27,32.5,13.11,13.46,13.72,1.41,1.11,11.68,49.04,55.1,35.17,43.9,9.52,323.15,81.5,1.34,42.87,69.3,33.61,52.7,53.62,11.23
Brazil 2,2026-27,Operário PR,28.0,12.0,8.0,8.0,44.0,35.3,39.0,36.0,3.0,30.5,51.5,1.24,1.17,11.8,33.0,10.87,14.03,10.81,1.33,1.15,12.02,48.71,52.3,24.23,47.6,11.13,361.18,83.7,1.88,39.98,69.2,35.87,54.6,54.8,11.8
Brazil 2,2026-27,Criciúma,28.0,13.0,8.0,7.0,47.0,37.7,28.0,25.0,3.0,31.4,51.4,0.93,1.12,11.38,29.2,16.45,13.44,14.99,1.05,0.83,10.62,52.25,56.1,36.79,48.2,9.83,367.93,81.6,1.59,49.03,68.9,44.62,57.6,68.93,9.26
Brazil 2,2026-27,Vila Nova,29.0,15.0,6.0,8.0,51.0,40.4,41.0,31.0,10.0,28.8,51.1,1.29,1.13,11.42,32.5,12.49,15.29,13.59,1.04,0.91,8.87,49.53,55.8,26.15,51.5,9.87,329.57,81.4,1.67,43.8,69.6,35.43,49.4,54.63,11.11
Brazil 2,2026-27,Juventude,29.0,14.0,8.0,7.0,50.0,42.3,31.0,19.0,12.0,29.2,50.2,0.96,1.06,10.1,35.7,12.71,12.18,14.08,0.93,0.59,10.35,56.0,57.4,28.25,54.3,10.06,332.68,81.5,1.99,42.11,67.4,39.44,54.8,60.45,9.91
Brazil 2,2026-27,Atlético GO,29.0,12.0,10.0,7.0,46.0,44.9,36.0,27.0,9.0,27.7,50.0,1.16,1.39,12.14,33.1,14.68,15.0,15.26,1.08,0.84,10.44,50.97,56.6,26.47,49.4,11.19,341.5,82.1,2.83,46.67,67.4,36.65,52.8,55.44,13.2
Brazil 2,2026-27,São Bernardo FC,29.0,11.0,8.0,10.0,41.0,38.2,40.0,31.0,9.0,31.4,49.7,1.24,1.1,10.78,37.5,11.43,11.77,11.83,1.23,0.96,13.34,46.45,54.3,27.15,46.4,13.22,371.61,84.2,1.33,40.68,71.0,41.48,58.9,60.01,10.44
Brazil 2,2026-27,Fortaleza,29.0,14.0,9.0,6.0,48.0,42.1,33.0,24.0,9.0,28.3,49.2,1.01,1.14,11.55,30.5,12.32,13.61,14.31,1.09,0.74,11.12,47.22,55.0,26.02,47.3,12.02,368.21,84.7,1.84,45.26,72.7,34.99,52.4,57.09,11.0
Brazil 2,2026-27,Botafogo SP,29.0,8.0,8.0,13.0,32.0,42.1,32.0,36.0,-4.0,29.0,48.8,0.98,1.12,10.14,31.5,14.44,15.73,15.67,1.0,1.11,10.9,50.16,55.7,35.48,46.1,10.07,310.24,79.7,1.72,43.0,65.2,38.46,49.7,53.17,9.71
Brazil 2,2026-27,Grêmio Novorizontino,29.0,14.0,8.0,7.0,50.0,54.3,49.0,27.0,22.0,26.5,48.6,1.5,1.71,12.85,36.7,16.13,12.49,16.46,0.89,0.83,9.58,48.84,57.2,33.54,51.0,10.96,332.27,80.3,2.02,47.95,69.8,36.81,52.0,59.64,11.48
Brazil 2,2026-27,Londrina,29.0,7.0,7.0,15.0,28.0,38.6,39.0,41.0,-2.0,28.6,46.3,1.22,1.25,12.17,30.5,13.98,11.95,12.3,1.33,1.28,11.67,48.68,56.3,27.59,51.8,12.03,325.83,80.5,1.47,40.23,67.1,35.23,53.1,56.11,9.17
Brazil 2,2026-27,Cuiabá,28.0,9.0,13.0,6.0,40.0,42.7,27.0,22.0,5.0,27.1,46.3,0.86,1.06,10.61,34.9,14.83,12.98,13.36,0.84,0.7,9.24,47.29,58.1,34.75,44.1,11.49,333.05,82.1,1.92,44.63,67.6,40.6,53.0,55.41,9.5
Brazil 2,2026-27,Avaí,29.0,8.0,6.0,15.0,30.0,29.7,30.0,38.0,-8.0,26.8,45.7,0.92,0.94,9.51,32.9,9.41,14.04,10.82,1.44,1.17,12.39,51.12,54.2,28.92,49.4,11.99,329.43,80.7,2.3,42.41,62.3,37.04,48.6,55.32,10.27
Brazil 2,2026-27,Athletic Club,29.0,10.0,11.0,8.0,41.0,34.8,34.0,31.0,3.0,24.4,45.4,1.05,1.04,9.38,32.0,11.42,13.18,11.33,1.28,0.96,12.94,51.93,55.4,27.73,45.0,13.19,313.42,81.0,1.8,40.17,62.6,38.87,45.9,55.06,9.25
Brazil 2,2026-27,Ponte Preta,29.0,3.0,4.0,22.0,10.0,23.7,17.0,62.0,-45.0,27.5,42.5,0.52,1.0,8.75,34.4,11.08,15.45,10.29,1.91,1.9,15.26,52.14,52.7,29.14,41.5,11.92,261.59,78.0,2.4,39.46,62.3,36.51,51.0,51.19,9.43
Bulgaria 1,2026-27,Levski Sofia,9.0,8.0,1.0,0.0,25.0,19.9,21.0,4.0,17.0,25.6,69.6,2.18,2.02,15.26,40.8,14.43,12.66,20.45,0.65,0.42,6.44,42.77,53.4,21.28,52.7,8.31,563.25,88.8,1.14,59.07,74.5,42.77,60.4,67.58,14.43
Bulgaria 1,2026-27,CSKA Sofia,10.0,7.0,3.0,0.0,23.0,22.1,24.0,7.0,17.0,25.8,62.0,2.24,2.07,16.9,40.9,19.33,18.3,23.34,0.78,0.65,8.68,52.66,57.8,25.02,55.6,7.72,458.87,83.9,2.15,58.72,71.4,47.05,61.7,73.01,14.94
Bulgaria 1,2026-27,CSKA 1948 Sofia,10.0,7.0,1.0,2.0,22.0,15.5,19.0,10.0,9.0,27.4,56.9,1.75,1.48,11.32,36.6,15.0,12.24,16.56,1.2,0.92,10.31,43.34,56.9,29.45,50.0,11.12,440.52,84.1,0.83,45.09,68.8,44.08,58.5,64.51,9.94
Bulgaria 1,2026-27,Arda,10.0,5.0,2.0,3.0,17.0,16.2,15.0,12.0,3.0,26.9,56.4,1.39,1.54,12.09,36.9,10.69,13.2,16.18,1.12,1.12,9.67,45.0,52.3,29.47,42.9,10.99,435.5,82.3,0.74,52.62,64.5,48.25,53.6,67.69,12.46
Bulgaria 1,2026-27,Ludogorets,9.0,7.0,2.0,0.0,23.0,18.5,16.0,7.0,9.0,27.5,55.6,1.66,2.03,12.72,40.7,13.24,12.41,20.38,0.94,0.72,8.59,41.79,54.5,24.62,51.3,12.05,439.34,84.0,0.93,49.76,65.9,42.52,56.9,64.45,10.34
Bulgaria 1,2026-27,Septemvri Sofia,10.0,2.0,2.0,6.0,8.0,10.9,8.0,18.0,-10.0,23.7,53.3,0.75,0.95,8.87,36.8,7.1,11.95,11.2,1.46,1.68,9.15,53.22,55.8,25.39,56.3,8.06,365.6,78.5,1.12,44.81,55.4,41.92,50.6,56.86,12.04
Bulgaria 1,2026-27,Cherno More,10.0,1.0,3.0,6.0,6.0,11.3,11.0,20.0,-9.0,26.7,50.7,1.02,0.96,10.34,42.9,13.38,12.0,13.29,1.27,1.85,8.95,49.48,55.2,31.11,54.6,13.09,379.29,78.4,0.92,52.34,59.3,46.15,48.8,64.25,10.25
Bulgaria 1,2026-27,Lokomotiv Sofia 1929,10.0,1.0,4.0,5.0,4.0,8.9,11.0,18.0,-7.0,28.3,49.0,1.02,1.08,10.62,32.5,16.77,13.51,13.14,1.89,1.68,14.25,51.15,50.3,27.95,52.3,9.87,362.61,77.4,0.75,39.97,61.5,44.44,52.2,63.45,11.27
Bulgaria 1,2026-27,Botev Plovdiv,10.0,5.0,1.0,4.0,16.0,16.0,16.0,14.0,2.0,25.5,47.3,1.48,1.38,11.45,46.8,9.69,17.63,15.97,1.19,1.29,11.82,44.58,58.2,24.18,48.1,13.23,319.11,80.5,0.46,34.71,63.8,35.35,55.4,53.72,14.22
Bulgaria 1,2026-27,Botev Vratsa,10.0,2.0,3.0,5.0,9.0,11.2,9.0,19.0,-10.0,25.6,43.8,0.83,0.96,9.17,34.3,15.83,7.31,13.61,1.46,1.76,9.35,48.43,55.8,30.28,49.2,14.45,332.22,78.1,0.19,43.15,65.0,42.78,50.6,60.0,9.26
Bulgaria 1,2026-27,Slavia Sofia,10.0,2.0,5.0,3.0,11.0,11.6,9.0,8.0,1.0,26.4,42.1,0.83,1.02,7.77,32.1,11.47,9.43,12.39,1.29,0.74,13.41,50.13,51.1,34.96,51.3,10.82,301.91,75.7,1.29,44.77,57.4,42.46,47.7,56.15,6.2
Bulgaria 1,2026-27,Lokomotiv Plovdiv,10.0,2.0,1.0,7.0,6.0,13.5,5.0,13.0,-8.0,24.2,40.4,0.46,1.08,8.85,29.2,11.34,8.67,14.2,1.06,1.2,10.14,56.53,58.2,29.05,46.7,15.38,301.26,75.1,1.57,43.52,58.1,40.02,48.8,58.56,8.3
Bulgaria 1,2026-27,Dunav ot Ruse,10.0,1.0,2.0,7.0,5.0,6.7,10.0,19.0,-9.0,26.3,36.8,0.93,1.03,8.01,40.7,9.22,11.27,9.69,2.17,1.77,15.93,54.69,55.5,33.54,45.6,17.49,265.43,74.7,0.56,34.19,56.7,40.62,46.8,54.22,8.11
Bulgaria 1,2026-27,Spartak Varna,10.0,2.0,4.0,4.0,10.0,9.4,10.0,15.0,-5.0,26.4,36.5,0.92,0.85,8.21,34.8,11.07,13.28,11.07,1.71,1.38,13.46,46.84,57.3,32.55,46.7,17.54,252.66,75.0,0.92,33.75,58.7,35.87,49.4,51.82,9.68
Canada 1,2026-27,Atlético Ottawa,23.0,10.0,4.0,9.0,34.0,24.3,34.0,39.0,-5.0,24.5,59.8,1.3,1.29,9.73,37.6,8.17,12.21,17.63,1.88,1.49,11.49,49.27,56.5,13.05,47.7,12.89,481.79,88.4,0.73,45.69,75.9,31.53,52.9,57.14,12.52
Canada 1,2026-27,FC Supra,22.0,7.0,4.0,11.0,22.0,33.2,31.0,38.0,-7.0,25.1,52.3,1.25,1.46,12.7,36.2,9.63,16.4,17.65,1.3,1.53,9.07,49.86,56.3,14.91,47.3,12.01,430.9,85.7,1.17,46.03,72.3,35.06,53.2,57.19,13.7
Canada 1,2026-27,Cavalry,22.0,15.0,5.0,2.0,50.0,42.7,42.0,13.0,29.0,27.4,50.0,1.69,1.76,12.2,37.3,11.71,12.96,21.29,0.88,0.52,8.9,48.94,55.0,18.27,54.2,13.6,359.19,84.3,0.64,44.19,73.9,31.11,54.9,56.91,13.2
Canada 1,2026-27,Inter Toronto,21.0,5.0,8.0,8.0,23.0,19.1,30.0,46.0,-16.0,26.8,49.0,1.27,1.24,10.31,37.4,10.86,10.98,14.0,2.06,1.95,13.95,53.44,55.8,23.03,49.0,13.2,389.77,84.5,1.23,43.85,70.2,37.96,59.7,61.07,8.52
Canada 1,2026-27,Pacific FC,22.0,1.0,8.0,13.0,11.0,23.8,26.0,44.0,-18.0,25.6,48.8,1.04,1.4,9.83,36.2,11.38,12.98,16.86,1.79,1.76,12.38,49.69,58.1,19.97,51.0,13.06,409.97,83.7,1.48,42.1,66.1,32.44,43.1,58.12,9.51
Canada 1,2026-27,Forge,22.0,14.0,4.0,4.0,46.0,39.9,34.0,16.0,18.0,26.5,48.0,1.38,1.66,12.19,34.6,13.73,15.55,20.21,1.0,0.65,7.37,52.01,57.3,19.04,48.9,11.46,354.25,82.6,1.22,44.23,70.0,37.99,58.7,59.05,11.79
Canada 1,2026-27,HFX Wanderers FC,23.0,7.0,5.0,11.0,23.0,29.3,35.0,38.0,-3.0,25.0,47.8,1.37,1.49,8.58,37.7,12.21,13.38,15.06,1.68,1.48,12.44,47.2,56.1,19.0,43.9,16.05,395.54,85.5,1.76,43.81,71.1,33.36,54.0,58.99,12.21
Canada 1,2026-27,Vancouver FC,23.0,9.0,4.0,10.0,31.0,36.8,31.0,29.0,2.0,26.9,44.0,1.21,1.5,9.99,34.8,13.3,13.42,17.2,1.21,1.13,9.83,50.52,57.7,17.87,49.1,17.96,361.72,83.0,1.21,40.85,68.9,40.42,54.3,60.98,12.6
Chile 1,2026-27,Colo Colo,23.0,17.0,3.0,3.0,54.0,44.8,48.0,22.0,26.0,26.9,62.4,1.86,1.71,13.82,39.2,17.81,16.22,20.44,0.9,0.85,7.59,47.5,65.0,28.84,46.0,7.95,473.85,84.7,4.18,57.99,77.2,40.84,57.8,70.06,17.65
Chile 1,2026-27,Universidad de Chile,23.0,12.0,6.0,5.0,42.0,38.7,35.0,19.0,16.0,28.8,58.2,1.35,1.46,12.61,36.6,17.11,16.45,19.91,0.96,0.73,8.65,50.94,63.2,34.25,47.0,8.99,418.59,81.8,2.54,56.13,70.0,42.21,52.6,69.47,14.03
Chile 1,2026-27,Universidad Católica,23.0,13.0,3.0,7.0,42.0,39.3,50.0,33.0,17.0,29.4,53.3,1.92,1.46,10.82,36.7,16.75,12.28,16.01,1.02,1.27,9.62,50.85,61.8,31.99,51.9,10.07,375.4,81.3,4.12,48.31,67.6,44.19,55.7,66.9,10.82
Chile 1,2026-27,O'Higgins,23.0,8.0,3.0,12.0,27.0,30.1,28.0,36.0,-8.0,26.1,52.0,1.08,1.28,10.95,39.3,18.28,13.71,16.48,1.33,1.38,11.33,49.09,64.0,37.22,46.5,11.16,373.06,81.5,1.54,49.24,72.0,41.83,58.1,67.38,13.41
Chile 1,2026-27,Palestino,23.0,11.0,3.0,9.0,36.0,33.5,36.0,33.0,3.0,28.5,51.6,1.4,1.48,12.75,33.3,16.53,13.57,15.13,1.23,1.29,10.65,49.29,61.2,37.47,50.3,10.81,367.68,81.2,2.61,49.95,70.8,48.51,60.1,68.05,12.24
Chile 1,2026-27,Unión La Calera,23.0,6.0,5.0,12.0,23.0,27.9,23.0,35.0,-12.0,28.9,51.3,0.89,0.97,9.19,35.9,16.99,14.51,14.51,1.25,1.36,11.17,52.45,63.5,35.42,46.1,12.13,367.18,79.3,2.75,48.1,63.6,51.75,57.3,67.66,10.28
Chile 1,2026-27,Audax Italiano,23.0,7.0,7.0,9.0,28.0,28.0,26.0,31.0,-5.0,26.3,49.7,1.0,0.98,9.82,30.9,12.93,14.5,11.51,1.17,1.19,10.93,52.29,61.0,31.15,45.2,11.46,336.06,79.3,2.34,45.08,64.9,45.61,55.6,60.58,11.09
Chile 1,2026-27,Coquimbo Unido,23.0,8.0,5.0,10.0,29.0,36.6,31.0,32.0,-1.0,29.8,48.7,1.25,1.44,10.65,35.5,17.32,13.26,18.16,1.1,1.25,9.68,58.14,64.3,38.37,52.9,10.49,347.02,77.4,1.89,47.85,63.4,42.91,56.4,66.09,11.85
Chile 1,2026-27,Univ. Concepción,22.0,6.0,4.0,12.0,22.0,22.3,17.0,37.0,-20.0,28.4,48.6,0.69,1.08,10.45,34.0,14.21,14.93,14.57,1.75,1.49,12.55,54.28,62.2,30.51,45.9,12.1,348.09,79.5,2.18,45.44,67.2,45.04,52.1,64.94,11.22
Chile 1,2026-27,Deportes Limache,23.0,10.0,3.0,10.0,33.0,30.9,43.0,35.0,8.0,28.3,48.2,1.67,1.43,10.21,43.0,15.69,14.21,15.88,1.47,1.36,12.93,50.63,62.0,34.09,43.2,13.47,327.35,79.2,2.45,44.65,66.6,46.2,56.3,61.66,13.86
Chile 1,2026-27,Everton,23.0,9.0,6.0,8.0,33.0,33.6,34.0,26.0,8.0,28.0,47.8,1.32,1.4,11.54,40.3,16.11,15.57,17.62,1.25,1.01,10.84,52.63,62.3,31.48,41.9,11.56,336.03,78.8,2.56,48.45,68.0,45.43,56.0,68.31,12.12
Chile 1,2026-27,Concepción,23.0,9.0,4.0,10.0,31.0,33.0,25.0,26.0,-1.0,30.9,47.1,0.97,1.23,11.09,29.6,15.65,16.73,13.06,1.08,1.0,10.7,55.34,61.6,31.76,45.0,13.02,329.59,78.6,2.78,45.64,66.0,45.64,54.1,62.06,12.25
Chile 1,2026-27,Ñublense,23.0,8.0,8.0,7.0,32.0,31.4,28.0,31.0,-3.0,29.1,46.8,1.08,1.19,10.56,33.1,15.67,13.9,16.4,1.26,1.19,10.06,55.37,61.0,45.15,46.6,11.13,332.66,78.8,1.96,48.57,67.1,44.92,57.4,64.24,9.68
Chile 1,2026-27,La Serena,23.0,7.0,9.0,7.0,30.0,26.6,34.0,38.0,-4.0,27.8,46.7,1.31,1.14,10.11,39.3,9.45,11.65,11.46,1.47,1.47,11.57,55.47,62.2,41.12,48.4,9.28,312.7,77.6,2.58,43.44,61.5,43.17,52.4,60.06,8.56
Chile 1,2026-27,Huachipato,22.0,8.0,4.0,10.0,28.0,24.5,30.0,39.0,-9.0,27.5,44.6,1.27,1.24,10.09,37.7,13.55,11.9,13.76,1.63,1.65,14.27,53.65,59.4,40.1,47.3,13.69,324.37,78.7,3.04,44.75,64.8,45.68,54.4,64.42,8.86
Chile 1,2026-27,Cobresal,23.0,6.0,3.0,14.0,21.0,23.4,32.0,47.0,-15.0,28.8,42.8,1.24,1.13,12.08,34.5,13.05,14.67,14.13,1.78,1.81,14.59,53.32,58.9,26.56,48.5,18.0,334.67,81.4,2.08,41.66,71.0,36.68,54.9,61.24,10.39
China 1,2026-27,Beijing Guoan,26.0,11.0,10.0,5.0,38.0,47.4,49.0,33.0,16.0,30.0,58.6,1.67,1.89,12.56,36.6,16.13,12.19,22.02,1.09,1.12,9.7,45.31,57.6,33.46,52.5,8.94,418.96,83.5,3.74,49.39,72.6,37.48,53.7,66.14,11.06
China 1,2026-27,Shanghai Port,26.0,10.0,8.0,8.0,33.0,38.8,40.0,33.0,7.0,27.6,57.6,1.33,1.38,9.98,38.2,16.28,17.04,17.11,1.14,1.09,9.32,47.98,59.2,23.91,44.5,9.05,402.98,84.0,2.72,47.89,69.3,32.86,51.4,60.82,12.67
China 1,2026-27,Chengdu Rongcheng,26.0,15.0,7.0,4.0,52.0,48.3,51.0,30.0,21.0,29.8,54.9,1.72,1.8,12.71,34.0,16.93,14.26,22.34,1.07,1.01,9.63,43.39,57.1,29.67,50.1,10.01,393.12,83.0,2.03,49.98,73.1,39.54,56.7,63.57,11.19
China 1,2026-27,Henan,26.0,8.0,9.0,9.0,27.0,40.7,33.0,35.0,-2.0,29.7,51.9,1.13,1.34,10.71,35.8,12.59,10.84,15.7,1.13,1.2,9.92,53.53,56.5,35.17,52.4,9.94,343.41,82.6,2.74,44.2,70.4,42.9,58.5,58.84,8.0
China 1,2026-27,Liaoning Tieren,26.0,7.0,4.0,15.0,25.0,29.9,34.0,47.0,-13.0,29.1,51.6,1.17,1.29,10.4,31.5,15.91,14.47,16.81,1.67,1.62,11.85,51.04,58.5,26.93,42.7,12.0,374.19,81.5,3.03,49.53,70.9,43.43,54.2,64.44,11.06
China 1,2026-27,Yunnan Yukun,26.0,11.0,5.0,10.0,38.0,32.8,54.0,51.0,3.0,29.9,51.2,1.81,1.4,12.46,36.6,13.6,13.8,16.18,1.51,1.71,10.28,41.4,55.4,23.31,52.2,13.65,330.69,81.9,2.95,44.01,69.6,36.24,52.4,58.15,11.19
China 1,2026-27,Zhejiang Professional,26.0,10.0,6.0,10.0,31.0,35.8,45.0,43.0,2.0,28.0,51.2,1.51,1.53,11.22,41.5,11.52,17.24,17.08,1.54,1.44,12.42,46.94,52.9,26.28,49.4,12.64,344.9,83.4,4.25,45.5,70.6,37.5,54.6,56.58,12.52
China 1,2026-27,Shanghai Shenhua,26.0,12.0,5.0,9.0,31.0,38.9,52.0,46.0,6.0,28.2,48.9,1.76,1.78,13.03,40.0,15.12,14.75,20.5,1.55,1.56,11.03,50.04,58.6,29.1,45.0,11.33,355.94,82.7,3.52,45.98,69.6,41.45,56.8,59.92,11.88
China 1,2026-27,Chongqing Tongliang Long,26.0,7.0,10.0,9.0,31.0,30.4,27.0,32.0,-5.0,24.8,48.8,0.92,0.86,8.18,33.9,8.59,10.78,10.98,1.21,1.09,9.58,49.53,59.0,26.41,45.3,15.28,369.75,84.5,1.92,43.24,68.4,41.73,52.5,59.42,9.78
China 1,2026-27,Shandong Taishan,26.0,13.0,4.0,9.0,37.0,38.6,46.0,43.0,3.0,28.1,48.8,1.56,1.53,11.46,35.6,12.65,14.96,17.61,1.44,1.46,12.41,55.15,55.9,28.15,49.5,11.39,361.05,82.4,2.38,48.04,71.1,38.79,51.5,60.93,12.48
China 1,2026-27,Wuhan Three Towns,26.0,5.0,11.0,10.0,21.0,34.5,39.0,46.0,-7.0,28.0,48.4,1.32,1.59,11.33,34.7,14.63,15.81,15.54,1.61,1.56,11.91,46.29,57.4,32.48,49.2,12.38,319.41,81.8,2.75,40.38,67.9,38.69,52.8,53.38,10.83
China 1,2026-27,Dalian Young Boy,26.0,12.0,4.0,10.0,40.0,36.6,38.0,42.0,-4.0,30.1,46.7,1.28,1.27,11.0,36.7,12.21,14.87,18.43,1.38,1.41,10.19,54.85,58.6,27.51,46.3,11.02,307.77,78.2,3.09,42.31,64.1,38.44,49.2,60.3,10.56
China 1,2026-27,Shenzhen Peng City,26.0,8.0,4.0,14.0,28.0,34.5,34.0,45.0,-11.0,27.2,46.4,1.14,1.27,10.31,36.0,12.76,13.66,14.53,1.45,1.51,11.32,48.82,57.8,29.43,48.2,9.99,279.88,79.4,1.61,39.38,66.8,37.87,53.2,52.2,7.37
China 1,2026-27,Qingdao Hainiu,26.0,6.0,3.0,17.0,14.0,25.3,34.0,53.0,-19.0,29.7,46.0,1.15,1.13,10.81,29.7,12.3,16.66,12.77,1.81,1.79,12.6,57.6,56.5,28.92,45.6,11.86,297.67,78.2,1.79,42.53,62.9,43.34,52.3,58.95,11.18
China 1,2026-27,Qingdao West Coast,26.0,8.0,14.0,4.0,38.0,32.6,31.0,32.0,-1.0,29.1,45.1,1.05,1.15,8.95,35.6,10.98,12.71,13.83,1.38,1.08,10.75,54.07,56.0,30.03,41.1,11.79,298.51,80.6,2.61,39.8,63.5,38.51,49.4,51.53,9.39
China 1,2026-27,Tianjin Tigers,26.0,9.0,8.0,9.0,25.0,32.3,36.0,32.0,4.0,28.6,44.1,1.22,1.15,9.28,34.3,9.72,11.75,11.52,1.36,1.08,11.52,49.15,60.8,30.18,44.6,15.92,307.23,78.6,2.2,41.7,58.2,45.22,44.9,56.74,8.33
Colombia 1,2026-27,Atlético Nacional,33.0,24.0,1.0,8.0,73.0,59.5,66.0,29.0,37.0,29.1,56.9,1.88,1.7,14.7,38.7,10.98,14.62,17.63,0.94,0.77,10.55,51.87,61.6,21.24,44.6,9.81,395.4,85.6,4.15,52.49,72.6,39.98,58.5,65.52,12.8
Colombia 1,2026-27,América de Cali,31.0,16.0,7.0,8.0,54.0,46.7,47.0,26.0,21.0,29.0,55.0,1.41,1.29,12.01,35.0,11.47,11.89,14.74,1.08,0.75,9.82,49.22,60.2,23.42,45.9,11.78,414.86,86.1,3.36,47.06,76.0,37.21,60.0,61.17,11.53
Colombia 1,2026-27,Tolima,33.0,15.0,9.0,9.0,53.0,51.1,44.0,32.0,12.0,26.0,54.9,1.25,1.27,11.89,34.8,8.55,13.3,15.82,0.98,0.88,10.56,49.25,62.2,20.92,42.8,11.36,413.77,85.6,3.11,48.48,73.6,34.81,57.7,60.85,11.15
Colombia 1,2026-27,Fortaleza,29.0,6.0,12.0,11.0,30.0,31.5,33.0,43.0,-10.0,25.5,53.9,1.07,0.97,10.52,30.9,12.79,15.26,13.54,1.3,1.27,10.75,45.26,60.2,26.59,42.5,10.51,368.08,85.0,3.28,47.76,73.4,35.32,58.4,60.84,13.28
Colombia 1,2026-27,Medellín,27.0,12.0,6.0,9.0,42.0,45.3,41.0,34.0,7.0,31.6,53.3,1.36,1.44,12.95,36.9,13.41,15.27,16.86,1.01,1.13,8.93,45.25,62.7,28.12,48.2,11.19,358.27,84.8,2.52,48.87,74.7,33.83,57.7,57.3,14.08
Colombia 1,2026-27,Junior,33.0,14.0,8.0,11.0,49.0,43.0,50.0,42.0,8.0,29.0,53.1,1.4,1.22,11.71,34.6,11.54,14.33,15.65,1.33,1.15,12.43,58.17,63.1,23.08,45.3,10.37,364.92,83.2,3.38,49.34,71.2,33.87,54.0,57.98,13.22
Colombia 1,2026-27,Once Caldas,31.0,11.0,13.0,7.0,46.0,47.0,46.0,37.0,9.0,27.5,52.5,1.35,1.33,13.65,38.2,11.13,15.2,16.69,1.12,1.08,12.1,47.5,59.7,20.24,46.0,12.26,397.69,85.1,2.9,54.94,74.8,35.41,52.0,59.1,14.61
Colombia 1,2026-27,Deportivo Pasto,31.0,12.0,6.0,13.0,39.0,38.5,38.0,43.0,-5.0,29.3,52.0,1.11,0.99,10.5,31.4,12.57,16.03,12.71,1.13,1.25,10.32,53.27,63.1,26.56,49.3,11.23,356.82,83.8,2.33,46.56,69.7,35.54,51.8,57.73,12.04
Colombia 1,2026-27,Águilas Doradas,27.0,9.0,10.0,8.0,37.0,40.9,32.0,37.0,-5.0,25.3,51.5,1.07,1.32,10.42,33.9,11.98,13.11,15.44,1.1,1.23,10.55,48.03,58.8,29.96,43.3,10.92,336.14,81.4,3.89,45.6,65.2,41.9,51.6,58.95,11.45
Colombia 1,2026-27,Deportivo Cali,29.0,12.0,9.0,8.0,45.0,43.2,36.0,25.0,11.0,29.4,50.2,1.16,1.26,11.44,33.1,14.49,16.23,15.58,1.0,0.77,9.86,57.1,60.9,29.14,50.9,10.21,352.87,82.6,3.15,48.1,69.5,38.11,54.5,58.77,11.73
Colombia 1,2026-27,Atlético Bucaramanga,28.0,9.0,13.0,6.0,40.0,41.8,40.0,28.0,12.0,29.6,50.1,1.29,1.05,10.6,34.2,13.43,13.11,14.43,0.95,0.9,9.38,52.92,62.6,27.41,48.8,11.1,358.97,82.0,4.08,45.66,70.6,38.3,53.8,60.66,10.09
Colombia 1,2026-27,Millonarios,30.0,12.0,9.0,9.0,45.0,54.6,46.0,31.0,15.0,28.4,48.0,1.39,1.56,14.42,38.6,13.75,13.18,17.68,0.93,0.94,9.28,50.29,61.2,23.45,49.5,11.26,336.58,81.1,4.74,51.1,70.1,40.92,55.0,61.59,9.97
Colombia 1,2026-27,Llaneros,30.0,8.0,12.0,10.0,33.0,33.0,31.0,34.0,-3.0,27.9,47.6,0.99,1.03,9.04,33.6,13.62,12.98,12.82,1.33,1.02,10.99,49.73,62.5,32.02,43.0,11.85,301.54,79.3,2.08,41.48,66.9,40.75,53.3,57.69,10.36
Colombia 1,2026-27,Santa Fe,32.0,12.0,15.0,5.0,50.0,51.2,51.0,34.0,17.0,31.0,46.6,1.44,1.3,11.11,40.5,11.64,11.11,13.45,1.0,0.96,11.98,44.96,60.7,27.49,45.2,12.48,324.0,81.5,3.36,44.65,71.1,34.3,54.0,56.94,10.65
Colombia 1,2026-27,Jaguares de Córdoba,27.0,6.0,7.0,14.0,25.0,28.9,29.0,47.0,-18.0,29.7,46.4,0.97,1.04,9.59,33.8,8.92,11.69,10.32,1.47,1.57,12.39,50.81,61.6,25.02,47.7,13.88,321.21,83.0,2.84,39.22,66.8,37.42,51.6,52.22,9.22
Colombia 1,2026-27,Inter Bogotá,32.0,9.0,12.0,11.0,39.0,40.8,41.0,52.0,-11.0,27.0,46.4,1.16,1.18,11.46,37.0,13.58,16.9,12.96,1.31,1.47,10.92,53.35,62.0,24.11,47.3,15.13,320.49,81.0,2.46,44.41,67.2,35.86,52.2,57.79,13.25
Colombia 1,2026-27,Cúcuta Deportivo,29.0,5.0,10.0,14.0,25.0,30.0,31.0,53.0,-22.0,27.2,46.2,0.96,0.96,8.67,40.1,10.6,12.81,12.19,1.44,1.65,14.02,47.32,57.5,26.08,46.0,14.22,326.15,82.4,2.21,37.87,67.9,38.49,54.0,57.85,8.46
Colombia 1,2026-27,Boyacá Chicó,28.0,7.0,4.0,17.0,25.0,27.8,22.0,50.0,-28.0,25.8,44.8,0.71,0.81,8.3,32.0,9.15,10.67,9.89,1.4,1.62,11.32,54.49,57.7,24.81,43.0,13.29,300.78,81.3,3.05,42.91,66.0,36.19,49.2,52.41,8.4
Colombia 1,2026-27,Deportivo Pereira,27.0,2.0,11.0,14.0,17.0,23.6,21.0,43.0,-22.0,25.4,44.5,0.7,0.82,7.96,37.8,7.9,8.53,8.06,1.55,1.44,15.16,48.08,60.8,24.02,43.7,17.9,325.54,83.2,2.34,32.42,62.2,37.51,52.6,52.13,6.86
Colombia 1,2026-27,Alianza,29.0,5.0,10.0,14.0,25.0,31.7,22.0,47.0,-25.0,27.5,44.5,0.69,0.91,9.68,27.5,13.56,13.31,11.56,1.3,1.47,10.59,55.23,62.3,25.69,49.5,14.26,315.86,80.8,3.1,40.94,68.1,39.47,54.1,57.42,9.93
Croatia 1,2026-27,Dinamo Zagreb,7.0,5.0,1.0,1.0,13.0,14.7,17.0,9.0,8.0,25.8,64.2,2.65,2.83,17.0,37.6,21.21,15.6,28.54,0.92,1.09,7.33,42.89,52.7,25.74,57.0,7.9,510.52,84.9,0.94,63.02,77.0,33.07,59.0,69.72,20.28
Croatia 1,2026-27,Hajduk Split,8.0,5.0,1.0,2.0,16.0,16.4,16.0,8.0,8.0,23.9,63.3,1.85,1.72,13.75,42.0,14.44,17.68,20.45,0.71,0.92,6.47,47.02,54.8,18.49,49.4,9.23,470.8,86.4,0.69,55.46,71.7,40.9,59.9,60.08,18.49
Croatia 1,2026-27,Rijeka,7.0,4.0,2.0,1.0,11.0,14.3,13.0,7.0,6.0,25.1,55.8,1.74,1.9,15.83,39.0,15.56,10.6,24.68,0.7,0.94,7.38,50.57,57.8,17.57,50.4,10.39,491.45,83.9,0.94,61.7,69.6,39.84,49.2,67.47,13.41
Croatia 1,2026-27,Osijek,8.0,5.0,1.0,2.0,16.0,12.2,17.0,11.0,6.0,23.6,54.9,1.98,1.84,16.16,33.8,11.63,12.44,18.72,1.6,1.28,10.7,50.35,52.4,26.51,47.4,9.08,386.51,84.1,1.4,37.91,71.2,35.35,54.9,59.65,15.81
Croatia 1,2026-27,Varaždin,8.0,4.0,3.0,1.0,15.0,13.1,13.0,7.0,6.0,26.6,48.5,1.51,1.55,12.33,32.1,14.3,13.6,15.58,1.26,0.81,11.16,48.95,49.4,22.79,59.2,14.48,386.74,81.4,1.74,39.07,60.1,44.53,53.5,61.98,16.86
Croatia 1,2026-27,Istra 1961,8.0,2.0,3.0,3.0,9.0,10.9,14.0,13.0,1.0,21.6,45.6,1.6,1.42,11.45,39.0,13.17,10.99,19.35,1.47,1.49,12.6,54.73,56.3,20.5,50.3,13.43,365.38,80.3,0.57,42.48,65.5,37.44,48.6,61.72,11.22
Croatia 1,2026-27,Lokomotiva Zagreb,8.0,2.0,1.0,5.0,7.0,5.5,11.0,16.0,-5.0,23.9,44.5,1.47,1.06,7.73,29.3,10.93,9.2,12.67,2.02,1.73,18.4,45.73,47.8,30.67,43.0,12.5,295.07,77.9,0.27,32.53,57.8,37.73,53.7,54.27,9.6
Croatia 1,2026-27,Gorica,8.0,1.0,2.0,5.0,5.0,8.3,5.0,12.0,-7.0,25.9,43.8,0.58,1.19,8.88,28.6,11.88,10.04,13.15,1.75,1.38,14.54,54.0,57.9,33.92,48.6,16.42,335.54,77.5,0.58,42.92,53.5,43.96,40.7,58.62,10.85
Croatia 1,2026-27,Slaven Belupo,8.0,2.0,1.0,5.0,7.0,7.4,7.0,16.0,-9.0,26.3,41.3,0.82,1.26,10.35,34.1,11.06,8.71,13.76,2.06,1.88,14.47,53.65,55.0,31.53,51.9,13.19,319.18,77.9,0.47,37.29,60.6,41.76,52.1,56.71,10.47
Croatia 1,2026-27,Rudeš,8.0,1.0,1.0,6.0,4.0,4.0,10.0,24.0,-14.0,26.3,40.7,1.18,0.78,7.55,37.5,12.27,11.56,10.62,2.57,2.83,15.92,54.97,52.4,25.12,46.0,17.66,312.23,78.7,0.35,36.92,56.9,42.23,50.8,52.49,8.14
Czech 1,2026-27,Sparta Praha,9.0,5.0,0.0,4.0,12.0,18.0,18.0,12.0,6.0,25.2,65.3,1.88,2.11,15.37,37.4,21.11,17.77,23.62,1.12,1.25,10.35,35.02,50.7,22.06,49.8,9.69,479.9,86.4,0.73,54.98,72.1,31.99,49.3,65.12,19.13
Czech 1,2026-27,Jablonec,9.0,4.0,2.0,3.0,13.0,14.5,11.0,9.0,2.0,27.6,56.0,1.13,1.57,13.5,28.8,18.72,7.16,20.86,1.1,0.92,10.13,37.23,51.9,31.6,52.4,10.53,421.47,82.5,0.72,49.09,65.2,43.67,48.5,68.01,6.85
Czech 1,2026-27,Sigma Olomouc,9.0,5.0,1.0,3.0,16.0,12.8,16.0,13.0,3.0,24.5,54.0,1.65,1.4,10.64,43.7,12.4,9.71,13.85,1.48,1.34,10.85,45.77,57.8,22.94,50.5,11.78,462.09,84.7,1.03,45.26,64.4,39.99,50.6,62.51,9.4
Czech 1,2026-27,Slavia Praha,9.0,7.0,2.0,0.0,20.0,17.3,25.0,6.0,19.0,24.5,53.5,2.53,2.11,14.46,38.5,16.38,10.11,24.57,1.21,0.61,9.3,48.64,60.1,37.52,51.8,6.49,349.28,79.7,0.91,48.24,64.2,43.89,51.6,62.7,8.39
Czech 1,2026-27,Viktoria Plzeň,9.0,2.0,4.0,3.0,10.0,14.4,17.0,17.0,0.0,25.4,52.8,1.72,1.45,11.74,33.6,16.7,11.34,19.34,1.2,1.72,10.33,41.2,59.7,29.36,55.9,14.12,406.47,83.2,0.91,48.49,68.3,40.8,53.6,63.48,8.71
Czech 1,2026-27,Hradec Králové,9.0,4.0,2.0,3.0,14.0,11.1,8.0,9.0,-1.0,27.3,52.3,0.94,1.16,10.78,35.9,10.78,12.3,17.23,1.15,0.82,12.19,52.03,52.0,29.88,47.8,13.54,419.53,83.0,1.41,50.16,66.4,43.71,54.2,67.85,8.55
Czech 1,2026-27,Slovácko,9.0,0.0,4.0,5.0,4.0,9.1,7.0,16.0,-9.0,26.4,51.4,0.72,1.14,10.02,32.7,10.84,9.51,14.52,1.91,1.64,11.05,41.63,54.1,20.25,49.0,11.49,382.09,83.2,0.41,39.58,65.1,37.74,49.6,58.19,9.41
Czech 1,2026-27,Bohemians 1905,8.0,2.0,3.0,3.0,9.0,11.3,9.0,11.0,-2.0,27.2,49.2,1.05,1.52,11.38,29.6,16.37,9.87,16.72,1.47,1.28,11.96,43.9,54.5,31.24,52.8,10.41,338.63,78.8,0.93,46.8,61.0,45.29,50.8,61.78,9.17
Czech 1,2026-27,Mladá Boleslav,8.0,5.0,2.0,1.0,17.0,9.6,17.0,9.0,8.0,26.0,48.8,2.0,1.77,11.19,45.3,6.71,10.72,16.61,2.15,1.06,15.79,45.47,56.7,17.91,43.4,14.31,401.82,83.6,1.65,38.76,65.0,35.81,49.3,57.96,14.25
Czech 1,2026-27,Baník Ostrava,9.0,3.0,1.0,5.0,10.0,9.8,7.0,17.0,-10.0,24.1,48.2,0.71,1.49,10.8,28.0,11.5,13.92,16.14,1.93,1.72,13.12,46.01,55.5,25.22,48.4,11.54,331.45,79.9,0.5,42.88,59.3,34.61,49.0,54.79,9.38
Czech 1,2026-27,Zbrojovka Brno,9.0,5.0,1.0,3.0,16.0,11.4,12.0,12.0,0.0,25.6,47.2,1.23,1.42,9.98,41.2,13.06,8.74,16.87,1.57,1.23,12.03,42.07,51.8,34.56,50.0,12.38,322.56,77.4,0.93,39.91,60.6,39.91,49.7,59.14,9.36
Czech 1,2026-27,Slovan Liberec,9.0,6.0,2.0,1.0,20.0,15.8,13.0,4.0,9.0,25.5,46.9,1.34,1.59,13.61,33.3,14.43,9.28,24.12,1.11,0.41,8.87,53.61,56.0,37.73,51.1,10.44,307.22,76.2,0.52,40.52,57.8,39.28,49.9,52.58,11.96
Czech 1,2026-27,Teplice,9.0,5.0,1.0,3.0,13.0,11.3,17.0,15.0,2.0,25.9,45.1,1.99,1.4,12.27,32.4,14.14,8.65,16.13,1.39,1.75,12.62,42.55,47.5,33.08,46.3,15.61,342.23,80.8,0.23,40.09,69.4,32.73,50.0,58.09,8.42
Czech 1,2026-27,Artis Brno,9.0,1.0,2.0,6.0,5.0,7.6,7.0,18.0,-11.0,26.0,44.8,0.72,1.0,8.72,24.7,12.83,10.98,13.03,1.82,1.85,13.14,49.36,57.2,30.27,56.3,12.13,304.58,77.4,0.51,38.89,52.8,46.28,45.7,56.34,8.52
Czech 1,2026-27,Pardubice,9.0,2.0,2.0,5.0,8.0,13.9,9.0,14.0,-5.0,23.8,41.6,0.93,1.44,10.99,33.0,13.58,8.81,18.46,1.2,1.45,11.72,43.34,49.8,29.45,44.7,11.79,305.67,78.5,0.93,43.34,60.8,43.86,51.3,61.69,10.68
Czech 1,2026-27,Zlín,9.0,0.0,1.0,8.0,0.0,7.5,8.0,19.0,-11.0,27.0,41.0,0.82,0.92,10.06,23.5,9.65,8.72,12.83,1.7,1.95,12.93,51.52,52.2,34.17,45.9,12.67,265.9,75.2,0.51,39.71,57.6,43.2,49.6,54.6,5.44
Czech 2,2026-27,Slavia Praha II,9.0,3.0,4.0,2.0,13.0,14.0,19.0,15.0,4.0,20.5,55.0,2.01,1.89,12.25,41.4,12.25,16.8,23.24,1.63,1.58,11.73,48.91,54.6,25.88,48.6,10.03,386.2,80.4,0.95,45.74,60.0,36.97,50.0,62.85,15.53
Czech 2,2026-27,Karviná,9.0,6.0,0.0,3.0,18.0,15.5,19.0,12.0,7.0,25.0,53.0,1.99,1.88,14.06,31.3,17.31,11.64,22.03,1.23,1.26,8.81,43.85,56.0,36.71,56.3,9.94,370.8,80.0,1.05,49.3,59.8,48.36,51.6,64.62,9.97
Czech 2,2026-27,Dukla Praha,9.0,5.0,2.0,2.0,17.0,15.1,18.0,13.0,5.0,26.6,52.3,1.88,1.69,12.62,35.5,12.62,10.95,22.0,1.24,1.36,10.95,42.13,56.2,31.08,55.4,10.11,382.94,79.7,0.63,44.32,59.3,37.65,52.4,58.82,14.6
Czech 2,2026-27,Ústí nad Labem,9.0,5.0,3.0,1.0,15.0,11.2,15.0,8.0,7.0,28.3,51.8,1.77,1.5,13.08,35.1,14.96,15.2,22.74,1.49,0.94,12.72,51.13,49.3,30.63,49.2,10.14,394.87,81.3,0.94,48.89,65.1,46.3,53.7,67.97,11.31
Czech 2,2026-27,Příbram,9.0,3.0,5.0,1.0,13.0,10.1,15.0,14.0,1.0,24.9,51.7,1.76,1.59,12.09,35.9,14.32,14.32,19.13,1.77,1.53,11.97,44.71,52.5,26.28,52.2,11.81,363.17,80.6,0.23,49.99,69.2,47.87,60.0,69.82,11.15
Czech 2,2026-27,Vysočina Jihlava,9.0,5.0,1.0,3.0,16.0,14.6,14.0,9.0,5.0,24.8,51.7,1.64,1.86,14.2,28.9,13.85,12.2,28.28,1.05,0.82,8.92,53.62,50.3,34.03,50.7,8.65,372.2,78.8,1.29,49.28,67.4,40.83,56.6,69.58,14.55
Czech 2,2026-27,Vlašim,9.0,3.0,3.0,3.0,9.0,9.3,17.0,14.0,3.0,24.3,50.9,2.03,1.27,7.99,34.3,12.75,10.97,16.81,1.68,1.55,15.02,43.75,50.1,30.87,48.3,11.99,401.48,80.8,0.48,46.97,63.7,42.2,50.3,67.35,9.42
Czech 2,2026-27,Hanácká,9.0,1.0,3.0,5.0,6.0,10.2,8.0,19.0,-11.0,26.2,50.7,0.85,1.06,9.33,36.4,11.66,10.81,14.1,1.42,2.01,10.39,53.32,53.9,32.97,46.9,11.36,360.32,79.1,0.42,43.57,62.5,49.29,54.0,68.59,8.59
Czech 2,2026-27,Táborsko,9.0,3.0,4.0,2.0,13.0,12.3,13.0,12.0,1.0,27.9,50.3,1.52,1.53,11.25,33.3,17.11,10.55,19.22,1.22,0.94,10.31,46.05,50.1,26.95,53.9,10.52,371.13,80.5,0.82,44.41,59.1,42.89,56.8,66.21,10.9
Czech 2,2026-27,Kladno,9.0,2.0,4.0,3.0,9.0,11.1,13.0,14.0,-1.0,24.1,50.0,1.38,1.74,11.44,36.1,12.71,10.27,17.15,2.05,1.48,13.66,45.42,54.3,30.6,50.9,14.41,376.41,81.7,0.21,43.62,64.3,45.32,53.7,63.64,13.13
Czech 2,2026-27,Viktoria Žižkov,9.0,3.0,1.0,5.0,7.0,10.4,8.0,16.0,-8.0,26.7,49.9,0.85,1.45,11.72,39.1,12.25,9.91,19.28,2.06,1.7,11.82,46.12,51.5,32.06,46.5,10.39,358.51,79.4,0.11,42.82,58.0,39.94,51.7,60.82,9.91
Czech 2,2026-27,Opava,9.0,2.0,4.0,3.0,10.0,12.5,13.0,15.0,-2.0,25.1,49.3,1.36,1.56,9.41,40.0,20.28,7.84,18.61,1.6,1.57,11.6,46.62,54.7,28.22,46.7,10.87,363.34,79.4,0.21,49.44,66.6,39.2,55.2,65.44,8.78
Czech 2,2026-27,Baník Ostrava II,9.0,3.0,2.0,4.0,11.0,13.8,15.0,12.0,3.0,21.1,48.7,1.78,1.98,16.25,38.7,16.72,14.94,24.55,1.4,1.19,10.32,45.06,46.8,25.85,51.4,11.97,361.3,80.6,1.19,49.33,69.7,36.52,52.9,68.18,14.58
Czech 2,2026-27,Prostějov,9.0,1.0,5.0,3.0,8.0,13.3,11.0,12.0,-1.0,25.9,46.6,1.15,1.63,10.83,36.5,13.85,10.0,15.42,1.52,1.25,11.46,46.15,49.0,36.98,49.6,11.52,309.48,77.5,1.04,42.19,57.8,41.46,50.3,60.63,8.44
Czech 2,2026-27,Arsenal Česká Lípa,9.0,2.0,3.0,4.0,9.0,9.8,10.0,16.0,-6.0,26.8,46.0,1.06,1.28,10.34,31.6,14.03,9.39,17.83,1.75,1.69,13.29,49.17,54.1,38.62,45.4,10.28,305.13,76.3,0.74,41.36,60.7,45.26,54.1,64.47,9.18
Czech 2,2026-27,Třinec,9.0,1.0,4.0,4.0,7.0,9.2,10.0,17.0,-7.0,27.8,42.5,1.06,1.35,10.34,35.7,14.14,11.61,15.83,2.03,1.79,13.72,43.68,51.4,31.02,49.3,16.84,293.53,77.7,0.32,42.94,56.8,48.32,52.6,58.87,10.23
Denmark 1,2026-27,AGF,9.0,0.0,5.0,4.0,4.0,12.9,11.0,17.0,-6.0,23.5,57.1,1.13,1.66,14.45,28.4,16.5,14.35,24.5,,1.74,11.79,39.67,54.3,27.27,41.4,13.59,457.69,83.5,0.31,47.87,69.6,37.11,46.1,62.22,15.48
Denmark 1,2026-27,Nordsjælland,9.0,5.0,2.0,2.0,17.0,17.6,14.0,10.0,4.0,23.9,55.7,1.45,2.33,15.9,30.7,11.64,17.15,29.1,,1.04,11.74,47.39,52.2,21.72,50.7,14.71,552.06,86.7,1.87,54.15,73.1,43.65,50.7,70.77,15.17
Denmark 1,2026-27,Brøndby,9.0,4.0,1.0,4.0,13.0,12.5,12.0,15.0,-3.0,24.8,55.6,1.24,1.6,13.79,23.3,17.11,11.72,23.74,,1.56,10.89,52.26,58.5,25.3,57.0,10.19,464.52,84.4,1.14,58.69,71.6,32.56,49.7,67.5,17.21
Denmark 1,2026-27,Midtjylland,9.0,5.0,4.0,0.0,19.0,13.4,17.0,9.0,8.0,25.1,53.2,1.73,1.52,12.76,35.2,13.88,11.22,20.82,,0.92,11.43,44.18,55.9,32.55,51.1,11.0,370.51,80.6,0.82,48.98,65.2,44.8,50.8,65.31,10.92
Denmark 1,2026-27,OB,9.0,2.0,3.0,4.0,9.0,15.2,8.0,14.0,-6.0,25.6,53.1,0.82,1.78,13.39,29.2,17.2,10.81,20.9,,1.44,11.53,42.94,48.2,27.39,50.4,11.09,478.11,84.6,0.72,59.42,73.0,37.79,51.5,70.13,13.08
Denmark 1,2026-27,København,9.0,8.0,0.0,1.0,21.0,15.2,23.0,8.0,15.0,26.1,50.9,2.39,1.6,13.29,38.3,12.77,10.28,21.49,,0.83,10.69,47.23,59.3,24.19,56.2,14.11,451.97,84.7,1.56,43.7,64.4,45.78,56.7,62.6,13.49
Denmark 1,2026-27,Viborg,9.0,5.0,2.0,2.0,14.0,14.9,15.0,8.0,7.0,23.9,49.7,1.57,1.67,11.84,32.7,11.53,10.27,23.47,,0.84,12.36,52.6,54.2,19.28,50.0,13.58,423.6,84.1,0.94,44.63,71.8,35.52,51.6,63.6,12.78
Denmark 1,2026-27,Lyngby,9.0,1.0,4.0,4.0,7.0,14.3,10.0,16.0,-6.0,23.4,47.7,1.03,1.92,12.77,26.6,15.34,6.49,23.27,,1.65,11.12,50.77,54.2,29.14,53.7,11.64,416.74,79.8,0.41,56.84,66.8,37.59,47.7,69.3,9.06
Denmark 1,2026-27,Silkeborg,9.0,2.0,4.0,3.0,10.0,10.2,12.0,12.0,0.0,23.4,47.0,1.24,1.16,10.25,39.4,9.22,11.7,16.47,,1.24,11.5,46.19,58.3,20.09,44.8,18.96,450.72,84.7,0.83,39.77,62.0,37.8,46.0,58.83,12.84
Denmark 1,2026-27,Horsens,9.0,3.0,2.0,4.0,10.0,7.8,15.0,16.0,-1.0,24.9,46.1,1.54,1.27,9.86,41.7,10.17,6.58,13.77,,1.64,13.46,52.09,53.1,27.84,48.7,13.4,398.12,82.1,0.82,44.38,60.9,41.51,46.8,64.32,8.73
Denmark 1,2026-27,Randers,9.0,3.0,1.0,5.0,10.0,8.4,11.0,14.0,-3.0,26.2,44.1,1.14,1.0,9.02,33.3,13.48,8.19,14.83,,1.45,14.41,51.74,55.7,26.96,49.2,17.74,401.27,80.8,0.73,47.18,66.8,39.92,48.8,62.94,10.68
Denmark 1,2026-27,Sønderjyske,9.0,1.0,2.0,6.0,2.0,8.4,12.0,21.0,-9.0,25.1,40.0,1.23,1.14,9.54,35.5,10.36,8.31,16.21,,2.16,15.91,49.05,55.4,27.81,46.9,16.43,326.34,76.9,0.92,45.67,55.7,50.39,48.9,63.93,8.42
Denmark 2,2026-27,Aarhus Fremad,9.0,3.0,4.0,2.0,13.0,10.5,10.0,9.0,1.0,24.2,56.2,1.04,1.31,10.3,27.3,10.72,18.62,15.4,1.79,0.94,12.9,42.45,59.3,23.62,46.7,15.9,473.51,84.6,0.83,47.03,66.8,43.18,42.2,63.88,14.36
Denmark 2,2026-27,Fredericia,9.0,3.0,5.0,1.0,13.0,19.1,12.0,6.0,6.0,24.2,55.8,1.25,2.52,20.28,36.1,18.5,15.57,33.34,1.19,0.63,10.24,47.87,58.7,26.55,46.5,10.9,508.43,84.6,0.84,61.15,76.4,45.16,57.4,76.62,14.32
Denmark 2,2026-27,Vejle,9.0,5.0,4.0,0.0,18.0,17.5,22.0,13.0,9.0,26.3,54.9,2.29,2.44,16.56,34.0,19.17,9.27,27.19,1.57,1.35,12.08,37.19,57.1,30.21,50.7,14.8,507.6,83.7,1.35,63.44,72.9,48.44,56.3,80.94,13.23
Denmark 2,2026-27,HB Køge,8.0,0.0,4.0,4.0,4.0,8.6,6.0,15.0,-9.0,25.3,54.5,0.71,1.2,12.52,24.5,15.24,8.74,22.09,1.69,1.77,14.17,48.31,54.0,26.34,52.0,12.36,471.02,83.1,0.71,60.24,62.5,53.5,50.3,69.92,13.7
Denmark 2,2026-27,AaB,9.0,3.0,4.0,2.0,12.0,12.0,11.0,11.0,0.0,24.0,53.1,1.14,1.52,12.8,33.3,13.84,13.21,18.52,1.71,1.14,12.28,44.32,55.2,26.95,45.2,13.34,472.06,84.8,0.42,45.26,67.1,47.13,49.2,65.86,14.57
Denmark 2,2026-27,Esbjerg,9.0,1.0,2.0,6.0,5.0,7.9,10.0,19.0,-9.0,23.7,49.5,1.05,1.32,11.29,36.1,16.2,10.45,17.56,2.18,1.99,15.68,45.68,60.6,29.58,46.3,15.5,425.44,80.8,1.15,58.01,60.5,50.28,46.6,67.0,10.03
Denmark 2,2026-27,Hobro,8.0,4.0,1.0,3.0,13.0,10.4,10.0,11.0,-1.0,25.7,48.0,1.17,1.36,9.48,35.8,11.94,9.01,19.08,1.52,1.29,11.94,50.21,52.9,41.9,48.9,12.75,394.76,80.5,1.05,43.77,58.3,45.41,49.2,65.07,11.82
Denmark 2,2026-27,Hillerød,9.0,2.0,3.0,4.0,9.0,11.9,13.0,14.0,-1.0,24.8,47.3,1.35,1.66,11.64,35.7,9.25,8.52,14.34,1.84,1.45,16.11,45.83,54.6,34.5,50.0,14.87,419.76,81.1,0.31,50.2,60.7,52.17,47.6,68.9,7.79
Denmark 2,2026-27,AB,9.0,2.0,3.0,4.0,9.0,11.8,11.0,10.0,1.0,24.1,46.7,1.14,1.53,11.64,35.7,12.47,12.37,21.62,1.66,1.04,13.09,47.91,50.8,36.37,52.0,10.89,372.78,77.0,1.04,53.42,61.5,50.72,46.1,72.12,12.68
Denmark 2,2026-27,Hvidovre,9.0,6.0,3.0,0.0,21.0,14.3,18.0,9.0,9.0,27.5,46.2,1.89,2.23,15.84,33.8,14.58,12.48,22.45,1.77,0.94,13.43,45.63,59.1,32.62,50.5,15.07,397.55,79.8,0.73,44.37,66.9,45.73,45.6,70.8,14.69
Denmark 2,2026-27,Vendsyssel,9.0,2.0,4.0,3.0,9.0,11.7,10.0,14.0,-4.0,23.7,43.7,1.04,1.48,11.94,32.2,17.23,11.21,19.1,1.8,1.45,14.33,58.03,56.0,35.61,56.0,11.43,387.09,78.2,0.62,50.45,60.7,49.93,50.3,70.59,10.17
Denmark 2,2026-27,Kolding IF,9.0,1.0,5.0,3.0,8.0,12.7,10.0,12.0,-2.0,23.7,43.3,1.04,1.52,13.44,39.5,12.29,10.42,21.04,1.45,1.25,11.88,54.17,56.0,39.38,52.1,13.22,393.33,79.7,0.73,45.42,62.6,43.13,47.1,65.52,10.52
Ecuador 1,2026-27,Universidad Católica,31.0,14.0,9.0,8.0,51.0,52.4,52.0,29.0,23.0,28.6,58.9,1.54,1.45,12.53,34.4,12.53,13.63,15.86,0.89,0.8,9.74,44.02,57.0,17.82,49.5,10.03,420.62,85.6,3.06,57.33,73.6,38.52,55.4,66.09,12.74
Ecuador 1,2026-27,Independiente del Valle,30.0,24.0,2.0,4.0,74.0,60.1,73.0,33.0,40.0,26.4,56.3,2.17,1.8,14.99,38.0,17.87,13.59,20.42,0.86,0.98,9.08,40.67,62.2,20.66,53.2,14.06,390.57,84.6,1.9,50.58,74.7,40.01,57.6,61.65,13.27
Ecuador 1,2026-27,Guayaquil City,31.0,10.0,10.0,11.0,40.0,29.2,34.0,37.0,-3.0,28.7,56.0,0.99,0.85,7.26,41.2,6.97,8.42,9.58,1.47,1.05,14.14,40.27,57.2,22.27,44.2,11.98,412.17,86.4,3.19,45.64,67.9,40.62,54.3,54.9,8.77
Ecuador 1,2026-27,Barcelona,30.0,11.0,11.0,8.0,44.0,43.4,32.0,25.0,7.0,29.9,54.4,0.94,1.22,11.79,29.9,16.57,10.44,14.99,1.11,0.73,10.5,46.29,60.4,27.9,45.5,10.54,364.96,82.6,1.5,50.9,73.4,38.46,54.6,62.4,11.44
Ecuador 1,2026-27,LDU Quito,31.0,14.0,7.0,10.0,46.0,43.8,33.0,25.0,8.0,28.2,53.4,0.96,1.17,11.92,27.9,17.44,11.4,18.29,0.97,0.7,9.94,45.09,56.8,25.33,53.9,9.44,352.46,81.5,2.25,50.32,70.0,35.97,54.3,59.67,12.56
Ecuador 1,2026-27,Orense,30.0,9.0,6.0,15.0,33.0,39.5,36.0,47.0,-11.0,28.1,52.0,1.05,1.17,10.47,33.5,11.47,12.78,14.42,1.19,1.37,10.18,47.24,56.8,24.07,45.4,12.19,359.68,83.6,1.43,46.89,72.4,37.32,55.2,57.65,11.09
Ecuador 1,2026-27,Aucas,31.0,14.0,8.0,9.0,50.0,48.4,34.0,30.0,4.0,25.0,51.6,1.0,1.09,10.43,37.9,11.54,14.64,14.47,0.82,0.82,8.08,49.44,58.6,24.04,49.2,12.43,386.12,84.6,2.08,47.21,74.4,34.41,54.6,59.66,13.36
Ecuador 1,2026-27,Deportivo Cuenca,31.0,10.0,7.0,14.0,36.0,40.5,26.0,38.0,-12.0,28.2,48.8,0.77,1.13,11.37,29.5,14.7,10.9,11.7,1.12,1.1,11.97,49.56,56.5,25.89,47.1,16.72,358.04,83.5,1.66,46.2,69.3,41.13,53.7,57.66,9.86
Ecuador 1,2026-27,Mushuc Runa,31.0,9.0,12.0,10.0,38.0,42.5,36.0,39.0,-3.0,27.4,48.6,1.06,1.09,10.92,31.7,13.85,14.38,12.38,1.04,1.12,9.24,41.73,59.3,23.77,48.6,13.56,302.57,80.6,1.7,41.93,65.1,40.76,53.3,55.84,12.44
Ecuador 1,2026-27,Emelec,31.0,10.0,9.0,12.0,39.0,42.9,26.0,36.0,-10.0,26.7,47.9,0.77,1.16,9.72,32.2,10.73,11.02,12.89,1.1,1.0,11.08,43.24,61.2,26.1,49.6,12.54,306.89,80.7,1.86,40.46,66.1,37.54,52.0,54.8,11.05
Ecuador 1,2026-27,Macará,31.0,16.0,6.0,9.0,54.0,39.8,43.0,34.0,9.0,27.7,47.8,1.28,1.12,11.5,38.2,14.63,11.38,12.39,1.2,0.99,9.41,52.55,60.9,24.07,47.4,12.72,323.75,78.9,1.82,47.3,68.9,38.1,50.5,60.02,11.2
Ecuador 1,2026-27,Leones del Norte,31.0,10.0,10.0,11.0,40.0,37.4,32.0,33.0,-1.0,27.4,47.1,0.93,1.04,10.45,34.2,11.44,11.52,12.45,1.29,0.93,11.06,49.75,58.2,25.22,47.9,11.27,298.47,79.6,1.89,43.13,66.6,40.2,54.9,58.71,10.25
Ecuador 1,2026-27,Manta,30.0,5.0,6.0,19.0,21.0,35.3,17.0,42.0,-25.0,28.2,46.9,0.5,0.91,8.45,29.8,13.14,10.56,11.01,1.16,1.25,10.95,48.86,60.0,30.29,43.9,13.14,299.28,77.9,1.45,42.66,62.5,38.95,48.9,56.95,8.42
Ecuador 1,2026-27,Libertad,31.0,12.0,8.0,11.0,44.0,31.7,35.0,35.0,0.0,28.9,44.4,1.04,0.94,9.9,36.4,10.56,10.11,10.41,1.48,1.01,14.65,46.03,53.3,24.43,49.1,16.96,303.65,79.7,2.3,42.96,64.9,43.64,51.6,57.69,8.92
Ecuador 1,2026-27,Técnico Universitario,31.0,10.0,3.0,18.0,32.0,31.8,29.0,43.0,-14.0,26.5,42.5,0.86,0.89,10.37,32.9,12.27,11.91,11.26,1.29,1.24,10.4,47.42,57.3,22.4,43.9,12.23,273.23,79.1,1.75,38.7,67.8,33.34,50.9,53.19,11.17
Ecuador 1,2026-27,Delfin,31.0,7.0,8.0,16.0,28.0,41.3,20.0,32.0,-12.0,26.0,41.6,0.59,0.97,8.67,33.6,12.23,11.67,11.96,0.99,0.91,10.26,50.2,59.4,31.95,46.5,13.5,254.22,75.7,1.82,36.09,59.9,41.65,53.8,54.08,8.32
Egypt 1,2026-27,National Bank of Egypt,5.0,2.0,0.0,3.0,6.0,8.1,4.0,7.0,-3.0,26.7,62.8,0.91,2.03,17.82,26.9,20.56,13.71,26.95,0.78,1.14,7.99,39.52,63.0,29.7,46.9,10.68,504.37,84.7,1.83,58.02,74.8,40.2,58.0,70.81,14.39
Egypt 1,2026-27,Pyramids,5.0,5.0,0.0,0.0,15.0,10.3,9.0,1.0,8.0,29.5,60.9,1.64,1.72,11.27,35.5,15.27,19.09,23.09,0.61,0.18,6.0,42.73,56.6,22.0,60.3,9.09,453.82,84.9,1.27,54.18,70.8,43.64,56.3,66.55,12.55
Egypt 1,2026-27,Al Ahly,5.0,4.0,1.0,0.0,13.0,10.1,9.0,3.0,6.0,27.9,59.7,1.62,1.64,14.22,36.7,16.74,12.06,19.98,0.82,0.54,4.68,39.96,56.8,28.44,60.8,10.77,441.18,83.6,1.44,52.92,73.1,44.28,56.1,71.28,10.98
Egypt 1,2026-27,Wadi Degla,5.0,1.0,2.0,2.0,5.0,7.9,4.0,5.0,-1.0,28.1,59.2,0.71,1.56,8.93,34.0,15.89,10.71,22.14,1.08,0.89,8.21,35.0,46.9,29.11,49.1,7.05,347.14,78.4,1.79,46.61,62.8,35.18,43.7,51.61,10.36
Egypt 1,2026-27,Ceramica,5.0,4.0,0.0,1.0,12.0,7.7,10.0,3.0,7.0,28.1,57.4,2.23,1.85,10.25,52.2,11.14,9.58,16.93,0.93,0.67,9.13,40.1,55.0,31.63,50.7,10.87,466.93,85.7,1.34,48.56,70.2,30.3,49.3,50.79,9.36
Egypt 1,2026-27,ZED FC,5.0,2.0,1.0,2.0,7.0,6.4,4.0,5.0,-1.0,27.1,53.3,0.72,1.35,9.7,35.2,11.32,12.57,18.14,1.53,0.9,10.96,49.76,50.2,25.15,45.0,9.72,345.27,81.5,1.08,43.29,66.4,44.73,55.4,60.72,7.9
Egypt 1,2026-27,Al Masry,5.0,2.0,0.0,3.0,6.0,6.7,5.0,7.0,-2.0,28.5,52.8,1.12,1.21,10.94,26.5,14.52,9.16,18.31,0.71,1.12,9.16,46.67,54.1,27.92,44.0,8.71,334.99,79.2,0.45,46.23,73.9,41.32,56.8,59.63,8.93
Egypt 1,2026-27,Zamalek,5.0,4.0,1.0,0.0,13.0,5.8,8.0,1.0,7.0,28.5,52.4,1.45,1.09,9.6,35.8,11.23,7.79,18.29,1.51,0.18,13.76,38.75,54.7,23.36,58.9,9.79,365.61,82.8,1.09,42.92,68.8,37.12,54.1,59.58,11.05
Egypt 1,2026-27,El Gounah,5.0,0.0,2.0,3.0,2.0,5.7,3.0,6.0,-3.0,27.2,52.4,0.53,0.95,11.21,30.2,12.09,8.36,16.72,1.47,1.07,10.85,40.02,51.1,35.22,49.5,10.28,336.52,79.9,0.18,49.09,64.5,42.33,50.4,61.9,6.23
Egypt 1,2026-27,Petrojet,5.0,2.0,1.0,2.0,7.0,9.2,8.0,8.0,0.0,27.2,49.6,1.45,1.82,15.64,26.7,18.55,10.91,21.27,1.16,1.45,10.55,41.64,59.0,37.45,44.7,9.22,310.73,73.7,0.55,55.45,67.2,51.09,52.0,66.0,9.82
Egypt 1,2026-27,El Geish,5.0,2.0,1.0,2.0,7.0,5.2,5.0,5.0,0.0,29.6,48.9,1.11,1.07,9.51,34.9,11.28,12.83,13.93,1.25,0.88,10.39,43.34,58.7,40.91,51.4,11.3,338.55,77.7,0.44,41.35,52.9,47.54,46.0,61.7,10.61
Egypt 1,2026-27,Al Ittihad,5.0,3.0,1.0,1.0,10.0,5.9,6.0,3.0,3.0,26.1,47.9,1.35,1.12,9.92,34.1,11.95,11.28,15.11,1.0,0.68,9.25,49.17,56.0,38.8,51.2,12.42,332.26,80.4,0.23,42.63,60.3,49.17,56.0,60.45,10.38
Egypt 1,2026-27,Ghazl El Mehalla,5.0,0.0,1.0,4.0,1.0,5.5,1.0,9.0,-8.0,27.0,47.9,0.18,0.91,8.47,19.6,14.36,11.6,13.25,1.31,1.66,10.67,45.83,53.0,21.9,57.1,14.21,352.27,80.5,0.74,48.96,67.7,47.48,60.1,66.44,8.83
Egypt 1,2026-27,Smouha,5.0,1.0,1.0,3.0,4.0,4.9,1.0,4.0,-3.0,28.4,47.7,0.23,0.64,6.75,30.0,12.38,8.55,11.03,0.78,0.9,8.33,38.03,53.8,31.73,53.2,13.11,294.75,76.9,0.45,41.18,57.9,45.0,53.5,58.5,6.75
Egypt 1,2026-27,ENPPI,5.0,1.0,1.0,3.0,4.0,4.1,6.0,9.0,-3.0,24.9,44.4,1.08,1.28,9.36,30.8,6.84,8.1,10.26,2.13,1.62,12.78,42.3,57.9,29.52,39.6,12.32,287.64,77.2,0.54,35.82,52.8,36.9,44.9,49.5,8.64
Egypt 1,2026-27,Asyut Petrol,5.0,0.0,2.0,3.0,2.0,3.4,1.0,5.0,-4.0,27.2,42.9,0.23,0.63,5.94,50.0,12.11,9.82,7.77,1.3,0.69,11.88,56.65,51.6,39.52,51.4,10.6,299.47,74.6,0.69,42.26,59.5,48.2,51.7,67.39,5.03
Egypt 1,2026-27,Modern Sport,5.0,3.0,1.0,1.0,10.0,5.8,7.0,4.0,3.0,26.4,42.3,1.57,1.38,11.67,25.0,12.57,13.02,14.14,1.3,0.9,9.88,31.2,48.9,27.83,39.5,13.77,281.45,77.9,1.35,35.91,60.6,48.25,53.5,55.44,8.53
Egypt 1,2026-27,Al Mokawloon,5.0,2.0,1.0,2.0,7.0,5.6,6.0,5.0,1.0,29.3,41.4,1.06,0.97,6.88,48.7,12.0,8.12,9.53,1.24,0.88,10.41,49.41,47.5,32.47,51.1,11.21,246.18,70.5,0.53,44.29,51.8,49.41,45.0,53.29,4.76
Egypt 1,2026-27,Olympic El Qanah,5.0,1.0,3.0,1.0,6.0,4.9,5.0,5.0,0.0,26.3,39.4,0.88,1.01,7.19,31.7,10.18,7.19,11.05,1.81,0.88,11.23,46.84,52.4,35.26,54.2,12.49,242.11,73.7,0.18,37.19,60.4,34.91,50.8,51.05,5.61
Egypt 1,2026-27,Abu Qair Semad,5.0,1.0,0.0,4.0,3.0,3.8,1.0,8.0,-7.0,28.9,36.5,0.18,0.65,6.53,33.3,8.17,5.63,9.44,1.76,1.45,14.15,50.81,54.6,29.58,43.6,13.62,270.36,76.2,0.91,27.22,57.3,37.74,54.3,50.81,5.81
England 1,2026-27,Manchester City,5.0,5.0,0.0,0.0,12.0,10.2,13.0,5.0,8.0,26.0,63.2,2.4,2.21,12.01,38.5,13.31,17.19,22.92,1.23,0.92,10.16,39.18,49.1,24.76,53.7,10.5,568.83,89.4,2.59,50.27,76.5,33.82,49.2,58.4,15.34
England 1,2026-27,Brighton,5.0,3.0,1.0,1.0,10.0,8.3,16.0,5.0,11.0,25.1,62.9,2.94,2.34,17.3,34.0,15.83,11.23,23.56,1.92,0.92,9.57,45.64,49.2,41.78,51.5,6.81,496.93,86.4,2.21,55.4,74.1,38.28,58.7,63.87,9.2
England 1,2026-27,Tottenham Hotspur,5.0,0.0,2.0,3.0,2.0,5.1,2.0,8.0,-6.0,25.4,59.5,0.37,1.12,12.17,30.3,16.97,20.66,21.39,2.01,1.48,12.91,48.87,49.8,24.71,38.8,8.99,495.55,86.7,1.66,54.22,80.3,32.27,56.0,62.15,16.23
England 1,2026-27,Arsenal,5.0,4.0,0.0,1.0,12.0,9.3,8.0,4.0,4.0,26.4,58.6,1.45,1.74,11.45,38.1,10.0,11.82,24.36,1.07,0.73,9.45,36.55,45.8,30.0,54.5,11.83,452.55,86.9,1.45,44.91,76.9,30.0,56.4,58.55,12.36
England 1,2026-27,Manchester United,5.0,1.0,2.0,2.0,4.0,8.8,8.0,8.0,0.0,27.3,58.0,1.47,2.24,20.02,25.7,22.04,14.69,27.92,1.23,1.47,9.0,43.9,54.0,25.53,53.2,13.35,521.08,87.3,2.02,60.24,80.8,36.18,58.9,66.12,18.55
England 1,2026-27,Liverpool,5.0,2.0,3.0,0.0,9.0,10.0,7.0,4.0,3.0,26.1,57.8,1.29,2.02,13.86,33.3,15.34,19.96,15.89,1.06,0.74,10.35,48.6,51.3,25.5,55.1,8.23,475.87,84.7,1.29,64.31,76.7,33.63,52.7,67.45,16.26
England 1,2026-27,Fulham,5.0,0.0,2.0,3.0,1.0,6.4,5.0,8.0,-3.0,26.2,54.4,0.94,1.86,12.99,31.9,12.43,17.7,25.23,1.91,1.51,14.69,47.45,46.8,27.87,41.9,12.98,500.08,86.8,1.88,48.58,74.8,36.15,62.0,60.44,13.93
England 1,2026-27,Newcastle United,5.0,2.0,2.0,1.0,8.0,3.9,9.0,9.0,0.0,24.8,50.8,1.65,1.02,8.41,39.1,9.15,17.2,13.9,2.05,1.65,17.38,52.13,46.3,32.56,51.1,10.37,362.56,84.4,4.02,34.39,68.6,38.23,46.9,50.49,11.89
England 1,2026-27,Sunderland,5.0,1.0,1.0,3.0,4.0,7.7,6.0,10.0,-4.0,26.7,49.4,1.09,1.84,10.71,32.2,12.34,9.44,19.05,1.6,1.81,10.16,42.28,52.8,33.57,49.7,10.32,359.46,83.5,1.09,40.83,68.9,37.74,59.1,54.25,10.16
England 1,2026-27,Aston Villa,5.0,1.0,1.0,3.0,4.0,5.1,4.0,9.0,-5.0,27.1,47.6,0.72,1.07,8.43,29.8,7.89,12.55,12.37,1.72,1.61,13.27,45.72,54.9,22.05,42.3,16.79,350.86,85.0,0.54,39.8,70.7,26.89,50.0,50.74,9.68
England 1,2026-27,Chelsea,5.0,2.0,1.0,2.0,7.0,5.9,10.0,12.0,-2.0,24.9,47.5,1.83,1.66,12.83,37.1,15.03,15.95,23.83,1.91,2.2,12.83,40.51,61.1,32.44,50.3,15.38,375.03,84.2,1.47,44.73,76.6,32.81,53.6,56.09,13.01
England 1,2026-27,Bournemouth,5.0,0.0,3.0,2.0,3.0,7.7,6.0,8.0,-2.0,25.7,46.9,1.1,1.53,12.15,39.4,12.7,10.86,17.12,1.31,1.47,9.2,53.74,56.2,34.23,48.4,12.64,367.18,80.7,0.37,43.8,66.4,38.83,52.1,60.37,12.88
England 1,2026-27,Nottingham Forest,5.0,1.0,2.0,2.0,5.0,7.8,4.0,5.0,-1.0,26.5,46.6,0.73,1.45,13.38,21.9,14.3,11.91,18.88,1.2,0.92,9.16,51.32,55.0,34.64,51.9,12.8,340.94,81.6,0.73,36.48,72.4,40.88,59.6,62.51,10.63
England 1,2026-27,Leeds United,5.0,2.0,3.0,0.0,8.0,7.7,7.0,3.0,4.0,26.5,46.0,1.32,1.5,11.32,30.0,10.19,12.83,17.36,1.24,0.57,12.45,45.09,56.9,38.11,47.5,12.31,334.91,79.7,0.75,38.87,59.2,34.91,53.5,50.94,8.11
England 1,2026-27,Ipswich Town,5.0,2.0,0.0,3.0,6.0,5.1,7.0,11.0,-4.0,25.8,45.7,1.28,1.16,9.47,48.1,9.29,14.21,14.76,2.06,2.0,14.94,45.0,48.6,24.78,50.0,14.55,372.75,83.5,0.55,41.72,69.4,35.16,55.4,61.21,12.02
England 1,2026-27,Brentford,5.0,2.0,3.0,0.0,9.0,8.3,10.0,4.0,6.0,25.1,45.3,1.82,2.0,13.09,31.9,15.45,9.64,24.18,1.33,0.73,11.82,46.91,52.3,36.36,53.0,10.89,341.64,78.5,0.73,42.0,68.0,36.91,56.7,65.09,8.0
England 1,2026-27,Everton,5.0,2.0,3.0,0.0,9.0,7.7,6.0,3.0,3.0,25.0,44.1,1.1,1.55,13.9,30.3,12.8,12.99,18.48,1.37,0.55,12.62,47.56,59.2,29.82,52.1,14.74,375.73,82.1,0.73,41.52,60.4,36.04,40.6,56.89,14.82
England 1,2026-27,Crystal Palace,5.0,1.0,1.0,3.0,3.0,4.4,6.0,11.0,-5.0,25.0,41.9,1.1,1.26,9.35,37.3,9.53,9.53,12.83,2.26,2.02,13.93,54.26,57.8,27.86,45.4,17.91,371.18,82.0,1.65,39.04,68.1,28.41,52.9,56.46,9.16
England 1,2026-27,Coventry City,5.0,1.0,0.0,4.0,3.0,4.2,1.0,10.0,-9.0,26.1,39.8,0.19,0.99,8.15,36.4,11.67,10.74,12.78,1.9,1.85,15.19,42.04,42.3,37.22,52.7,20.17,311.67,80.5,0.56,39.63,60.3,40.74,53.2,52.59,9.07
England 1,2026-27,Hull City,5.0,2.0,2.0,1.0,8.0,6.2,6.0,4.0,2.0,26.9,33.6,1.1,1.25,10.29,33.9,15.06,10.1,11.94,1.42,0.73,12.12,51.06,53.2,31.78,52.0,18.3,257.51,75.7,1.1,37.29,54.2,35.82,40.5,43.16,7.16
England 2,2026-27,Cardiff City,8.0,1.0,4.0,3.0,7.0,15.2,10.0,12.0,-2.0,25.4,66.1,1.15,2.41,16.23,38.3,21.75,18.53,27.85,1.55,1.38,10.7,35.79,53.4,31.3,51.1,9.54,497.19,84.7,0.92,56.51,72.1,40.74,54.5,72.39,17.38
England 2,2026-27,Southampton,8.0,4.0,2.0,2.0,14.0,13.8,19.0,10.0,9.0,27.1,59.2,2.19,2.09,14.19,32.5,12.58,11.31,21.0,1.55,1.15,12.35,37.5,55.7,29.54,47.7,16.66,481.5,86.7,1.27,49.85,70.1,33.46,44.8,62.19,12.35
England 2,2026-27,Middlesbrough,8.0,4.0,3.0,1.0,15.0,16.4,16.0,12.0,4.0,25.3,58.3,1.86,2.43,15.91,29.9,18.58,15.45,26.83,1.33,1.39,10.22,50.4,51.6,30.66,55.7,9.98,510.74,86.5,1.16,57.25,77.9,35.42,54.8,70.72,13.7
England 2,2026-27,Swansea City,8.0,5.0,2.0,1.0,17.0,10.6,13.0,6.0,7.0,25.7,58.0,1.51,1.44,10.54,42.9,12.39,10.19,15.75,1.38,0.69,9.61,44.83,58.9,30.0,49.4,11.74,504.9,83.4,1.85,55.48,65.1,44.71,44.3,71.7,10.77
England 2,2026-27,West Ham United,8.0,4.0,3.0,1.0,15.0,14.5,22.0,11.0,11.0,25.5,56.7,2.56,2.31,14.19,38.5,13.84,15.35,23.84,1.56,1.28,11.05,43.26,52.7,27.56,46.4,13.1,458.37,85.6,1.51,49.53,75.4,37.21,48.1,65.0,15.0
England 2,2026-27,Portsmouth,7.0,2.0,2.0,3.0,8.0,10.4,9.0,10.0,-1.0,25.0,54.6,1.17,1.45,13.4,34.0,15.61,13.14,18.6,1.31,1.3,9.88,42.92,51.8,45.78,51.7,9.76,350.64,80.3,0.91,44.22,70.9,36.16,49.3,57.36,12.49
England 2,2026-27,Wolverhampton Wanderers,7.0,4.0,2.0,1.0,11.0,14.0,15.0,10.0,5.0,26.1,54.4,1.95,2.02,13.27,32.4,14.05,15.61,20.81,1.06,1.3,8.71,49.81,57.7,38.89,55.2,10.4,395.38,84.9,1.95,39.8,69.9,34.47,54.3,53.45,15.22
England 2,2026-27,Norwich City,8.0,3.0,0.0,5.0,9.0,12.4,16.0,17.0,-1.0,24.9,53.3,1.85,1.84,13.32,37.4,13.44,10.77,20.39,1.67,1.97,11.0,45.75,59.0,28.96,54.0,12.03,404.94,79.7,0.69,47.14,62.9,41.58,49.3,66.14,14.48
England 2,2026-27,West Bromwich Albion,8.0,4.0,2.0,2.0,14.0,10.1,10.0,8.0,2.0,24.9,52.4,1.15,1.36,8.64,40.0,10.83,10.95,16.13,1.68,0.92,10.37,54.85,57.4,24.78,50.2,14.77,473.51,85.9,1.04,43.21,67.5,34.34,52.0,53.01,11.87
England 2,2026-27,Blackburn Rovers,8.0,2.0,3.0,3.0,9.0,7.5,12.0,12.0,0.0,26.8,51.4,1.4,0.97,9.43,38.3,12.46,12.11,15.72,1.6,1.4,13.97,47.74,55.1,36.09,43.5,12.8,415.19,83.5,0.93,46.34,65.3,39.35,45.9,59.96,11.53
England 2,2026-27,Queens Park Rangers,8.0,3.0,4.0,1.0,13.0,14.3,10.0,7.0,3.0,24.7,50.9,1.15,1.85,14.87,33.3,15.9,18.44,27.43,1.18,0.81,9.68,44.6,56.8,28.58,46.8,16.57,428.34,84.9,0.35,50.47,69.2,37.91,53.8,67.41,13.02
England 2,2026-27,Bolton Wanderers,8.0,3.0,1.0,4.0,7.0,8.1,11.0,15.0,-4.0,26.5,50.4,1.28,1.28,10.39,43.8,13.42,14.47,16.69,1.95,1.75,10.97,45.53,58.5,40.39,49.4,14.79,382.88,81.6,0.58,44.47,64.0,46.81,48.9,61.52,13.42
England 2,2026-27,Burnley,8.0,0.0,4.0,4.0,4.0,8.7,9.0,17.0,-8.0,26.0,50.1,1.04,1.33,11.51,28.0,11.39,14.85,16.11,1.71,1.96,12.43,46.96,54.7,27.05,43.0,16.93,428.59,84.0,1.61,45.69,67.8,37.75,48.8,60.77,13.47
England 2,2026-27,Derby County,8.0,1.0,2.0,5.0,5.0,7.6,7.0,14.0,-7.0,27.4,48.7,0.79,1.03,10.43,27.2,18.02,14.06,19.61,1.79,1.59,12.81,50.78,51.3,41.37,48.8,9.85,373.49,80.3,1.25,49.31,64.4,44.89,51.5,59.4,9.41
England 2,2026-27,Birmingham City,8.0,2.0,5.0,1.0,11.0,11.2,12.0,11.0,1.0,25.9,48.5,1.37,1.5,11.34,33.3,16.83,9.62,18.78,1.53,1.26,10.31,47.63,57.5,56.11,45.5,9.63,313.28,76.4,0.34,46.03,60.7,43.4,51.2,55.19,9.16
England 2,2026-27,Stoke City,8.0,4.0,1.0,3.0,13.0,9.1,13.0,12.0,1.0,25.4,47.9,1.5,1.14,9.94,39.5,13.98,12.02,11.9,1.65,1.39,12.71,48.52,52.6,32.7,45.2,11.68,349.37,80.8,1.27,40.55,59.8,39.51,45.6,54.07,8.9
England 2,2026-27,Watford,8.0,2.0,2.0,4.0,8.0,8.2,7.0,10.0,-3.0,23.5,46.2,0.8,1.21,10.2,33.7,10.43,15.13,14.9,1.69,1.15,13.41,48.96,57.1,24.99,45.9,14.71,369.06,81.8,0.92,36.23,62.0,42.19,47.6,55.03,11.69
England 2,2026-27,Wrexham,8.0,2.0,4.0,2.0,10.0,12.6,9.0,12.0,-3.0,28.6,45.6,1.02,1.37,9.22,37.0,14.22,10.13,16.38,1.18,1.37,10.24,41.3,51.8,34.36,56.0,16.12,411.31,82.7,0.8,42.9,61.3,41.64,54.4,59.05,8.99
England 2,2026-27,Millwall,8.0,3.0,2.0,3.0,11.0,12.7,15.0,15.0,0.0,25.2,44.8,1.74,2.11,12.76,32.7,14.73,10.32,22.38,1.6,1.74,12.06,53.23,51.4,40.82,58.8,11.32,311.06,78.8,0.93,44.65,63.4,43.38,54.8,61.35,9.39
England 2,2026-27,Preston North End,8.0,1.0,1.0,6.0,4.0,10.8,8.0,15.0,-7.0,26.4,43.5,0.93,1.34,11.21,25.0,13.66,9.22,14.59,1.42,1.75,13.54,50.19,49.3,31.87,53.8,13.74,326.61,76.4,1.05,47.98,53.8,42.26,41.7,56.26,10.86
England 2,2026-27,Bristol City,8.0,4.0,1.0,3.0,13.0,11.9,11.0,12.0,-1.0,25.0,42.4,1.27,1.35,11.87,35.0,10.83,11.06,17.63,1.44,1.38,11.06,50.01,60.6,44.94,50.3,13.16,332.92,79.9,1.5,45.06,59.3,38.72,45.2,53.35,7.14
England 2,2026-27,Sheffield United,8.0,2.0,3.0,3.0,9.0,6.6,9.0,11.0,-2.0,25.2,39.1,1.05,0.9,7.22,40.3,9.2,7.57,12.11,1.74,1.28,13.16,45.64,55.9,43.54,48.7,15.08,297.13,76.1,1.05,46.22,50.4,43.89,46.4,54.49,5.47
England 2,2026-27,Charlton Athletic,8.0,3.0,3.0,2.0,12.0,6.5,7.0,10.0,-3.0,26.0,38.0,0.81,0.77,8.3,30.6,9.68,12.33,13.94,1.79,1.15,14.64,47.48,48.5,38.14,53.5,18.26,287.17,78.3,0.92,30.08,54.0,37.45,46.2,50.7,9.45
England 2,2026-27,Lincoln City,8.0,3.0,2.0,3.0,11.0,11.6,7.0,8.0,-1.0,26.3,37.7,0.81,1.35,10.35,28.1,11.86,8.6,16.86,1.34,0.93,12.91,54.77,54.8,44.3,48.6,11.83,266.86,73.0,0.81,45.7,51.9,49.42,46.8,53.37,6.86
England 3,2026-27,Leicester City,7.0,2.0,3.0,2.0,9.0,9.9,9.0,11.0,-2.0,24.9,66.1,1.18,1.57,14.04,31.8,13.12,17.58,19.94,1.69,1.44,11.28,43.03,55.2,26.11,43.7,11.45,572.67,87.4,1.57,54.05,70.9,33.72,48.2,69.4,18.37
England 3,2026-27,Peterborough United,7.0,1.0,2.0,4.0,5.0,8.9,4.0,12.0,-8.0,22.8,59.5,0.53,1.42,12.04,20.9,16.68,12.44,20.38,1.67,1.59,11.51,44.07,55.3,39.71,44.3,9.9,463.63,81.4,0.93,50.43,60.4,44.47,43.5,67.1,14.03
England 3,2026-27,Stockport County,7.0,3.0,1.0,3.0,10.0,15.0,16.0,10.0,6.0,26.8,58.8,2.12,2.43,15.4,32.8,17.52,13.27,25.75,1.08,1.33,7.7,37.57,58.7,34.12,54.1,14.51,547.7,86.1,1.46,53.1,63.0,50.31,47.2,71.95,13.94
England 3,2026-27,Luton Town,7.0,2.0,2.0,3.0,8.0,12.3,12.0,14.0,-2.0,25.8,57.6,1.53,1.7,11.46,34.4,11.07,13.49,16.93,1.13,1.78,9.17,41.12,53.6,39.59,49.2,11.4,434.34,83.1,1.27,47.1,60.3,38.83,43.9,63.01,11.84
England 3,2026-27,Oxford United,6.0,3.0,2.0,1.0,11.0,6.4,13.0,7.0,6.0,26.6,57.4,1.96,1.17,9.82,43.1,9.97,17.67,14.5,1.84,1.06,13.59,48.47,50.8,39.56,45.4,7.94,389.14,80.5,0.76,40.32,61.0,41.68,43.5,62.21,11.78
England 3,2026-27,Sheffield Wednesday,7.0,4.0,2.0,1.0,14.0,11.2,13.0,6.0,7.0,27.9,54.8,1.67,2.09,13.11,39.2,14.01,12.99,18.51,1.57,0.77,10.93,46.93,53.2,38.96,52.5,10.06,386.61,81.5,0.64,44.1,56.9,42.69,41.6,57.86,12.6
England 3,2026-27,Barnsley,7.0,2.0,2.0,3.0,8.0,10.7,7.0,12.0,-5.0,21.2,54.3,0.91,1.72,14.87,26.3,16.3,16.43,24.91,1.58,1.57,10.43,47.87,48.0,39.65,44.7,8.19,327.91,72.7,1.04,44.61,53.5,47.09,44.6,63.0,12.13
England 3,2026-27,Wigan Athletic,7.0,1.0,1.0,5.0,4.0,9.7,5.0,12.0,-7.0,24.6,53.2,0.65,1.6,11.95,26.1,15.45,14.29,16.62,1.6,1.56,10.78,47.14,53.2,38.18,44.6,15.78,419.35,81.7,1.04,47.14,66.9,46.49,48.9,72.47,11.04
England 3,2026-27,Huddersfield Town,7.0,3.0,3.0,1.0,12.0,14.4,11.0,6.0,5.0,26.1,53.0,1.43,2.12,13.1,37.6,14.52,14.01,22.44,0.97,0.78,7.65,36.7,59.0,47.72,51.6,12.66,367.91,79.3,1.56,48.11,62.5,44.09,47.1,66.4,11.93
England 3,2026-27,Doncaster Rovers,7.0,1.0,3.0,3.0,6.0,10.4,8.0,9.0,-1.0,26.7,51.3,1.07,1.59,12.19,31.9,11.25,11.12,16.88,1.4,1.21,12.05,48.48,58.0,48.21,46.4,10.38,345.67,75.9,0.67,48.35,54.0,49.96,41.6,65.36,9.11
England 3,2026-27,Reading,6.0,3.0,1.0,2.0,10.0,13.3,14.0,7.0,7.0,27.4,49.5,2.13,2.19,14.9,32.7,14.59,12.47,21.74,0.92,1.06,7.75,39.98,54.8,46.67,54.1,15.48,350.73,78.2,0.61,45.61,52.7,45.15,43.8,64.46,12.16
England 3,2026-27,Leyton Orient,7.0,3.0,1.0,3.0,10.0,5.4,13.0,9.0,4.0,24.5,49.3,1.65,0.88,8.26,44.6,10.81,8.01,12.08,1.91,1.14,13.22,45.76,58.3,50.85,51.5,9.12,324.41,75.2,0.13,41.69,49.1,45.64,40.1,51.36,9.92
England 3,2026-27,Blackpool,7.0,2.0,2.0,3.0,8.0,8.2,13.0,13.0,0.0,26.7,48.8,1.71,1.92,11.6,36.4,12.25,7.91,20.42,2.43,1.71,16.87,48.36,56.4,44.67,48.4,14.11,352.23,76.9,0.26,46.52,53.5,54.03,43.4,64.83,7.64
England 3,2026-27,Bradford City,7.0,5.0,0.0,2.0,15.0,10.3,7.0,4.0,3.0,28.4,48.3,0.93,1.35,9.15,43.5,17.76,10.21,19.75,0.99,0.53,8.88,59.78,58.1,59.91,58.0,8.6,330.04,71.2,0.0,55.14,51.0,55.94,42.7,61.63,8.09
England 3,2026-27,Notts County,7.0,1.0,4.0,2.0,7.0,9.6,7.0,9.0,-2.0,25.5,46.6,0.91,1.45,10.63,25.6,11.02,9.47,17.38,1.36,1.17,10.24,48.63,54.7,41.63,39.9,10.63,325.12,77.6,0.91,39.16,56.6,45.13,47.4,61.99,10.89
England 3,2026-27,Wycombe Wanderers,7.0,2.0,3.0,2.0,9.0,7.9,11.0,14.0,-3.0,27.4,46.3,1.42,1.24,9.97,44.2,12.04,8.81,15.02,1.69,1.81,12.56,41.05,49.2,44.94,56.5,15.7,349.64,76.7,0.91,45.58,53.4,48.43,44.9,59.83,9.71
England 3,2026-27,AFC Wimbledon,7.0,3.0,2.0,2.0,11.0,7.4,5.0,7.0,-2.0,27.4,45.5,0.65,1.1,8.48,26.2,16.43,8.74,17.48,1.65,0.91,11.09,43.96,53.4,50.87,53.6,11.68,310.3,74.7,0.39,48.52,50.3,48.0,44.3,59.22,5.87
England 3,2026-27,Mansfield Town,7.0,2.0,2.0,3.0,8.0,7.6,10.0,13.0,-3.0,30.1,44.1,1.31,1.2,9.59,35.6,16.55,8.41,19.18,1.66,1.71,11.56,45.59,53.0,36.13,51.3,11.47,349.23,74.8,0.53,51.37,57.8,53.74,44.3,64.64,8.01
England 3,2026-27,Burton Albion,7.0,2.0,3.0,2.0,9.0,7.2,12.0,12.0,0.0,25.2,43.9,1.58,0.98,8.57,33.8,7.25,6.46,13.05,1.55,1.58,10.54,46.91,56.2,34.52,55.0,12.27,312.3,75.1,0.26,40.32,51.0,39.8,44.0,54.03,9.75
England 3,2026-27,Milton Keynes Dons,7.0,0.0,6.0,1.0,6.0,9.7,8.0,10.0,-2.0,29.7,43.8,1.07,1.53,11.47,27.9,16.27,14.53,18.53,1.48,1.33,14.13,56.0,53.8,49.2,52.0,10.69,298.27,76.0,1.2,44.13,53.8,44.27,50.0,52.8,8.13
England 3,2026-27,Stevenage,7.0,2.0,3.0,2.0,9.0,10.4,11.0,8.0,3.0,26.9,42.7,1.43,1.2,9.51,38.4,10.94,9.64,16.67,1.05,1.04,10.16,50.93,58.8,50.67,56.0,11.54,296.18,71.9,1.43,46.11,49.7,49.36,49.6,56.14,6.64
England 3,2026-27,Cambridge United,7.0,3.0,3.0,1.0,12.0,9.0,12.0,10.0,2.0,25.1,42.3,1.57,1.43,9.78,36.0,13.3,10.43,18.65,1.83,1.3,11.61,37.3,62.2,61.96,50.3,11.76,297.26,72.9,0.52,48.13,49.6,55.17,44.7,58.7,8.09
England 3,2026-27,Plymouth Argyle,7.0,4.0,1.0,2.0,13.0,11.0,14.0,10.0,4.0,25.9,40.4,1.83,1.74,12.82,34.7,12.82,9.29,16.22,1.35,1.31,10.33,45.39,56.5,52.98,47.4,10.7,269.48,71.2,1.57,50.1,50.7,46.57,44.9,57.03,7.59
England 3,2026-27,Bromley,7.0,2.0,2.0,3.0,8.0,5.6,8.0,18.0,-10.0,27.3,37.1,1.02,1.09,7.43,41.4,11.91,6.02,11.65,2.16,2.3,15.36,51.59,53.1,52.36,43.5,11.57,217.38,64.4,0.26,43.53,47.4,46.98,42.5,51.47,6.91
England 4,2026-27,Salford City,7.0,3.0,1.0,3.0,10.0,8.8,8.0,9.0,-1.0,27.8,61.3,1.05,1.43,13.01,26.3,15.64,14.72,21.15,1.5,1.18,11.69,39.55,53.2,37.71,56.4,9.78,419.91,78.4,1.45,50.45,61.5,41.52,41.8,67.4,16.29
England 4,2026-27,York City,7.0,3.0,2.0,2.0,11.0,11.4,13.0,10.0,3.0,27.3,61.1,1.72,1.95,15.04,32.5,16.63,16.5,21.11,1.6,1.32,11.88,41.96,55.3,36.29,45.1,11.28,507.93,85.1,0.66,46.85,63.1,49.62,51.1,70.07,15.7
England 4,2026-27,Crawley Town,7.0,1.0,1.0,5.0,4.0,8.3,6.0,13.0,-7.0,24.3,59.3,0.77,1.48,10.82,29.8,17.77,19.83,19.31,2.06,1.67,12.23,35.92,54.1,35.02,50.0,11.12,392.96,80.7,0.26,46.09,63.1,44.81,45.4,61.93,15.84
England 4,2026-27,Walsall,7.0,3.0,4.0,0.0,13.0,11.9,10.0,4.0,6.0,24.0,58.8,1.29,2.06,12.95,32.0,12.56,14.63,21.63,1.53,0.52,12.43,42.86,56.2,44.29,55.0,9.04,412.71,80.5,1.04,45.45,57.3,41.96,43.2,69.15,17.61
England 4,2026-27,Chesterfield,7.0,3.0,2.0,2.0,11.0,13.1,10.0,8.0,2.0,27.6,55.8,1.29,2.13,13.99,33.3,14.37,11.53,21.37,1.39,1.04,10.1,42.73,58.8,43.38,43.0,10.17,433.17,79.6,0.78,58.4,56.5,58.01,45.3,71.48,12.82
England 4,2026-27,Grimsby Town,7.0,3.0,4.0,0.0,13.0,14.0,11.0,6.0,5.0,26.1,53.6,1.44,2.08,13.58,30.8,15.02,9.27,21.16,1.11,0.78,8.23,51.2,63.3,54.34,49.0,8.17,337.4,74.8,0.65,52.9,57.3,56.43,53.7,66.75,9.14
England 4,2026-27,Colchester United,7.0,2.0,3.0,2.0,9.0,8.4,8.0,10.0,-2.0,26.6,53.5,1.05,1.28,11.28,34.9,12.46,11.68,19.15,1.7,1.31,11.68,37.39,61.1,35.95,58.4,12.36,383.75,79.8,0.39,51.17,63.1,48.8,49.7,71.24,11.55
England 4,2026-27,Port Vale,7.0,1.0,2.0,4.0,5.0,9.8,3.0,9.0,-6.0,26.7,52.5,0.39,1.2,9.27,31.0,13.19,13.45,14.89,1.18,1.18,9.4,42.32,51.2,49.77,47.2,8.46,311.15,74.8,0.13,50.29,57.7,48.72,49.9,62.44,10.06
England 4,2026-27,Rochdale,7.0,2.0,1.0,4.0,7.0,5.1,7.0,10.0,-3.0,24.9,51.2,0.93,0.81,6.35,37.5,12.04,9.93,12.04,1.87,1.32,13.24,44.07,53.5,33.35,42.1,11.88,387.93,81.7,0.4,44.07,56.5,46.32,48.3,64.46,10.99
England 4,2026-27,Fleetwood Town,7.0,2.0,4.0,1.0,10.0,8.5,8.0,7.0,1.0,26.8,51.1,1.05,1.43,11.38,28.7,13.34,11.51,15.44,1.76,0.92,10.47,45.65,54.2,49.19,49.2,9.65,335.15,74.8,0.52,50.36,58.4,52.72,44.4,66.58,9.68
England 4,2026-27,Barnet,7.0,4.0,3.0,0.0,15.0,11.9,17.0,10.0,7.0,25.9,50.7,2.22,2.07,13.45,33.0,14.5,10.06,20.51,1.56,1.31,9.67,43.5,55.9,61.39,53.2,7.43,278.23,66.7,0.65,65.44,46.7,63.09,38.9,61.26,6.92
England 4,2026-27,Tranmere Rovers,7.0,2.0,4.0,1.0,10.0,7.5,9.0,7.0,2.0,27.9,49.7,1.17,1.16,8.97,34.8,10.79,7.8,11.45,1.6,0.91,10.53,41.75,53.6,52.15,54.9,11.18,309.02,73.6,0.39,45.26,51.4,48.51,44.0,61.52,8.71
England 4,2026-27,Crewe Alexandra,7.0,2.0,5.0,0.0,11.0,8.3,7.0,5.0,2.0,24.2,48.5,0.91,1.45,11.54,34.8,16.86,14.27,18.41,1.84,0.65,13.23,56.28,50.7,38.65,40.9,11.94,371.28,79.7,0.78,43.96,52.5,44.09,39.7,60.56,9.21
England 4,2026-27,Northampton Town,7.0,1.0,3.0,3.0,6.0,8.0,3.0,6.0,-3.0,26.2,48.1,0.4,0.77,8.5,42.2,10.22,11.42,13.54,1.11,0.8,9.16,46.33,54.2,52.17,51.7,11.25,326.42,76.3,0.4,43.94,53.5,45.93,44.5,59.73,9.82
England 4,2026-27,Rotherham United,7.0,2.0,3.0,2.0,9.0,11.4,10.0,10.0,0.0,24.6,46.5,1.29,1.65,11.44,34.8,11.7,8.74,15.56,1.33,1.29,9.77,44.49,57.2,42.56,47.1,13.05,347.79,73.6,1.29,57.47,51.7,51.3,38.6,64.03,9.9
England 4,2026-27,Gillingham,7.0,3.0,3.0,1.0,12.0,8.9,11.0,6.0,5.0,26.2,46.3,1.43,1.17,9.87,42.1,11.04,10.13,14.29,1.4,0.78,11.43,51.69,61.6,43.12,50.6,9.64,305.06,72.2,0.52,45.97,44.9,57.66,42.1,58.57,7.27
England 4,2026-27,Cheltenham Town,7.0,3.0,3.0,1.0,12.0,8.9,14.0,11.0,3.0,26.8,45.7,1.85,1.35,8.99,41.2,10.57,10.57,11.5,1.58,1.45,11.63,52.47,57.9,46.12,46.7,14.1,331.59,74.1,0.93,45.07,46.6,49.96,38.4,56.56,7.67
England 4,2026-27,Bristol Rovers,7.0,4.0,0.0,3.0,12.0,12.1,12.0,11.0,1.0,26.5,45.1,1.56,1.98,14.27,33.6,15.3,10.24,23.73,1.15,1.43,8.82,44.61,59.3,46.43,50.8,10.39,276.1,67.8,1.04,58.62,54.6,53.3,46.5,63.03,7.13
England 4,2026-27,Swindon Town,7.0,3.0,1.0,3.0,10.0,6.4,8.0,11.0,-3.0,26.6,44.9,1.06,1.11,7.3,36.4,10.49,6.64,13.81,1.87,1.46,15.13,59.87,62.5,40.22,47.9,11.73,305.31,71.2,0.93,50.97,51.0,53.63,43.1,61.46,7.96
England 4,2026-27,Accrington Stanley,7.0,1.0,3.0,3.0,6.0,9.9,10.0,13.0,-3.0,27.1,44.0,1.28,1.62,11.3,36.4,12.97,6.68,18.49,1.53,1.67,12.33,50.84,47.2,67.66,49.5,8.15,289.13,71.3,0.51,48.79,50.5,55.98,45.6,63.55,4.88
England 4,2026-27,Shrewsbury Town,7.0,2.0,1.0,4.0,7.0,13.1,5.0,11.0,-6.0,24.9,43.4,0.66,1.62,11.55,25.0,13.25,11.81,17.45,0.93,1.44,8.4,47.1,54.9,55.36,51.4,9.2,272.62,72.2,0.52,50.51,52.7,47.49,43.4,53.27,6.82
England 4,2026-27,Exeter City,7.0,1.0,3.0,3.0,6.0,10.3,4.0,5.0,-1.0,25.2,43.1,0.53,1.21,9.03,32.4,10.49,8.63,14.34,1.14,0.66,10.62,48.58,56.8,61.06,52.8,11.37,282.61,72.4,0.27,39.82,51.7,44.2,45.3,56.15,7.43
England 4,2026-27,Oldham Athletic,7.0,2.0,1.0,4.0,7.0,10.9,8.0,9.0,-1.0,27.6,42.6,1.06,1.78,12.71,30.2,11.25,9.4,18.79,1.47,1.19,9.53,47.38,56.1,44.74,52.7,13.47,314.34,73.3,0.53,53.74,54.2,53.07,44.4,62.21,7.54
England 4,2026-27,Newport County,7.0,1.0,3.0,3.0,6.0,7.7,10.0,11.0,-1.0,26.6,38.9,1.33,0.87,8.36,36.5,11.15,7.3,13.27,1.51,1.46,13.67,44.2,54.4,58.41,49.8,12.05,229.91,65.5,0.4,39.56,43.3,45.53,42.0,53.1,5.84
Finland 1,2026-27,Inter Turku,25.0,13.0,9.0,3.0,48.0,47.2,32.0,18.0,14.0,23.5,58.4,1.2,1.67,12.38,36.1,18.34,16.54,26.03,0.93,0.68,8.14,47.66,62.7,25.69,50.4,11.16,481.84,84.8,1.95,54.64,69.6,43.65,51.0,74.59,14.93
Finland 1,2026-27,KuPS,25.0,13.0,9.0,3.0,48.0,40.9,41.0,24.0,17.0,26.7,56.7,1.54,1.71,13.95,35.6,14.85,11.47,24.14,1.22,0.9,9.36,47.29,58.5,25.9,51.4,12.02,501.65,85.8,1.84,58.38,73.3,42.82,52.9,76.32,12.41
Finland 1,2026-27,Lahti,25.0,10.0,6.0,9.0,36.0,39.2,30.0,24.0,6.0,24.6,55.7,1.13,1.72,12.56,31.2,11.88,14.48,19.38,1.29,0.9,9.12,48.07,59.7,28.69,51.1,10.65,437.41,82.8,1.55,50.94,67.8,42.23,54.5,72.96,11.2
Finland 1,2026-27,HJK,25.0,12.0,6.0,7.0,42.0,42.3,39.0,29.0,10.0,25.6,54.4,1.46,1.64,11.97,35.6,12.71,12.3,26.14,1.26,1.08,11.03,47.15,59.4,26.02,52.2,13.19,483.28,86.0,1.98,52.35,71.9,40.79,54.0,68.31,12.97
Finland 1,2026-27,SJK,25.0,5.0,9.0,11.0,24.0,33.9,28.0,35.0,-7.0,23.1,52.3,1.06,1.59,11.69,34.8,17.76,12.78,17.87,1.63,1.32,11.01,46.68,59.5,30.62,52.1,12.89,403.59,83.0,0.94,50.26,71.0,43.1,56.1,68.24,12.44
Finland 1,2026-27,Ilves,25.0,10.0,4.0,11.0,34.0,33.9,42.0,38.0,4.0,24.5,49.4,1.57,1.58,10.27,42.7,10.42,12.82,18.4,1.78,1.42,13.01,55.33,61.0,24.66,54.9,14.69,442.88,84.5,0.82,45.47,67.6,37.3,46.7,64.92,13.53
Finland 1,2026-27,VPS,25.0,10.0,6.0,9.0,36.0,35.1,30.0,25.0,5.0,24.5,47.3,1.13,1.46,10.55,39.5,13.82,9.2,19.19,1.32,0.94,10.4,53.58,57.9,35.89,44.2,10.66,366.72,78.9,1.28,54.03,61.8,50.09,50.8,70.29,7.28
Finland 1,2026-27,TPS,25.0,8.0,8.0,9.0,32.0,31.5,28.0,27.0,1.0,24.2,47.0,1.05,1.33,11.22,36.7,11.11,15.37,15.93,1.52,1.01,12.97,53.24,59.1,27.3,48.8,12.59,349.72,81.4,1.61,50.59,69.8,35.45,51.3,65.17,14.32
Finland 1,2026-27,Oulu,25.0,10.0,4.0,11.0,34.0,29.6,26.0,29.0,-3.0,24.4,46.9,0.99,1.15,9.72,36.7,11.92,15.72,14.73,1.45,1.1,10.52,57.23,61.0,30.87,43.9,15.79,379.22,78.2,1.78,50.89,58.1,50.05,45.3,70.1,11.73
Finland 1,2026-27,Mariehamn,25.0,4.0,5.0,16.0,17.0,18.2,20.0,47.0,-27.0,24.8,45.2,0.75,1.02,8.35,33.8,12.03,10.53,14.4,2.32,1.77,15.15,59.21,59.9,27.03,40.2,12.53,374.14,79.1,1.02,47.82,60.9,44.81,48.5,64.14,10.79
Finland 1,2026-27,Jaro,25.0,3.0,8.0,14.0,17.0,28.9,20.0,48.0,-28.0,26.0,44.6,0.76,1.2,10.85,33.6,12.1,12.37,14.23,1.54,1.82,12.41,50.35,55.5,26.64,43.3,18.7,410.99,82.7,1.94,48.49,66.6,47.01,51.8,69.7,10.51
Finland 1,2026-27,Gnistan,25.0,11.0,8.0,6.0,41.0,36.5,40.0,32.0,8.0,25.7,41.2,1.49,1.54,11.55,36.8,15.2,12.48,18.92,1.38,1.19,11.92,56.77,57.3,32.45,47.8,13.89,301.63,75.7,1.53,44.48,60.6,47.87,49.7,63.7,9.05
France 1,2026-27,PSG,5.0,2.0,2.0,1.0,5.0,10.6,8.0,7.0,1.0,25.4,65.1,1.47,2.25,18.7,35.3,17.6,18.7,27.49,1.04,1.28,8.25,42.34,56.7,21.26,42.2,12.72,660.61,89.2,3.48,72.77,83.6,48.76,68.8,76.99,17.41
France 1,2026-27,Nice,5.0,1.0,2.0,2.0,2.0,4.3,3.0,6.0,-3.0,25.6,56.6,0.55,1.02,10.53,26.3,16.26,9.61,17.74,1.73,1.11,11.64,43.24,53.0,22.36,55.4,13.25,553.68,86.6,1.85,57.66,69.9,42.87,49.6,63.39,7.76
France 1,2026-27,Olympique Marseille,5.0,1.0,0.0,4.0,3.0,5.8,7.0,8.0,-1.0,27.3,56.6,1.29,1.52,11.39,40.3,14.14,19.29,22.22,2.12,1.47,14.88,47.57,55.2,23.88,51.5,12.28,538.9,88.7,0.37,51.8,76.2,36.37,55.6,61.16,13.59
France 1,2026-27,Olympique Lyonnais,5.0,3.0,2.0,0.0,11.0,10.3,10.0,2.0,8.0,25.3,53.6,1.84,2.08,11.78,39.1,11.6,11.41,22.27,1.02,0.37,9.57,48.04,52.9,16.01,44.8,12.31,431.41,85.2,2.39,44.36,74.7,39.57,65.6,60.74,14.36
France 1,2026-27,Toulouse,5.0,1.0,2.0,2.0,5.0,7.3,7.0,9.0,-2.0,22.8,52.0,1.3,1.98,12.99,31.4,15.4,15.03,23.57,2.03,1.67,12.8,54.19,55.8,23.75,50.8,10.43,471.34,85.0,2.23,49.73,72.0,32.66,54.0,62.54,10.95
France 1,2026-27,Angers SCO,5.0,2.0,1.0,2.0,7.0,6.6,6.0,5.0,1.0,26.7,50.8,1.09,1.57,12.7,24.3,19.78,14.52,19.05,1.64,0.91,13.97,50.63,53.0,22.68,48.8,12.93,393.02,82.7,0.18,38.83,68.7,45.0,59.7,66.96,10.52
France 1,2026-27,Lens,5.0,1.0,1.0,3.0,4.0,7.6,9.0,9.0,0.0,25.7,50.6,1.63,1.91,11.79,50.8,15.42,10.34,20.69,1.63,1.63,9.62,43.73,51.0,18.51,56.9,12.93,450.73,84.9,0.54,44.46,71.0,35.56,57.1,57.88,11.25
France 1,2026-27,Rennes,5.0,3.0,1.0,1.0,10.0,6.8,8.0,9.0,-1.0,27.2,49.0,1.45,1.92,14.33,31.6,15.79,12.7,25.77,1.93,1.63,13.06,52.8,50.5,25.22,56.1,15.52,427.5,84.0,2.54,39.01,71.6,37.02,54.4,55.71,15.97
France 1,2026-27,Strasbourg,5.0,2.0,1.0,2.0,7.0,4.6,10.0,10.0,0.0,21.5,48.7,1.8,1.4,9.74,44.4,11.18,13.89,15.51,1.99,1.8,14.25,51.58,53.5,19.3,48.6,16.75,407.8,86.6,1.08,36.25,71.1,37.15,55.3,54.29,10.28
France 1,2026-27,Lorient,5.0,1.0,2.0,2.0,5.0,6.4,5.0,6.0,-1.0,24.6,48.2,0.93,1.31,9.32,30.0,12.11,10.25,15.47,1.39,1.12,11.18,36.71,56.9,25.53,48.2,19.05,447.39,85.8,0.56,40.81,66.7,34.47,55.7,58.88,10.25
France 1,2026-27,Brest,5.0,1.0,2.0,2.0,5.0,9.8,7.0,8.0,-1.0,26.2,48.0,1.28,2.47,15.3,35.7,13.48,10.02,19.49,1.3,1.46,10.2,45.91,57.9,33.34,50.8,11.97,374.03,81.7,1.09,42.81,60.4,46.82,54.1,58.48,10.75
France 1,2026-27,Le Havre,5.0,0.0,2.0,3.0,2.0,6.3,4.0,7.0,-3.0,25.5,47.8,0.73,1.81,12.39,35.3,15.85,11.66,19.13,2.05,1.28,12.39,51.74,48.2,21.5,55.1,9.77,377.13,82.3,0.36,40.99,70.7,31.15,57.3,60.67,14.03
France 1,2026-27,Paris,5.0,3.0,2.0,0.0,11.0,9.2,8.0,3.0,5.0,27.6,47.3,1.49,1.67,12.09,35.4,8.18,14.5,16.55,0.96,0.56,8.18,52.25,53.4,18.41,33.3,16.02,531.45,88.9,1.49,40.91,75.0,35.33,57.4,56.34,10.97
France 1,2026-27,Lille,5.0,3.0,1.0,1.0,10.0,6.4,8.0,4.0,4.0,26.3,47.1,1.47,1.48,11.18,54.1,9.16,12.65,19.61,1.79,0.73,13.75,45.64,53.4,18.88,49.5,15.83,413.71,87.2,1.1,42.53,67.7,35.74,52.8,53.71,11.36
France 1,2026-27,Le Mans,5.0,1.0,3.0,1.0,6.0,5.9,9.0,9.0,0.0,26.6,46.8,1.62,1.43,8.8,53.1,12.22,7.9,12.4,2.03,1.62,12.93,44.73,52.6,29.28,44.2,12.95,364.85,81.8,1.98,36.83,56.6,49.22,57.3,57.31,10.42
France 1,2026-27,Monaco,5.0,4.0,1.0,0.0,13.0,6.8,8.0,3.0,5.0,25.6,45.1,1.46,1.27,8.6,48.9,10.61,15.91,17.01,1.33,0.55,12.44,60.55,56.8,18.29,51.0,14.5,411.95,85.5,3.29,40.43,73.8,36.59,60.5,60.0,11.16
France 1,2026-27,Auxerre,5.0,2.0,0.0,3.0,6.0,5.5,7.0,12.0,-5.0,23.5,44.0,1.26,1.26,10.06,44.6,9.52,13.65,17.07,1.94,2.16,12.04,42.22,54.9,22.28,48.4,14.51,348.86,80.7,1.26,43.29,61.8,34.49,46.4,56.23,13.47
France 1,2026-27,Troyes,5.0,1.0,1.0,3.0,4.0,5.4,4.0,11.0,-7.0,25.6,40.2,0.74,1.47,11.41,25.8,16.56,11.23,20.06,1.86,2.02,11.78,50.25,57.9,25.4,60.1,18.59,333.68,80.4,0.92,42.7,71.1,34.05,50.8,53.56,9.57
France 2,2026-27,Montpellier,7.0,3.0,3.0,1.0,12.0,9.7,6.0,5.0,1.0,23.4,58.7,0.78,1.47,11.51,34.1,15.96,13.34,17.14,1.42,0.65,12.43,56.38,53.8,29.43,50.2,7.89,468.05,85.4,0.52,49.97,68.1,40.81,54.8,58.87,14.0
France 2,2026-27,Laval,7.0,1.0,2.0,4.0,5.0,7.2,8.0,14.0,-6.0,26.0,56.5,1.22,1.43,13.14,27.9,15.74,12.84,18.18,1.63,1.99,11.46,46.45,51.3,25.52,53.9,11.37,487.13,82.7,0.76,58.22,68.8,44.77,49.1,79.76,13.14
France 2,2026-27,Guingamp,7.0,2.0,2.0,3.0,8.0,10.6,10.0,12.0,-2.0,25.9,55.1,1.54,1.98,13.21,43.0,13.05,11.06,14.13,1.48,1.38,10.6,45.61,59.3,25.34,57.0,12.6,449.39,84.9,0.92,51.3,64.4,47.46,50.2,58.36,12.44
France 2,2026-27,Nantes,7.0,2.0,1.0,4.0,7.0,10.8,9.0,13.0,-4.0,26.2,54.9,1.37,1.37,11.53,26.3,14.72,8.35,17.61,0.86,1.67,9.26,51.6,52.6,31.87,58.1,8.87,433.31,82.6,1.06,53.42,65.6,44.62,58.2,67.84,8.2
France 2,2026-27,Dijon,7.0,2.0,3.0,2.0,9.0,8.0,10.0,10.0,0.0,27.2,54.8,1.31,1.63,11.36,44.8,13.32,12.02,14.89,2.21,1.31,12.8,52.51,50.0,28.74,49.5,10.39,473.77,83.6,0.78,57.21,69.6,46.11,58.1,70.67,10.45
France 2,2026-27,Nancy,7.0,3.0,1.0,3.0,10.0,12.5,8.0,7.0,1.0,24.2,54.8,1.06,1.89,12.61,29.5,15.66,13.94,21.9,1.13,0.93,9.03,47.92,57.6,30.93,52.8,10.34,454.51,83.2,1.19,50.18,72.8,38.1,57.8,69.96,14.07
France 2,2026-27,Red Star,7.0,4.0,2.0,1.0,14.0,9.6,9.0,7.0,2.0,24.6,52.9,1.39,1.46,12.33,38.8,14.33,13.25,21.11,1.24,0.92,10.79,50.55,53.0,27.43,38.8,8.94,417.17,79.2,1.7,47.16,55.9,45.92,40.9,59.49,11.56
France 2,2026-27,Clermont,7.0,0.0,6.0,1.0,6.0,7.9,4.0,6.0,-2.0,24.8,51.7,0.53,0.82,6.94,30.8,11.75,10.55,12.95,1.34,0.8,11.48,46.74,53.4,22.03,43.6,15.83,466.69,86.0,1.07,42.86,67.3,42.33,57.4,61.69,11.62
France 2,2026-27,Saint-Étienne,7.0,5.0,1.0,1.0,16.0,15.7,19.0,8.0,11.0,25.3,51.1,2.46,1.96,13.73,49.1,10.88,9.32,23.31,0.69,1.04,7.25,55.94,55.1,19.04,55.8,12.32,466.96,86.9,2.59,45.97,71.8,29.4,59.0,56.2,11.91
France 2,2026-27,Metz,7.0,2.0,4.0,1.0,10.0,10.4,10.0,7.0,3.0,25.1,50.8,1.33,1.66,12.35,32.3,13.14,15.8,17.12,1.43,0.93,13.14,46.73,54.8,25.35,55.0,14.04,400.62,84.5,0.53,42.48,66.6,47.26,64.0,60.13,11.02
France 2,2026-27,Rodez ,7.0,2.0,1.0,4.0,7.0,8.8,14.0,16.0,-2.0,23.8,49.1,1.83,1.52,13.6,39.4,25.64,12.82,21.06,1.9,2.09,11.77,49.84,51.7,29.96,48.0,11.69,379.49,78.6,0.52,62.53,62.8,46.7,47.6,65.01,17.27
France 2,2026-27,Reims,7.0,3.0,4.0,0.0,13.0,10.5,15.0,9.0,6.0,22.3,47.7,1.98,1.79,11.33,41.9,10.81,12.25,17.92,1.65,1.19,10.81,51.39,56.7,24.77,56.9,15.28,395.31,83.2,1.32,37.82,62.4,40.85,44.8,56.27,12.39
France 2,2026-27,Dunkerque,7.0,2.0,2.0,3.0,8.0,7.3,10.0,12.0,-2.0,25.7,47.5,1.3,1.18,10.16,37.2,8.73,11.46,14.07,1.85,1.56,11.72,44.15,54.0,21.23,46.0,13.21,360.52,83.7,0.65,42.85,62.9,38.68,52.5,52.62,10.55
France 2,2026-27,Pau,7.0,2.0,2.0,3.0,8.0,12.2,6.0,6.0,0.0,26.9,47.0,0.79,1.67,12.71,30.2,15.88,7.41,17.87,1.07,0.79,9.4,46.99,51.5,27.0,49.5,15.72,385.81,81.5,1.32,49.5,68.2,42.22,52.4,62.07,12.18
France 2,2026-27,Annecy,7.0,3.0,1.0,3.0,10.0,7.8,9.0,9.0,0.0,25.5,44.3,1.19,1.29,10.18,37.7,9.78,13.88,14.41,1.76,1.19,12.69,47.71,52.1,40.44,50.3,13.59,352.6,78.4,0.53,42.95,52.0,35.95,47.1,50.62,10.31
France 2,2026-27,Sochaux,7.0,2.0,4.0,1.0,10.0,5.7,4.0,5.0,-1.0,28.0,42.9,0.53,0.81,7.94,30.0,9.66,11.78,9.26,1.49,0.66,13.63,46.06,50.0,24.09,37.9,16.32,337.5,79.8,0.4,35.6,59.1,41.82,46.8,53.74,10.59
France 2,2026-27,Boulogne,7.0,0.0,5.0,2.0,5.0,9.1,3.0,5.0,-2.0,26.5,41.9,0.39,1.26,10.13,37.7,9.47,9.87,14.21,1.2,0.66,8.95,55.92,52.7,33.16,46.8,12.74,342.76,75.2,0.26,46.58,55.6,44.21,44.3,60.66,8.68
France 2,2026-27,Grenoble,7.0,2.0,2.0,3.0,8.0,6.0,8.0,11.0,-3.0,25.0,40.7,1.06,0.79,6.48,28.6,9.78,11.76,9.52,1.5,1.45,13.08,51.94,55.5,29.74,50.7,18.5,330.26,80.3,0.26,31.59,51.9,43.48,48.3,49.43,8.99
Georgia 1,2026-27,Torpedo Kutaisi,27.0,9.0,9.0,9.0,36.0,33.7,43.0,34.0,9.0,27.5,56.5,1.53,1.18,10.31,37.9,14.97,15.61,16.25,1.27,1.1,11.09,55.83,60.3,27.95,50.6,10.94,418.99,86.3,3.16,45.34,76.8,37.48,59.4,69.27,13.65
Georgia 1,2026-27,Dinamo Batumi,27.0,13.0,8.0,6.0,44.0,40.7,46.0,36.0,10.0,26.9,55.5,1.64,1.25,10.14,34.0,14.63,18.43,15.73,1.0,1.21,9.36,59.0,63.2,24.88,46.4,9.62,402.42,84.7,2.49,47.54,76.6,32.81,60.2,68.79,14.52
Georgia 1,2026-27,Iberia 1999,24.0,12.0,4.0,8.0,40.0,35.8,33.0,27.0,6.0,25.7,54.5,1.24,1.17,10.33,37.1,12.55,19.99,13.42,1.01,1.01,9.92,55.05,57.5,25.25,45.7,9.79,414.9,87.1,2.18,47.09,74.8,33.9,57.2,59.94,16.65
Georgia 1,2026-27,Dinamo Tbilisi,26.0,12.0,9.0,5.0,45.0,43.3,43.0,29.0,14.0,26.1,51.3,1.52,1.54,13.24,37.1,12.88,14.86,17.4,1.1,1.02,9.35,55.98,62.6,26.79,47.4,10.66,408.0,85.4,3.99,50.44,72.2,37.73,55.4,68.82,14.36
Georgia 1,2026-27,Spaeri,26.0,5.0,10.0,11.0,25.0,32.1,33.0,39.0,-6.0,27.1,50.5,1.16,1.15,10.26,40.5,11.42,17.45,15.51,1.36,1.37,11.99,62.43,63.0,24.89,39.9,11.2,372.34,84.0,3.1,44.35,70.2,37.51,53.9,63.35,14.17
Georgia 1,2026-27,Samgurali,27.0,9.0,5.0,13.0,32.0,39.6,38.0,52.0,-14.0,25.1,48.9,1.29,1.37,10.74,36.7,16.14,20.05,16.61,1.28,1.77,10.53,57.59,62.1,27.89,45.2,10.59,352.25,82.6,3.3,41.52,68.2,37.44,57.2,61.63,15.63
Georgia 1,2026-27,Meshakhte,27.0,2.0,11.0,14.0,17.0,25.0,20.0,44.0,-24.0,28.8,47.7,0.68,0.78,7.18,28.9,11.64,11.6,9.94,1.34,1.5,11.06,61.72,64.5,24.06,41.3,13.98,365.68,84.5,2.11,34.47,68.6,35.76,53.9,57.81,11.23
Georgia 1,2026-27,Dila,25.0,11.0,4.0,10.0,37.0,35.6,33.0,27.0,6.0,24.5,46.8,1.21,1.2,10.34,35.3,12.38,19.03,13.99,1.11,0.99,9.24,50.44,62.0,24.18,45.6,15.73,341.44,84.0,3.36,42.48,69.6,33.82,49.7,50.95,17.75
Georgia 1,2026-27,Gagra,27.0,6.0,11.0,10.0,29.0,30.2,25.0,37.0,-12.0,25.1,44.9,0.86,1.17,10.11,32.9,11.93,13.61,13.37,1.59,1.27,12.1,62.62,61.6,28.21,45.6,16.13,379.88,83.7,4.08,45.0,70.4,38.49,56.1,67.62,12.75
Georgia 1,2026-27,Rustavi,26.0,13.0,7.0,6.0,46.0,41.2,32.0,21.0,11.0,24.8,44.5,1.13,1.17,10.28,33.1,8.93,16.51,14.63,0.88,0.74,8.01,61.44,62.9,30.01,42.6,11.98,333.39,82.5,2.94,41.46,68.9,33.94,50.4,61.8,14.46
Germany 1,2026-27,Bayern München,4.0,3.0,1.0,0.0,10.0,10.1,14.0,2.0,12.0,27.3,69.7,3.27,2.77,19.87,37.6,17.53,28.99,42.55,0.82,0.47,5.14,35.3,57.0,18.0,58.4,9.47,694.99,89.3,6.08,85.79,84.2,33.43,63.6,82.99,20.57
Germany 1,2026-27,Bayer Leverkusen,4.0,2.0,1.0,1.0,4.0,9.9,10.0,5.0,5.0,26.0,61.6,2.33,2.79,19.35,30.1,26.35,13.99,39.64,0.89,1.17,7.93,42.2,51.9,19.59,45.2,10.93,535.1,87.0,1.4,53.86,78.8,37.31,61.3,74.38,17.95
Germany 1,2026-27,RB Leipzig,4.0,2.0,0.0,2.0,6.0,7.8,9.0,5.0,4.0,24.9,56.5,2.08,2.4,16.43,33.8,16.2,14.81,26.84,1.34,1.16,12.49,40.49,54.3,13.65,49.2,11.53,515.01,87.0,1.16,59.69,85.3,27.99,50.4,68.48,12.72
Germany 1,2026-27,Hoffenheim,4.0,1.0,0.0,3.0,3.0,5.8,7.0,10.0,-3.0,25.7,55.7,1.61,1.87,16.57,27.8,19.8,13.12,32.92,1.76,2.3,11.97,51.1,54.1,35.91,48.7,8.42,477.85,82.3,0.92,59.62,71.0,42.81,51.6,74.35,10.36
Germany 1,2026-27,Freiburg,4.0,3.0,1.0,0.0,10.0,8.6,12.0,3.0,9.0,26.3,54.4,2.86,2.23,16.9,39.4,11.43,20.0,20.24,1.04,0.71,8.33,36.19,52.6,37.14,53.2,15.16,442.14,85.7,0.71,44.52,73.3,32.86,56.5,52.38,13.81
Germany 1,2026-27,Köln,4.0,1.0,1.0,2.0,4.0,6.3,6.0,9.0,-3.0,26.1,51.9,1.41,2.24,14.3,32.8,14.77,15.7,20.16,1.97,2.11,13.83,42.66,51.6,31.17,48.1,14.79,415.78,85.3,0.7,43.59,71.5,41.25,60.2,62.34,11.95
Germany 1,2026-27,Stuttgart,4.0,1.0,0.0,3.0,3.0,4.4,6.0,9.0,-3.0,26.2,51.5,1.4,1.69,12.79,40.0,15.12,12.09,20.0,2.14,2.09,15.58,45.58,58.7,36.28,46.2,11.24,460.47,82.0,1.4,45.12,72.7,33.95,52.1,69.07,8.6
Germany 1,2026-27,Mainz 05,4.0,2.0,1.0,1.0,7.0,7.3,10.0,6.0,4.0,28.3,51.3,2.31,2.35,14.77,40.6,18.46,12.46,26.31,1.79,1.38,10.15,44.77,55.2,37.85,47.0,12.61,419.31,82.2,0.92,53.77,72.1,45.46,58.4,64.85,12.0
Germany 1,2026-27,Eintracht Frankfurt,4.0,1.0,2.0,1.0,5.0,4.6,9.0,10.0,-1.0,23.9,50.8,2.09,1.9,11.37,38.8,12.76,13.22,22.73,2.31,2.32,16.47,48.02,57.0,39.43,50.6,13.51,396.88,80.9,1.16,45.23,65.1,39.43,49.4,60.31,12.53
Germany 1,2026-27,Paderborn,4.0,1.0,1.0,2.0,1.0,2.5,3.0,5.0,-2.0,23.8,48.6,0.71,0.92,9.95,19.0,12.32,11.84,13.74,2.1,1.18,16.58,50.68,54.2,41.92,55.9,15.43,426.55,81.1,0.24,40.5,63.7,47.84,49.5,67.97,11.13
Germany 1,2026-27,Borussia Dortmund,4.0,4.0,0.0,0.0,12.0,8.9,9.0,2.0,7.0,24.7,47.8,2.09,2.09,13.26,36.8,13.02,12.79,21.4,0.86,0.47,9.77,50.7,62.4,33.26,55.2,11.79,432.56,82.6,1.4,41.86,67.8,33.49,51.4,57.44,11.63
Germany 1,2026-27,Werder Bremen,4.0,2.0,1.0,1.0,7.0,4.8,8.0,8.0,0.0,25.6,47.5,1.85,1.64,12.23,45.3,12.92,7.85,16.62,1.86,1.85,12.92,54.23,60.9,22.15,51.0,14.59,450.92,85.5,1.38,49.38,75.2,37.62,57.1,63.92,9.46
Germany 1,2026-27,Borussia M'gladbach,4.0,0.0,0.0,4.0,0.0,3.9,6.0,16.0,-10.0,26.0,47.0,1.37,2.1,14.43,25.4,13.05,10.76,21.98,3.03,3.66,16.03,53.13,53.9,30.23,54.5,11.07,375.34,82.5,1.37,37.1,64.2,38.93,54.1,57.25,8.47
Germany 1,2026-27,Union Berlin,4.0,0.0,1.0,3.0,1.0,3.6,4.0,17.0,-13.0,27.2,45.5,0.9,1.2,10.15,48.9,11.5,8.57,14.89,2.28,3.83,15.79,54.36,54.4,40.38,48.0,17.32,340.38,77.0,0.0,47.37,63.3,44.66,51.5,64.06,4.96
Germany 1,2026-27,Elversberg,4.0,2.0,1.0,1.0,6.0,3.4,8.0,7.0,1.0,24.9,44.6,1.87,1.64,9.09,51.3,6.76,15.62,14.46,2.62,1.63,19.82,49.43,50.5,20.52,36.4,14.99,346.94,79.3,0.7,32.41,59.7,40.8,49.7,58.76,10.03
Germany 1,2026-27,Hamburger SV,4.0,1.0,0.0,3.0,3.0,1.9,2.0,13.0,-11.0,26.3,41.1,0.47,0.86,8.27,37.1,8.74,6.14,11.34,2.43,3.07,16.54,50.55,50.0,25.75,42.2,16.38,334.49,80.9,0.24,34.25,60.0,34.72,54.4,52.44,7.32
Germany 1,2026-27,Augsburg,4.0,2.0,1.0,1.0,7.0,4.3,11.0,6.0,5.0,25.3,37.2,2.58,1.98,12.89,58.2,11.95,10.78,16.41,2.6,1.41,17.58,44.06,56.4,32.11,55.5,20.56,346.41,78.6,3.28,41.02,58.3,42.89,44.8,63.98,9.84
Germany 1,2026-27,Schalke 04,4.0,1.0,2.0,1.0,4.0,3.8,3.0,4.0,-1.0,27.6,34.7,0.7,1.41,10.21,36.4,7.19,9.05,16.7,2.19,0.93,15.77,62.16,63.8,40.82,50.6,19.91,290.18,74.1,1.16,38.04,57.3,38.51,44.6,59.61,5.1
Germany 2,2026-27,Holstein Kiel,6.0,0.0,4.0,2.0,4.0,9.3,7.0,10.0,-3.0,23.8,56.3,1.08,1.76,13.3,25.6,13.76,15.93,20.26,1.53,1.55,12.37,43.45,54.8,30.62,50.0,9.59,419.54,83.5,0.31,41.29,69.3,32.16,46.6,52.58,13.45
Germany 2,2026-27,Wolfsburg,6.0,3.0,2.0,1.0,11.0,10.3,15.0,8.0,7.0,26.7,56.3,2.33,2.19,16.76,35.2,15.83,13.81,20.95,1.63,1.24,13.66,47.95,57.3,22.5,47.6,9.3,464.43,84.8,0.78,42.36,75.1,35.69,49.6,66.26,13.81
Germany 2,2026-27,Nürnberg,6.0,5.0,1.0,0.0,16.0,10.5,16.0,6.0,10.0,22.8,56.0,2.44,2.11,14.52,40.0,12.53,15.43,20.78,1.49,0.92,11.0,49.81,58.9,26.74,50.9,12.04,443.12,86.1,0.46,40.65,78.9,34.99,53.7,61.58,15.13
Germany 2,2026-27,Magdeburg,6.0,3.0,1.0,2.0,10.0,7.4,11.0,9.0,2.0,26.4,55.5,1.7,1.38,12.84,39.8,12.68,15.93,16.39,1.7,1.39,11.91,45.62,53.9,24.43,41.8,11.7,449.07,84.3,0.62,47.16,67.5,47.63,54.2,64.33,13.45
Germany 2,2026-27,Dynamo Dresden,6.0,1.0,1.0,4.0,4.0,6.1,8.0,14.0,-6.0,25.7,54.3,1.24,1.55,11.44,35.1,11.91,12.22,18.56,2.33,2.16,15.46,42.84,51.6,25.82,47.3,13.17,496.24,84.7,0.62,43.3,65.0,45.31,48.5,63.25,10.98
Germany 2,2026-27,Energie Cottbus,6.0,2.0,2.0,2.0,7.0,4.9,14.0,13.0,1.0,25.4,54.2,2.16,1.66,15.26,38.4,12.48,15.41,20.34,2.81,2.0,15.72,54.25,47.7,24.35,50.6,11.71,416.71,83.1,0.62,51.63,71.0,43.61,54.4,65.96,13.56
Germany 2,2026-27,Bochum,6.0,2.0,1.0,3.0,7.0,9.9,5.0,6.0,-1.0,27.8,52.8,0.78,1.96,15.16,30.9,15.31,10.94,19.84,1.56,0.94,11.72,43.91,53.0,31.09,59.3,13.59,461.09,84.1,0.78,50.63,68.8,40.94,54.6,68.44,10.78
Germany 2,2026-27,Hannover 96,6.0,2.0,1.0,3.0,4.0,7.9,7.0,9.0,-2.0,26.6,52.8,1.08,2.24,14.72,34.7,14.72,18.12,30.36,2.38,1.39,17.04,49.41,51.4,24.01,48.4,13.14,452.63,82.8,1.55,48.02,72.6,39.81,48.2,76.37,12.39
Germany 2,2026-27,Greuther Fürth,6.0,1.0,3.0,2.0,6.0,10.0,9.0,11.0,-2.0,25.9,49.8,1.37,1.81,12.36,43.2,15.71,9.46,18.15,1.37,1.68,12.66,47.75,54.6,24.71,43.2,15.41,396.76,81.9,1.37,41.64,68.1,37.37,49.8,60.25,12.66
Germany 2,2026-27,Eintracht Braunschweig,6.0,1.0,1.0,4.0,4.0,8.7,12.0,13.0,-1.0,24.1,49.4,1.83,2.29,15.74,42.7,10.7,14.97,18.95,2.2,1.99,14.82,45.84,55.7,24.75,50.0,15.95,401.41,81.2,1.22,49.81,69.6,41.26,47.8,68.0,15.89
Germany 2,2026-27,Hertha BSC,6.0,6.0,0.0,0.0,18.0,10.1,17.0,7.0,10.0,26.3,48.3,2.59,2.0,15.86,35.6,13.88,14.19,21.66,1.49,1.07,11.29,45.61,56.9,26.69,52.6,11.22,366.1,79.2,0.61,42.1,62.7,40.88,51.5,64.37,12.51
Germany 2,2026-27,Karlsruher SC,6.0,1.0,2.0,3.0,5.0,8.0,6.0,12.0,-6.0,25.0,48.2,0.92,1.74,15.36,35.0,9.98,11.21,20.43,1.8,1.84,13.67,52.06,57.8,26.72,44.3,9.26,360.61,80.5,0.46,39.01,70.1,36.09,58.3,61.13,10.6
Germany 2,2026-27,Heidenheim,6.0,4.0,1.0,1.0,12.0,10.3,14.0,12.0,2.0,27.1,47.5,2.15,2.1,14.0,40.7,13.69,9.54,18.92,1.53,1.85,13.38,50.92,55.3,29.08,56.1,12.92,360.62,78.2,1.23,45.08,60.1,40.46,51.7,61.54,13.85
Germany 2,2026-27,Arminia Bielefeld,6.0,1.0,2.0,3.0,4.0,8.6,10.0,12.0,-2.0,26.2,46.3,1.54,1.55,11.71,31.6,18.34,13.87,20.8,1.47,1.85,11.4,50.86,54.5,31.75,48.1,12.49,376.34,79.9,0.46,42.38,64.4,38.68,45.4,53.48,11.87
Germany 2,2026-27,St. Pauli,6.0,1.0,4.0,1.0,6.0,8.3,8.0,8.0,0.0,25.9,46.1,1.25,1.34,11.68,40.0,16.66,11.52,14.95,1.34,1.25,11.21,48.89,58.9,27.25,53.1,16.44,404.53,79.7,1.71,55.28,69.3,40.02,50.6,67.27,8.25
Germany 2,2026-27,Kaiserslautern,6.0,3.0,2.0,1.0,11.0,8.8,6.0,4.0,2.0,25.6,45.9,0.92,1.51,12.42,38.3,13.8,13.95,18.55,1.34,0.61,13.95,47.07,48.2,32.66,50.7,10.85,372.88,78.8,0.61,43.24,66.0,39.1,50.2,59.18,11.19
Germany 2,2026-27,Darmstadt 98,6.0,1.0,1.0,4.0,4.0,4.9,5.0,13.0,-8.0,26.1,40.1,0.78,1.22,8.84,33.3,10.71,8.84,12.72,2.11,2.02,16.14,53.07,50.0,35.22,53.3,16.46,341.38,78.6,0.78,38.95,55.0,41.28,49.2,58.5,6.52
Germany 2,2026-27,Osnabrück,6.0,2.0,1.0,3.0,7.0,7.1,9.0,12.0,-3.0,27.4,39.9,1.4,2.18,12.75,37.8,10.41,10.41,16.48,2.51,1.87,17.41,55.65,55.3,34.51,48.6,15.29,359.22,76.5,0.93,40.41,58.5,37.62,43.4,61.4,7.77
Germany 3,2026-27,Viktoria Köln,7.0,5.0,0.0,2.0,15.0,12.7,19.0,9.0,10.0,23.9,60.9,2.52,1.97,11.68,39.8,9.56,11.81,16.99,1.23,1.19,9.56,40.49,46.6,24.03,58.0,12.47,,87.2,1.86,39.16,66.4,40.09,51.3,58.14,12.08
Germany 3,2026-27,Verl,7.0,3.0,1.0,3.0,10.0,7.7,10.0,13.0,-3.0,23.5,60.7,1.33,1.4,12.48,45.7,10.22,10.88,14.73,1.94,1.73,13.27,41.28,56.3,23.63,43.3,10.66,,83.9,1.06,48.45,68.2,36.37,48.9,69.56,15.53
Germany 3,2026-27,Hoffenheim II,7.0,4.0,1.0,2.0,13.0,11.0,14.0,8.0,6.0,21.2,57.0,1.86,1.9,12.35,31.2,11.95,15.0,18.85,1.58,1.06,12.48,46.33,52.1,41.28,49.2,8.67,,81.4,0.93,55.09,62.2,48.32,51.1,73.01,11.42
Germany 3,2026-27,Stuttgart II,7.0,2.0,1.0,4.0,7.0,6.7,12.0,15.0,-3.0,21.9,56.2,1.6,1.21,10.37,44.9,11.3,12.76,16.35,1.95,1.99,11.3,53.31,51.1,21.67,40.5,9.42,,83.4,0.66,53.04,70.4,34.83,55.0,70.06,8.11
Germany 3,2026-27,Fortuna Düsseldorf,7.0,3.0,1.0,3.0,10.0,8.3,6.0,7.0,-1.0,26.8,55.7,0.79,1.15,10.72,30.9,12.71,9.79,20.25,1.39,0.93,10.19,48.31,58.4,28.99,53.9,9.31,,82.5,1.59,40.24,59.2,42.09,52.5,61.94,10.06
Germany 3,2026-27,Alemannia Aachen,7.0,3.0,2.0,2.0,11.0,12.4,11.0,8.0,3.0,24.1,53.9,1.45,1.7,11.33,39.5,9.36,13.44,17.39,1.15,1.05,10.01,48.76,51.1,27.14,47.6,9.74,,79.6,1.84,53.37,65.9,37.55,47.4,65.62,11.46
Germany 3,2026-27,Sonnenhof Großaspach,7.0,2.0,2.0,3.0,8.0,11.1,6.0,9.0,-3.0,26.6,52.3,0.79,1.78,14.27,38.0,19.96,7.93,23.52,1.51,1.19,11.1,48.11,55.8,27.75,55.7,12.78,,79.0,1.06,56.04,65.3,46.92,53.0,72.56,12.42
Germany 3,2026-27,Rot-Weiss Essen,7.0,4.0,2.0,1.0,13.0,12.4,13.0,9.0,4.0,24.3,51.2,1.73,1.78,16.33,30.9,19.25,13.94,17.52,1.21,1.19,9.29,48.05,56.9,37.04,52.3,13.38,,82.1,2.26,46.59,62.4,39.16,49.2,59.6,11.02
Germany 3,2026-27,Wehen Wiesbaden,7.0,1.0,2.0,4.0,5.0,9.1,5.0,13.0,-8.0,24.9,50.7,0.66,1.26,11.28,45.9,13.01,11.42,15.93,1.38,1.73,11.55,44.34,59.9,31.73,48.5,14.39,,82.4,0.66,44.34,62.6,43.41,52.9,60.27,11.55
Germany 3,2026-27,Saarbrücken,7.0,4.0,1.0,2.0,13.0,13.0,19.0,12.0,7.0,25.4,50.3,2.51,2.1,14.38,38.5,15.7,13.86,23.89,1.36,1.58,11.88,41.57,55.9,24.81,44.1,14.28,,81.8,0.26,44.34,69.0,37.74,54.9,66.77,12.93
Germany 3,2026-27,Waldhof Mannheim,7.0,3.0,1.0,3.0,7.0,9.0,11.0,10.0,1.0,25.2,50.1,1.47,1.22,10.93,34.1,14.53,11.07,18.4,1.45,1.33,10.93,44.53,56.0,33.47,49.0,11.9,,82.3,0.8,38.53,64.4,40.93,56.0,61.87,10.8
Germany 3,2026-27,Preußen Münster,7.0,3.0,2.0,2.0,11.0,7.9,12.0,13.0,-1.0,25.7,46.6,1.6,1.11,9.09,38.2,13.37,13.77,13.24,1.47,1.74,10.83,45.6,55.7,32.76,48.6,14.03,,78.2,0.27,38.65,51.6,41.59,43.4,50.01,9.9
Germany 3,2026-27,Hansa Rostock,7.0,3.0,3.0,1.0,11.0,11.7,15.0,15.0,0.0,26.4,46.4,1.99,1.66,13.1,41.4,12.31,13.5,19.59,1.2,1.99,12.57,46.46,57.8,31.24,53.8,16.17,,79.7,1.19,41.69,63.2,40.37,55.7,60.88,10.06
Germany 3,2026-27,MSV Duisburg,7.0,6.0,0.0,1.0,15.0,14.4,19.0,7.0,12.0,25.1,46.3,2.51,1.95,14.25,39.8,12.93,10.29,19.27,0.95,0.92,7.92,42.49,52.2,31.14,52.5,16.1,,82.8,1.19,38.01,66.0,34.31,51.9,57.14,10.82
Germany 3,2026-27,Jahn Regensburg,7.0,1.0,2.0,4.0,5.0,7.9,13.0,17.0,-4.0,24.8,46.2,1.71,1.48,10.36,43.0,10.63,10.1,15.87,1.95,2.23,11.41,63.5,56.8,25.71,43.4,11.84,,81.0,0.66,44.08,67.3,40.8,51.1,59.56,9.45
Germany 3,2026-27,Meppen,7.0,2.0,0.0,5.0,6.0,9.5,8.0,15.0,-7.0,25.2,44.0,1.08,1.68,12.65,35.1,17.35,9.42,20.31,1.72,2.02,13.32,54.22,49.6,31.21,45.7,10.33,,74.8,1.08,41.84,58.2,45.2,49.7,66.86,9.28
Germany 3,2026-27,Fortuna Köln,6.0,1.0,3.0,2.0,6.0,6.6,5.0,7.0,-2.0,25.6,42.9,0.77,1.03,8.81,29.8,14.69,7.73,15.62,1.38,1.08,13.61,49.95,53.3,30.62,49.0,14.98,,76.3,0.46,44.85,62.4,44.07,51.2,65.1,11.44
Germany 3,2026-27,Würzburger Kickers,7.0,2.0,1.0,4.0,7.0,8.1,11.0,15.0,-4.0,26.7,42.9,1.44,1.25,8.37,29.7,12.43,10.2,13.74,1.59,1.96,12.43,51.93,54.7,25.64,53.6,15.51,,78.3,0.92,35.32,57.4,44.61,54.0,56.51,9.16
Germany 3,2026-27,Ingolstadt,7.0,2.0,2.0,3.0,8.0,7.3,7.0,11.0,-4.0,25.5,41.6,0.93,1.05,9.72,34.2,12.65,10.92,13.71,1.63,1.46,12.38,50.59,56.6,32.62,55.9,14.02,,75.8,0.93,36.88,56.0,45.93,51.0,57.65,6.66
Germany 3,2026-27,Havelse,6.0,1.0,1.0,4.0,4.0,5.6,9.0,12.0,-3.0,25.1,41.2,1.39,1.13,7.11,39.1,9.12,10.21,12.68,1.94,1.86,15.46,50.72,51.5,32.01,51.2,13.28,,76.7,1.08,32.78,56.6,50.41,49.4,60.62,5.26
Greece 1,2026-27,Panathinaikos,5.0,5.0,0.0,0.0,12.0,10.5,12.0,2.0,10.0,26.9,65.4,2.76,2.9,18.87,41.5,19.1,16.57,29.69,0.52,0.46,5.29,47.19,52.7,20.49,49.4,7.03,529.64,89.2,1.84,53.4,86.2,29.23,64.6,69.28,15.65
Greece 1,2026-27,Olympiacos Piraeus,5.0,3.0,1.0,1.0,7.0,11.8,4.0,2.0,2.0,27.8,63.0,0.74,1.99,15.28,33.7,27.06,12.52,28.53,0.51,0.37,6.99,43.07,52.6,32.21,51.4,7.4,473.74,82.6,1.47,53.93,71.0,46.2,59.8,65.71,13.8
Greece 1,2026-27,AEK Athens,5.0,3.0,2.0,0.0,8.0,8.8,13.0,3.0,10.0,28.4,60.9,2.99,2.19,15.42,43.3,15.42,12.43,22.79,0.8,0.46,8.29,43.73,49.5,22.56,62.2,11.17,485.91,86.7,2.07,48.57,71.1,37.75,55.5,63.07,13.35
Greece 1,2026-27,Asteras Tripolis,5.0,0.0,2.0,3.0,1.0,4.3,4.0,9.0,-5.0,28.7,53.9,0.93,1.05,9.72,45.2,18.51,9.72,20.59,1.67,1.62,9.49,42.11,51.6,29.15,54.8,10.22,375.73,79.6,0.23,47.66,64.1,49.05,51.4,63.86,10.18
Greece 1,2026-27,Aris,5.0,2.0,1.0,2.0,7.0,8.4,5.0,10.0,-5.0,28.8,52.0,0.92,1.88,14.51,29.1,14.51,13.78,18.55,1.48,1.84,9.18,45.0,53.5,29.39,51.9,9.86,357.61,80.4,0.18,37.47,71.1,37.84,55.8,61.9,11.94
Greece 1,2026-27,OFI,5.0,3.0,1.0,1.0,9.0,3.4,8.0,4.0,4.0,27.6,49.0,1.84,0.86,6.89,40.0,9.87,9.87,12.86,1.6,0.46,13.09,51.66,50.7,19.74,40.7,16.06,413.49,85.8,1.84,33.52,67.8,44.54,62.9,56.02,8.72
Greece 1,2026-27,Volos NFC,5.0,0.0,2.0,3.0,2.0,4.9,4.0,9.0,-5.0,27.8,46.7,0.89,1.25,9.16,24.4,15.19,13.85,13.4,1.45,1.56,10.27,37.74,46.2,26.8,54.2,12.5,311.54,79.4,0.22,37.07,71.7,35.73,49.4,56.5,8.26
Greece 1,2026-27,Kalamata,5.0,1.0,1.0,3.0,4.0,4.3,6.0,8.0,-2.0,26.7,46.0,1.35,1.18,8.98,42.5,8.98,12.12,13.24,1.78,1.57,12.34,53.42,49.6,30.75,50.4,7.86,269.55,78.7,0.9,32.99,70.1,30.75,52.6,50.95,6.96
Greece 1,2026-27,PAOK,5.0,4.0,0.0,1.0,9.0,5.3,12.0,5.0,7.0,28.2,45.5,2.78,1.67,9.95,39.5,9.95,12.96,18.74,1.9,0.93,14.11,53.44,53.2,26.61,56.5,12.06,342.65,79.5,0.69,34.7,67.3,34.7,56.7,52.06,12.26
Greece 1,2026-27,Atromitos,5.0,0.0,2.0,3.0,2.0,5.2,4.0,7.0,-3.0,28.2,45.4,0.73,0.9,9.51,26.9,12.44,10.24,18.48,1.55,1.28,11.16,54.7,49.2,25.98,50.0,11.71,318.48,78.0,1.65,40.24,58.6,32.01,39.4,53.23,8.96
Greece 1,2026-27,Kifissia,5.0,1.0,2.0,2.0,5.0,7.8,4.0,7.0,-3.0,27.1,45.1,0.73,1.24,9.37,41.2,10.47,11.76,13.04,1.34,1.29,9.37,48.67,46.0,22.04,49.2,12.69,337.59,82.6,0.92,38.76,64.0,40.22,53.0,49.96,9.92
Greece 1,2026-27,Levadiakos,5.0,0.0,1.0,4.0,1.0,3.6,0.0,9.0,-9.0,25.8,43.9,0.0,0.68,7.92,23.8,11.32,12.08,11.7,1.53,1.7,11.51,53.21,53.9,28.3,46.7,11.57,327.55,78.4,1.13,39.62,60.0,45.28,50.8,53.02,7.36
Greece 1,2026-27,Iraklis 1908,5.0,1.0,3.0,1.0,6.0,3.6,4.0,6.0,-2.0,29.0,43.3,0.73,0.72,6.98,21.1,9.73,11.2,7.9,1.76,1.1,15.06,47.39,46.1,27.37,38.3,12.11,306.0,80.3,0.37,30.31,63.0,34.35,50.3,49.04,8.27
Greece 1,2026-27,Panetolikos FC,5.0,3.0,0.0,2.0,9.0,4.9,8.0,7.0,1.0,26.7,39.3,1.87,1.16,7.93,41.2,6.99,11.66,13.06,1.61,0.93,14.46,51.99,44.8,32.41,46.8,11.82,274.66,78.9,0.23,32.41,59.0,35.44,53.3,44.77,7.46
Hungary 1,2026-27,Ferencváros,7.0,3.0,3.0,1.0,11.0,11.3,11.0,8.0,3.0,27.3,58.0,1.7,2.25,13.1,35.3,18.8,23.73,19.88,1.55,1.08,8.94,59.33,52.5,30.67,52.3,7.53,428.58,82.6,0.62,51.78,73.8,41.15,53.2,73.05,12.64
Hungary 1,2026-27,Debrecen,8.0,2.0,3.0,3.0,9.0,11.2,12.0,15.0,-3.0,24.9,54.3,1.38,1.88,13.33,32.8,16.44,14.94,22.76,1.81,1.72,14.83,51.15,52.8,34.02,45.3,9.2,343.1,78.0,0.57,44.37,63.2,43.79,51.4,62.64,12.41
Hungary 1,2026-27,Nyíregyháza Spartacus,8.0,2.0,2.0,4.0,7.0,12.1,9.0,14.0,-5.0,25.2,51.8,1.19,1.89,17.0,33.3,17.13,10.28,22.27,1.22,1.71,9.36,50.6,53.4,47.44,53.6,7.16,337.47,77.9,0.4,48.89,63.9,45.72,53.3,61.01,9.49
Hungary 1,2026-27,MTK,8.0,2.0,3.0,3.0,9.0,11.2,15.0,14.0,1.0,24.6,50.9,1.96,1.98,14.11,47.2,10.84,12.41,20.25,1.67,1.57,12.67,42.71,55.7,28.87,56.6,12.64,399.45,82.4,1.31,44.67,68.4,41.93,58.3,62.57,10.32
Hungary 1,2026-27,Vasas,8.0,4.0,2.0,2.0,14.0,10.6,17.0,11.0,6.0,25.0,49.9,1.96,1.73,13.12,36.0,10.7,11.62,17.61,1.91,1.27,13.01,53.29,53.6,24.86,50.9,11.27,383.13,83.8,0.92,43.04,67.4,38.44,53.6,61.23,10.01
Hungary 1,2026-27,Újpest,8.0,4.0,2.0,2.0,11.0,11.0,17.0,13.0,4.0,25.5,49.9,1.94,1.84,12.55,45.5,10.04,12.66,17.79,1.83,1.48,13.92,53.5,49.9,30.0,49.4,9.76,342.66,80.1,1.03,37.76,58.6,37.87,52.4,54.41,9.81
Hungary 1,2026-27,Győri ETO,8.0,4.0,3.0,1.0,15.0,9.9,16.0,10.0,6.0,23.5,49.7,2.11,1.97,11.18,30.6,10.0,11.71,16.18,2.02,1.18,16.58,53.68,56.4,23.82,50.8,13.07,371.84,82.4,1.18,36.05,71.2,34.21,48.1,61.71,12.63
Hungary 1,2026-27,Honvéd,7.0,1.0,3.0,3.0,6.0,9.5,11.0,14.0,-3.0,25.9,49.4,1.44,1.47,14.28,35.8,14.28,11.4,19.65,1.56,1.83,12.58,53.32,55.8,29.87,44.3,12.16,366.03,79.1,0.79,42.05,62.0,46.51,50.7,64.19,7.6
Hungary 1,2026-27,Paksi FC,8.0,3.0,2.0,3.0,11.0,8.8,16.0,17.0,-1.0,29.0,49.2,1.83,1.73,15.55,39.0,21.84,15.9,22.76,2.3,1.94,13.49,51.92,56.4,47.69,53.7,10.12,342.85,74.2,0.8,56.72,60.1,53.18,54.4,68.61,14.07
Hungary 1,2026-27,Zalaegerszegi TE,8.0,2.0,0.0,6.0,6.0,7.6,7.0,17.0,-10.0,23.8,48.9,0.81,1.2,10.77,32.3,10.08,11.58,17.14,1.86,1.97,13.44,42.16,53.0,16.33,49.6,16.4,373.32,82.8,1.62,39.27,64.9,34.63,51.5,53.51,12.51
Hungary 1,2026-27,Puskás FC,8.0,5.0,0.0,3.0,15.0,13.4,13.0,10.0,3.0,25.5,47.9,1.5,2.04,12.61,33.0,15.15,11.68,21.05,1.56,1.16,13.88,49.05,49.8,27.99,45.9,12.85,373.19,81.3,1.5,34.47,68.1,38.98,54.9,61.54,9.83
Hungary 1,2026-27,Várda SE,8.0,2.0,3.0,3.0,9.0,9.7,9.0,10.0,-1.0,26.1,42.7,1.04,1.34,12.16,25.7,12.39,14.25,18.07,1.76,1.16,15.41,54.09,53.7,37.07,46.3,11.79,298.26,76.2,0.58,42.74,54.5,44.83,44.2,53.05,10.08
Iceland 1,2026-27,KR,24.0,14.0,5.0,5.0,47.0,42.0,80.0,52.0,28.0,25.0,59.1,3.4,3.07,21.01,42.3,18.67,21.31,37.47,2.07,2.04,13.27,54.48,56.0,26.58,48.2,8.26,480.28,81.2,1.06,53.72,70.1,37.09,50.5,78.86,19.48
Iceland 1,2026-27,Víkingur Reykjavík,24.0,18.0,5.0,1.0,59.0,51.0,73.0,23.0,50.0,27.7,58.7,3.12,2.71,17.41,40.2,19.76,17.28,29.4,0.92,0.94,7.64,43.78,57.8,25.78,52.2,9.43,471.47,84.5,0.68,52.83,72.5,43.1,57.7,72.16,14.47
Iceland 1,2026-27,Stjarnan,24.0,9.0,4.0,11.0,31.0,32.9,46.0,55.0,-9.0,27.5,55.4,1.95,2.08,14.77,39.0,19.26,15.24,24.55,1.98,2.03,15.24,48.89,51.9,23.28,49.6,11.38,425.15,81.7,1.44,50.97,65.3,48.09,55.4,71.33,12.95
Iceland 1,2026-27,Breidablik,24.0,9.0,6.0,9.0,33.0,26.8,47.0,46.0,1.0,26.3,54.1,1.9,1.87,12.46,35.7,17.72,16.71,23.43,2.26,1.7,14.85,49.53,55.4,26.1,45.0,11.45,430.78,80.4,1.25,53.26,64.4,51.72,49.7,75.35,12.59
Iceland 1,2026-27,ÍBV,24.0,4.0,7.0,13.0,18.0,28.2,33.0,48.0,-15.0,25.4,51.3,1.34,1.43,11.53,34.7,12.06,10.8,15.86,1.65,1.9,12.26,50.79,58.0,28.77,50.6,12.27,405.24,80.3,0.65,45.36,57.4,50.02,50.2,71.1,9.02
Iceland 1,2026-27,ÍA,24.0,9.0,6.0,9.0,30.0,34.9,44.0,47.0,-3.0,25.9,48.9,1.77,2.24,15.01,33.3,16.02,12.18,21.95,2.09,1.86,14.85,52.32,53.6,35.26,49.2,10.79,357.42,77.0,1.13,46.63,59.9,49.09,50.2,69.63,12.3
Iceland 1,2026-27,Valur,24.0,9.0,4.0,11.0,30.0,32.8,44.0,47.0,-3.0,26.4,48.7,1.71,1.94,14.47,37.6,13.27,15.41,20.19,2.0,1.83,16.77,55.99,51.7,25.95,54.4,11.88,417.74,82.0,1.98,43.35,62.6,45.6,49.2,68.25,12.14
Iceland 1,2026-27,KA,24.0,6.0,5.0,13.0,23.0,23.3,38.0,51.0,-13.0,27.6,47.3,1.46,1.51,13.38,36.5,14.26,15.8,18.61,2.35,1.96,16.22,60.55,53.3,29.33,46.7,12.66,347.93,77.7,0.85,46.4,63.2,52.09,52.7,69.51,11.84
Iceland 1,2026-27,Fram,24.0,13.0,7.0,4.0,45.0,44.6,59.0,47.0,12.0,26.4,46.5,2.31,2.3,16.04,34.4,19.24,13.89,26.48,1.56,1.84,11.26,49.95,57.8,30.66,49.4,12.68,370.87,78.3,0.51,51.0,62.8,46.23,48.8,69.04,13.34
Iceland 1,2026-27,Keflavík,24.0,8.0,5.0,11.0,28.0,31.3,36.0,44.0,-8.0,26.0,46.3,1.42,1.69,13.66,33.8,15.32,17.93,20.61,1.91,1.74,14.73,50.27,56.1,28.51,56.4,13.76,366.56,78.5,1.15,44.55,62.6,49.13,51.3,69.94,12.12
Iceland 1,2026-27,FH,24.0,6.0,9.0,9.0,24.0,28.5,35.0,41.0,-6.0,23.6,43.0,1.42,1.61,12.29,37.5,12.53,13.42,17.59,2.09,1.58,15.57,63.92,57.1,31.62,52.8,12.62,337.28,73.0,1.01,43.1,52.2,49.65,41.9,64.89,9.82
Iceland 1,2026-27,Thór,24.0,6.0,3.0,15.0,21.0,16.3,23.0,57.0,-34.0,25.5,42.2,0.89,1.24,9.96,30.0,12.05,12.36,15.31,2.56,2.21,18.02,57.21,54.7,27.79,43.0,14.34,308.76,74.1,1.01,41.4,56.2,42.67,48.1,58.45,9.34
Ireland 1,2026-27,Shamrock Rovers,31.0,17.0,8.0,6.0,59.0,51.0,49.0,31.0,18.0,26.6,61.7,1.47,1.57,12.3,36.5,15.35,19.48,20.64,1.18,0.93,9.37,52.45,59.7,32.88,45.7,9.74,519.68,84.9,3.29,61.43,68.2,49.55,53.4,77.76,15.98
Ireland 1,2026-27,Bohemians,31.0,16.0,8.0,7.0,56.0,54.6,55.0,37.0,18.0,25.2,59.7,1.64,1.72,14.51,34.9,14.3,16.65,21.18,1.14,1.1,8.28,52.91,64.6,43.7,47.4,9.72,462.39,82.5,3.1,52.05,65.6,47.49,50.0,74.84,16.03
Ireland 1,2026-27,Derry City,32.0,9.0,14.0,9.0,41.0,45.2,45.0,42.0,3.0,27.0,55.2,1.3,1.37,12.13,35.7,16.17,21.06,17.91,1.26,1.21,9.3,53.06,63.2,47.11,48.0,8.84,398.79,78.3,2.02,53.32,61.8,50.17,48.5,73.28,14.64
Ireland 1,2026-27,St. Patrick's Ath.,32.0,17.0,8.0,7.0,59.0,58.0,52.0,25.0,27.0,27.1,53.8,1.51,1.87,14.7,34.0,16.44,16.76,21.29,1.08,0.73,9.24,53.52,61.7,41.79,51.4,10.87,417.47,80.5,2.53,54.45,63.7,46.84,48.9,72.66,15.36
Ireland 1,2026-27,Shelbourne,31.0,9.0,12.0,10.0,39.0,50.2,41.0,44.0,-3.0,25.6,53.1,1.22,1.63,11.94,31.4,15.09,18.46,20.96,1.22,1.31,10.42,50.61,58.5,44.63,49.4,10.88,412.9,81.7,2.2,52.4,66.0,51.39,52.2,72.08,13.01
Ireland 1,2026-27,Dundalk,32.0,10.0,11.0,11.0,41.0,44.6,49.0,53.0,-4.0,25.8,51.8,1.4,1.6,13.51,35.0,19.04,16.23,20.64,1.66,1.52,11.79,52.24,61.3,55.82,43.5,8.98,355.94,73.2,2.86,62.15,55.4,61.15,45.6,73.48,12.54
Ireland 1,2026-27,Sligo Rovers,32.0,5.0,8.0,19.0,23.0,26.7,24.0,54.0,-30.0,24.9,46.9,0.69,1.06,8.18,29.7,15.05,14.71,11.61,2.07,1.56,16.64,56.57,60.8,54.38,51.2,15.08,343.94,74.2,2.4,50.3,52.9,56.02,44.9,65.82,11.93
Ireland 1,2026-27,Drogheda United,32.0,8.0,10.0,14.0,34.0,34.3,38.0,51.0,-13.0,25.6,38.8,1.09,1.18,9.03,32.9,9.12,11.09,13.95,1.7,1.46,13.27,49.83,59.8,61.64,46.2,14.46,246.93,68.9,1.83,45.91,48.9,50.95,43.6,55.41,7.18
Ireland 1,2026-27,Galway United,31.0,9.0,10.0,12.0,37.0,39.0,41.0,47.0,-6.0,27.0,38.0,1.23,1.51,10.82,31.3,14.24,12.98,17.57,1.76,1.41,14.51,51.78,57.0,59.48,48.2,11.84,257.86,67.5,2.49,49.68,52.0,53.78,45.6,64.94,9.32
Ireland 1,2026-27,Waterford FC,32.0,7.0,13.0,12.0,34.0,36.8,44.0,54.0,-10.0,25.3,37.6,1.27,1.59,11.36,33.2,13.32,10.09,18.31,1.99,1.56,15.39,66.25,55.7,57.91,48.1,10.52,239.9,66.0,1.84,48.26,51.0,52.64,46.8,60.62,6.77
Israel 2,2026-27,Hapoel Raanana,6.0,4.0,0.0,2.0,12.0,13.9,16.0,8.0,8.0,23.5,57.9,2.49,2.6,14.92,42.7,14.15,19.27,22.07,1.08,1.24,9.48,60.93,56.6,24.4,52.2,7.3,442.85,85.2,3.11,55.49,76.2,32.02,52.9,74.61,21.14
Israel 2,2026-27,Ashdod,6.0,5.0,0.0,1.0,15.0,11.6,14.0,5.0,9.0,25.1,56.8,2.22,1.99,15.56,44.9,14.6,16.98,21.27,1.01,0.79,6.83,56.98,62.7,23.97,41.1,11.75,497.14,86.9,3.49,62.86,77.3,38.1,53.8,73.17,18.1
Israel 2,2026-27,Bnei Yehuda,6.0,4.0,2.0,0.0,14.0,11.6,15.0,4.0,11.0,26.3,55.1,2.81,1.93,14.97,36.3,20.02,17.03,20.58,0.61,0.56,7.3,61.75,67.9,23.39,44.0,8.7,422.49,83.9,5.05,52.39,69.6,38.36,56.1,70.17,14.59
Israel 2,2026-27,Kiryat Yam,6.0,3.0,0.0,3.0,9.0,11.9,18.0,12.0,6.0,23.4,54.2,2.83,2.41,14.45,43.5,20.58,22.93,20.58,1.23,1.88,10.05,64.71,62.6,25.13,55.6,7.56,395.5,81.9,6.28,52.15,69.6,46.81,52.7,72.41,18.53
Israel 2,2026-27,Maccabi Bnei Raina,6.0,3.0,1.0,2.0,12.0,7.7,9.0,9.0,0.0,25.9,53.3,1.67,1.42,11.13,33.3,14.66,19.11,14.47,1.19,1.67,11.88,55.3,58.7,25.98,46.4,11.34,395.07,82.8,4.64,53.07,66.4,44.54,48.3,64.58,16.52
Israel 2,2026-27,Hapoel Kfar Shalem,6.0,2.0,2.0,2.0,8.0,4.0,12.0,15.0,-3.0,23.0,52.6,1.88,1.45,11.15,46.5,8.01,19.79,13.82,2.97,2.36,15.39,71.31,62.8,24.82,39.2,9.09,420.16,82.9,2.51,50.73,70.3,37.85,49.4,72.88,13.66
Israel 2,2026-27,Kfar Kasem,6.0,2.0,1.0,3.0,7.0,5.8,9.0,6.0,3.0,24.7,52.6,1.72,1.1,9.34,28.6,18.5,14.87,13.16,1.44,0.95,13.54,72.46,56.3,36.04,50.8,8.83,382.12,81.8,5.34,50.34,62.1,44.62,56.0,71.31,16.4
Israel 2,2026-27,Hapoel Kfar Saba,6.0,2.0,0.0,4.0,6.0,6.0,7.0,16.0,-9.0,21.2,51.4,1.32,1.23,12.86,42.6,9.83,26.09,12.48,1.56,2.27,12.86,69.39,57.5,26.66,41.8,7.99,387.23,81.7,1.51,48.59,70.0,40.65,54.0,67.31,14.37
Israel 2,2026-27,Ironi Modi'in,6.0,1.0,2.0,3.0,5.0,4.7,8.0,11.0,-3.0,25.6,51.3,1.25,0.69,9.83,28.6,12.01,17.47,13.88,1.59,1.72,15.44,72.06,62.8,24.33,35.3,10.42,386.67,81.8,5.3,44.61,63.6,47.26,54.1,64.42,16.85
Israel 2,2026-27,Ironi Kiryat Gat,6.0,2.0,2.0,2.0,8.0,8.3,6.0,6.0,0.0,25.0,47.5,0.92,1.27,12.44,34.6,13.82,20.12,15.97,1.13,0.92,10.9,61.89,65.3,27.03,44.9,9.83,332.51,78.6,4.91,51.14,70.0,44.54,53.1,65.89,16.89
Israel 2,2026-27,Hapoel Acre,6.0,0.0,0.0,6.0,0.0,3.1,0.0,19.0,-19.0,24.4,46.7,0.0,0.49,8.27,26.9,8.43,14.95,6.84,2.2,3.02,13.99,69.17,63.4,29.1,39.3,14.42,325.81,81.5,3.34,36.57,64.8,34.51,48.8,57.24,13.67
Israel 2,2026-27,Hapoel Rishon LeZion,6.0,4.0,1.0,1.0,13.0,10.9,12.0,7.0,5.0,26.9,46.4,1.87,1.89,12.44,42.5,13.21,18.19,18.81,1.21,1.09,11.97,60.78,60.4,26.58,51.5,9.91,337.15,80.4,4.97,42.12,57.6,48.19,55.2,71.04,13.52
Israel 2,2026-27,Maccabi Kabilio Jaffa,6.0,1.0,1.0,4.0,3.0,5.9,5.0,12.0,-7.0,24.6,45.7,0.94,1.37,12.94,36.2,9.19,19.69,15.75,2.17,2.25,14.44,68.81,64.0,21.94,44.4,13.34,363.94,81.3,4.13,45.94,67.3,45.56,52.7,67.88,12.75
Israel 2,2026-27,Hapoel Afula,6.0,3.0,1.0,2.0,10.0,7.5,11.0,10.0,1.0,26.8,43.5,1.68,1.58,11.79,42.9,12.24,16.99,14.85,1.71,1.53,15.0,59.69,62.1,18.83,52.8,13.63,323.42,80.7,3.98,42.55,64.4,42.09,54.5,59.23,17.76
Israel 2,2026-27,Maccabi Ahi Nazareth,6.0,2.0,1.0,3.0,7.0,6.5,7.0,9.0,-2.0,27.5,43.1,1.08,1.83,13.14,40.0,17.16,19.79,16.24,2.15,1.39,16.39,63.56,61.1,26.91,38.5,12.91,313.61,79.3,2.63,46.55,62.8,53.04,55.1,64.48,9.43
Israel 2,2026-27,Maccabi Herzliya,6.0,2.0,2.0,2.0,8.0,6.9,7.0,7.0,0.0,24.1,42.0,1.31,0.95,11.58,40.3,13.82,22.22,12.51,0.98,1.12,11.02,73.76,62.0,30.81,49.7,10.66,299.69,80.9,3.36,46.12,68.0,44.07,54.7,60.5,10.83
Italy 1,2026-27,Milan,5.0,3.0,2.0,0.0,8.0,8.8,10.0,4.0,6.0,26.9,60.8,1.87,1.7,11.6,35.5,14.03,18.34,20.77,1.12,0.75,8.42,49.4,60.2,21.7,56.0,12.0,537.38,89.4,3.56,40.79,76.6,33.68,61.7,57.82,14.22
Italy 1,2026-27,Internazionale,5.0,4.0,1.0,0.0,13.0,10.6,15.0,8.0,7.0,27.5,60.7,2.78,3.03,20.04,33.3,17.44,12.99,35.63,1.47,1.48,9.84,40.82,57.7,21.53,57.8,13.34,572.47,89.1,1.48,47.32,74.9,30.06,61.1,66.62,16.89
Italy 1,2026-27,Como,5.0,3.0,1.0,1.0,10.0,9.9,9.0,6.0,3.0,24.8,58.6,1.66,2.56,20.25,31.8,13.25,14.72,32.94,1.41,1.1,12.7,45.83,53.8,20.8,50.4,11.71,546.44,89.3,1.47,55.4,87.0,28.34,58.4,64.79,14.36
Italy 1,2026-27,Juventus,5.0,3.0,1.0,1.0,7.0,11.4,8.0,4.0,4.0,27.0,56.2,1.47,1.75,15.4,35.7,15.21,19.98,24.75,0.55,0.73,6.6,53.34,54.6,20.16,45.5,10.55,475.48,86.2,2.02,51.69,75.9,32.44,54.2,63.42,16.31
Italy 1,2026-27,Roma,5.0,4.0,1.0,0.0,13.0,12.0,14.0,3.0,11.0,26.5,55.8,2.6,3.01,17.85,36.5,20.83,20.08,34.77,1.07,0.56,8.0,64.15,60.3,21.2,57.9,9.9,524.75,85.7,2.98,55.6,77.9,37.19,54.0,69.73,17.29
Italy 1,2026-27,Venezia,5.0,0.0,0.0,5.0,0.0,6.6,4.0,13.0,-9.0,25.6,55.2,0.74,1.84,12.59,29.4,14.44,14.07,17.78,2.01,2.41,12.78,50.74,51.8,23.33,57.9,10.87,452.78,83.7,1.3,45.19,71.7,37.04,55.0,66.3,12.59
Italy 1,2026-27,Bologna,5.0,0.0,2.0,3.0,2.0,9.3,3.0,6.0,-3.0,26.6,54.3,0.55,1.61,11.09,27.9,13.09,9.64,18.36,0.9,1.09,10.36,51.82,51.2,18.55,45.1,13.33,441.45,88.2,0.55,35.45,74.9,28.18,56.8,54.18,12.0
Italy 1,2026-27,Torino,5.0,1.0,1.0,3.0,4.0,3.5,5.0,8.0,-3.0,25.5,53.9,0.93,0.8,7.78,35.7,10.74,15.37,13.7,1.82,1.48,13.15,52.04,50.5,24.07,43.1,13.91,444.07,86.0,0.56,40.74,70.5,40.19,53.0,57.22,7.96
Italy 1,2026-27,Genoa,5.0,0.0,1.0,4.0,1.0,6.0,3.0,10.0,-7.0,25.9,50.4,0.55,1.05,10.16,27.3,11.64,9.98,14.97,1.32,1.85,14.23,44.72,49.2,22.36,45.5,16.2,381.44,82.8,0.37,41.4,62.1,33.26,44.4,49.71,13.12
Italy 1,2026-27,Udinese,5.0,1.0,1.0,3.0,4.0,6.0,8.0,11.0,-3.0,27.1,49.3,1.48,1.43,11.67,38.1,13.89,7.59,19.81,1.85,2.04,14.81,40.37,57.8,22.59,50.0,15.78,395.37,83.9,0.93,40.93,68.3,37.04,53.5,55.19,14.07
Italy 1,2026-27,Napoli,5.0,2.0,1.0,2.0,6.0,6.8,7.0,6.0,1.0,29.0,48.9,1.28,1.55,11.71,34.4,17.93,17.01,22.87,1.71,1.1,14.09,49.39,55.6,25.43,55.4,16.36,436.28,86.8,1.28,49.57,79.3,33.11,55.2,61.65,10.98
Italy 1,2026-27,Atalanta,5.0,2.0,0.0,3.0,6.0,3.7,5.0,7.0,-2.0,26.3,47.5,0.93,0.84,10.62,29.8,10.06,15.84,16.77,2.0,1.3,16.77,55.71,52.8,18.45,51.5,18.6,471.99,88.7,0.93,44.72,82.5,24.6,53.8,54.78,13.6
Italy 1,2026-27,Sassuolo,5.0,2.0,1.0,2.0,7.0,7.0,9.0,9.0,0.0,25.3,47.1,1.66,1.76,15.89,41.9,12.01,14.41,22.55,1.77,1.66,14.05,48.42,53.4,13.86,50.7,20.77,419.88,87.6,1.29,40.1,76.0,31.05,57.1,56.37,13.49
Italy 1,2026-27,Monza,5.0,1.0,1.0,3.0,4.0,9.0,8.0,12.0,-4.0,24.0,46.5,1.49,2.03,12.67,48.5,13.98,11.55,18.63,1.33,2.24,10.25,61.49,59.7,25.34,47.1,15.93,370.62,80.6,1.68,51.43,65.9,40.81,47.9,60.0,10.99
Italy 1,2026-27,Fiorentina,5.0,1.0,1.0,3.0,3.0,8.2,6.0,12.0,-6.0,23.6,45.2,1.12,1.83,14.35,39.0,12.11,15.65,23.11,1.52,2.24,10.43,52.17,50.7,23.48,54.0,16.14,345.47,83.5,2.05,37.45,70.1,30.56,53.0,55.34,16.02
Italy 1,2026-27,Lazio,5.0,4.0,1.0,0.0,13.0,6.8,8.0,3.0,5.0,26.1,44.7,1.46,1.42,11.68,29.7,10.59,9.13,16.98,1.54,0.55,11.32,45.46,51.0,13.51,44.6,13.36,400.53,85.6,1.28,36.33,78.4,27.57,53.0,53.85,14.06
Italy 1,2026-27,Parma,5.0,1.0,1.0,3.0,1.0,3.3,4.0,7.0,-3.0,24.2,43.1,0.73,0.66,7.15,38.5,9.53,8.43,12.1,1.83,1.28,15.76,45.64,49.0,21.08,46.1,16.18,335.8,82.3,0.55,31.89,55.7,36.48,43.7,49.67,8.43
Italy 1,2026-27,Frosinone,5.0,3.0,1.0,1.0,7.0,4.2,9.0,4.0,5.0,23.9,40.8,1.62,1.48,14.61,35.8,9.56,13.53,20.2,2.46,0.72,17.49,65.11,54.6,28.14,51.3,9.0,251.42,73.5,0.36,38.6,60.7,36.43,42.6,52.48,12.08
Italy 1,2026-27,Cagliari,5.0,4.0,0.0,1.0,12.0,4.9,5.0,2.0,3.0,25.0,40.3,0.92,0.9,9.04,44.9,8.48,10.88,11.99,1.85,0.37,17.34,55.51,56.5,21.21,47.0,30.07,369.77,85.2,0.92,29.51,65.6,30.06,56.4,53.48,9.41
Italy 1,2026-27,Lecce,5.0,2.0,0.0,3.0,6.0,2.2,5.0,10.0,-5.0,25.7,39.3,0.93,0.87,7.27,41.0,7.45,14.72,10.99,2.56,1.86,14.91,63.35,54.4,28.14,42.4,16.94,326.27,80.1,1.49,37.83,56.7,33.73,45.9,50.12,10.99
Italy 2,2026-27,Ascoli,5.0,3.0,1.0,1.0,10.0,8.1,7.0,4.0,3.0,25.7,64.0,1.3,1.65,13.15,33.8,13.52,17.96,22.59,1.54,0.74,11.85,46.3,51.6,20.56,55.9,10.37,426.67,86.1,0.19,45.74,76.5,32.59,56.8,53.89,12.59
Italy 2,2026-27,Catanzaro,5.0,1.0,0.0,4.0,3.0,5.5,5.0,9.0,-4.0,27.0,59.1,0.93,1.2,12.27,27.3,15.81,12.27,18.78,1.76,1.67,13.2,42.58,52.0,21.76,50.4,12.24,460.6,85.7,0.74,47.98,74.4,38.12,52.2,65.45,11.34
Italy 2,2026-27,Juve Stabia,5.0,1.0,2.0,2.0,5.0,6.9,4.0,7.0,-3.0,25.4,58.5,0.72,1.53,12.68,31.4,13.76,12.68,17.2,1.48,1.27,12.68,41.29,57.0,21.73,45.0,10.36,446.38,84.9,1.09,39.84,65.0,32.6,46.7,60.12,12.13
Italy 2,2026-27,Cremonese,5.0,1.0,2.0,2.0,5.0,8.1,5.0,7.0,-2.0,27.0,57.6,0.92,1.26,11.0,35.0,14.85,10.26,13.75,0.95,1.28,9.71,37.76,53.4,19.43,50.9,14.71,511.04,85.7,1.1,55.36,74.5,41.06,57.6,62.51,10.45
Italy 2,2026-27,Hellas Verona,5.0,2.0,1.0,2.0,4.0,9.7,10.0,7.0,3.0,25.5,56.3,1.87,1.85,14.59,35.9,21.89,16.47,23.01,0.92,1.31,7.48,42.29,49.1,27.32,45.2,10.04,461.23,85.3,0.75,58.19,75.6,37.8,53.5,68.3,14.78
Italy 2,2026-27,Modena,5.0,3.0,1.0,1.0,7.0,9.5,8.0,4.0,4.0,27.1,54.5,1.48,1.94,18.56,35.0,15.59,18.37,23.75,1.0,0.74,9.28,42.68,53.0,17.81,51.0,12.84,449.63,86.9,2.78,50.47,74.3,34.14,58.7,61.42,14.85
Italy 2,2026-27,Palermo,5.0,4.0,1.0,0.0,13.0,8.0,10.0,5.0,5.0,28.7,51.4,1.8,1.67,13.71,35.5,15.33,7.58,19.3,1.36,0.9,12.81,47.07,49.8,26.87,51.0,11.45,387.23,81.3,0.72,45.27,67.3,37.7,49.8,54.29,10.82
Italy 2,2026-27,Südtirol,5.0,3.0,2.0,0.0,11.0,5.4,9.0,3.0,6.0,23.3,50.6,1.64,0.98,8.73,33.3,5.45,9.64,8.91,1.4,0.55,13.64,40.73,49.1,19.64,39.8,15.02,406.18,87.0,0.55,28.55,69.4,36.73,53.5,52.36,11.64
Italy 2,2026-27,Sampdoria,5.0,1.0,1.0,3.0,4.0,8.0,5.0,9.0,-4.0,27.7,50.4,0.91,1.72,14.09,35.1,19.57,11.89,23.23,1.42,1.65,10.24,44.09,51.9,24.15,53.8,12.72,410.12,81.9,1.83,47.74,68.2,36.77,53.7,62.56,10.24
Italy 2,2026-27,Virtus Entella,5.0,1.0,2.0,2.0,5.0,6.1,7.0,6.0,1.0,27.6,50.2,1.28,0.84,12.6,30.4,18.62,7.12,18.07,0.99,1.1,8.76,48.74,59.2,20.08,59.1,13.11,426.09,83.9,0.73,48.38,71.7,37.24,53.9,56.41,11.68
Italy 2,2026-27,Benevento,5.0,2.0,1.0,2.0,7.0,7.0,6.0,5.0,1.0,27.3,50.0,1.1,1.29,12.1,24.2,11.0,10.81,16.86,1.24,0.92,10.45,43.81,51.9,18.33,56.0,14.2,372.28,83.3,0.37,34.83,66.8,35.01,50.3,57.01,10.63
Italy 2,2026-27,Vicenza,5.0,1.0,2.0,2.0,5.0,7.6,7.0,10.0,-3.0,29.2,47.6,1.29,1.55,11.78,32.8,16.56,9.2,19.51,1.43,1.84,12.33,45.64,52.8,25.21,48.2,11.73,341.6,82.0,0.55,49.14,64.0,43.99,54.4,58.53,9.75
Italy 2,2026-27,Cesena,5.0,1.0,4.0,0.0,7.0,7.4,7.0,6.0,1.0,24.4,46.8,1.29,1.3,10.9,27.1,10.35,12.38,15.89,1.14,1.11,13.31,44.35,52.9,23.66,53.1,17.72,384.21,81.5,1.48,43.61,61.0,48.6,53.2,58.77,9.79
Italy 2,2026-27,Pisa,5.0,2.0,1.0,2.0,6.0,9.0,8.0,8.0,0.0,25.8,46.4,1.48,1.84,13.68,45.9,12.01,14.05,22.73,1.22,1.48,12.01,38.62,51.2,22.18,50.8,14.79,379.03,81.7,1.11,40.1,67.3,33.63,44.0,56.18,12.2
Italy 2,2026-27,Empoli,5.0,2.0,0.0,3.0,6.0,4.5,4.0,6.0,-2.0,24.5,46.2,0.73,0.86,9.16,28.0,12.28,8.43,11.55,1.53,1.1,13.93,46.01,53.8,20.71,38.1,17.86,369.9,82.0,0.92,41.06,58.9,39.78,45.2,57.37,8.43
Italy 2,2026-27,Mantova,5.0,3.0,2.0,0.0,10.0,7.1,10.0,5.0,5.0,24.6,45.8,1.84,1.31,10.7,43.1,7.19,9.22,14.75,1.27,0.92,11.07,54.04,56.7,26.19,49.3,13.1,385.64,82.6,1.11,47.03,65.9,41.68,48.7,62.7,11.25
Italy 2,2026-27,Avellino,5.0,2.0,1.0,2.0,7.0,5.4,7.0,6.0,1.0,26.3,43.7,1.28,1.03,9.49,40.4,10.95,9.49,12.96,1.65,1.1,16.98,54.22,54.5,25.19,55.8,16.56,349.96,82.9,0.73,33.41,67.2,41.08,56.0,58.97,10.59
Italy 2,2026-27,Arezzo,5.0,2.0,0.0,3.0,6.0,5.7,6.0,13.0,-7.0,26.3,43.0,1.09,1.22,10.73,25.4,17.64,13.09,13.45,1.63,2.36,11.82,50.18,54.3,27.82,49.0,17.39,328.36,82.0,1.09,38.91,72.4,39.27,62.5,52.73,9.27
Italy 2,2026-27,Padova,5.0,2.0,1.0,2.0,7.0,5.1,5.0,6.0,-1.0,25.9,41.0,0.93,1.23,10.83,34.5,16.43,10.08,17.18,1.75,1.12,15.31,53.4,50.7,26.7,47.6,13.06,332.37,79.0,0.37,42.57,57.9,44.07,46.6,59.0,8.78
Italy 2,2026-27,Carrarese,5.0,0.0,1.0,4.0,1.0,4.8,2.0,6.0,-4.0,23.4,38.1,0.37,1.09,10.56,26.3,10.93,7.96,14.44,1.63,1.11,14.26,49.63,53.7,25.0,51.1,18.54,329.26,77.7,0.37,39.44,60.6,37.41,43.1,60.56,12.04
Italy 3,2026-27,Juventus Next Gen,6.0,1.0,2.0,3.0,5.0,9.1,7.0,13.0,-6.0,20.8,65.7,1.06,1.5,11.67,35.1,15.91,16.52,16.97,1.22,1.97,9.24,42.58,58.7,23.03,50.0,9.25,524.39,87.8,0.61,55.45,77.3,37.12,56.7,61.06,13.33
Italy 3,2026-27,Spezia,5.0,4.0,1.0,0.0,13.0,9.6,9.0,2.0,7.0,24.3,61.6,1.63,1.86,10.66,35.6,12.83,14.46,16.63,1.17,0.36,7.41,43.73,55.4,29.28,51.9,6.89,378.25,83.3,0.54,49.52,66.4,39.58,49.3,56.93,11.39
Italy 3,2026-27,GIANA Erminio,6.0,0.0,2.0,4.0,1.0,4.0,5.0,9.0,-4.0,25.4,58.7,1.11,1.05,12.0,31.5,15.78,15.56,20.89,1.64,1.33,11.78,52.44,57.2,26.22,50.8,8.19,410.0,82.7,0.89,54.89,68.4,38.0,52.6,66.22,10.89
Italy 3,2026-27,Trento,5.0,2.0,3.0,0.0,9.0,5.8,5.0,3.0,2.0,25.0,58.3,1.15,1.32,14.73,25.0,17.26,15.19,19.1,1.21,0.23,10.59,46.96,55.4,25.78,56.3,7.38,404.65,81.9,0.69,47.65,73.9,46.96,58.8,68.13,12.89
Italy 3,2026-27,Ravenna,6.0,4.0,2.0,0.0,11.0,11.5,10.0,2.0,8.0,28.7,58.0,1.47,1.47,11.64,29.1,14.58,14.44,21.51,0.71,0.29,7.81,46.69,58.7,17.82,47.1,10.61,440.43,84.0,1.47,53.32,71.5,39.03,57.4,65.11,13.85
Italy 3,2026-27,Renate,6.0,0.0,2.0,4.0,2.0,8.8,5.0,10.0,-5.0,25.8,56.7,0.93,1.9,12.64,30.9,19.15,13.2,26.4,1.37,1.49,10.97,49.65,55.8,41.65,54.9,8.56,426.38,80.7,0.56,55.23,68.4,56.71,59.3,73.45,13.2
Italy 3,2026-27,Crotone,6.0,0.0,3.0,3.0,2.0,11.4,5.0,9.0,-4.0,24.2,56.2,0.75,1.66,14.25,30.5,13.35,13.35,15.75,0.99,1.35,8.85,43.5,54.5,22.5,50.0,9.78,416.85,84.5,1.2,51.15,68.3,39.6,54.9,58.35,10.95
Italy 3,2026-27,Catania,6.0,2.0,1.0,3.0,7.0,10.0,10.0,8.0,2.0,28.3,55.8,1.49,1.44,10.41,40.0,15.62,17.4,19.49,1.08,1.19,8.63,45.97,47.6,22.76,51.6,9.75,380.53,82.8,2.08,44.33,69.8,39.72,59.9,58.17,12.64
Italy 3,2026-27,Guidonia Montecelio,5.0,2.0,2.0,1.0,8.0,7.6,7.0,4.0,3.0,27.3,54.8,1.28,1.1,10.26,33.9,17.41,10.08,16.13,0.91,0.73,8.8,50.04,58.6,26.03,52.1,9.4,418.47,80.3,0.18,45.09,64.2,50.04,49.5,72.59,8.25
Italy 3,2026-27,Foggia,6.0,1.0,2.0,3.0,5.0,7.9,4.0,7.0,-3.0,24.9,54.7,0.71,1.18,14.73,24.1,13.14,11.01,19.17,0.93,0.71,10.83,46.15,51.2,26.98,46.7,9.17,382.9,81.0,1.07,47.4,64.4,41.54,47.4,61.24,15.09
Italy 3,2026-27,Pescara,6.0,2.0,2.0,2.0,5.0,12.0,8.0,9.0,-1.0,25.5,54.2,1.19,2.3,16.21,30.3,15.32,14.88,21.12,1.24,1.34,10.71,45.22,49.3,15.32,45.6,13.28,392.58,84.0,0.3,50.73,73.3,42.1,59.4,64.41,12.05
Italy 3,2026-27,Lecco,6.0,2.0,2.0,2.0,7.0,7.5,4.0,3.0,1.0,23.6,54.0,0.71,1.57,12.07,44.1,7.99,9.23,15.09,1.41,0.53,11.36,45.98,54.4,27.87,49.7,10.43,408.99,83.9,0.71,38.88,70.8,34.44,47.4,63.73,12.6
Italy 3,2026-27,Grosseto,6.0,3.0,3.0,0.0,9.0,8.9,9.0,4.0,5.0,22.8,53.9,1.63,1.57,14.7,38.3,10.34,8.53,18.15,1.01,0.73,9.07,43.73,52.7,30.12,54.2,9.19,353.65,81.3,0.54,40.1,62.4,42.82,55.9,59.52,11.98
Italy 3,2026-27,Vado,6.0,1.0,1.0,4.0,4.0,7.6,5.0,8.0,-3.0,26.4,53.5,0.74,1.33,8.75,30.5,13.64,6.38,13.49,1.52,1.19,10.53,42.7,58.3,22.39,52.3,14.76,361.33,82.1,0.0,43.0,71.4,38.85,55.7,55.16,8.3
Italy 3,2026-27,Scafatese,6.0,1.0,4.0,1.0,7.0,8.1,8.0,9.0,-1.0,28.3,53.4,1.2,1.21,10.93,34.2,9.88,10.78,10.63,1.22,1.35,11.08,46.87,51.8,23.96,51.9,13.88,399.08,83.3,0.6,41.03,64.6,44.03,50.7,56.46,8.09
Italy 3,2026-27,Brescia,6.0,4.0,2.0,0.0,11.0,12.1,11.0,3.0,8.0,26.3,53.1,1.66,1.55,12.1,36.3,14.67,11.65,17.09,0.75,0.45,9.53,55.97,57.6,24.35,48.4,9.35,382.69,81.7,1.21,45.08,66.1,43.41,51.6,63.98,8.92
Italy 3,2026-27,Alcione Milano,6.0,2.0,3.0,1.0,9.0,7.2,9.0,10.0,-1.0,24.9,52.4,1.33,1.27,10.81,37.0,10.21,11.4,13.03,1.56,1.48,14.36,37.45,56.1,26.05,47.7,14.09,397.15,81.6,1.18,39.38,69.9,42.34,52.1,68.09,12.58
Italy 3,2026-27,Pineto,6.0,1.0,4.0,1.0,6.0,7.9,6.0,6.0,0.0,25.1,52.3,1.04,1.17,11.94,39.1,11.77,14.02,12.12,0.84,0.69,7.1,42.06,61.3,25.79,45.6,10.55,322.62,81.0,0.35,44.48,68.9,39.29,53.7,51.06,9.17
Italy 3,2026-27,Cavese,6.0,1.0,2.0,3.0,5.0,10.7,8.0,12.0,-4.0,25.3,52.2,1.21,1.48,10.91,30.6,14.24,11.06,14.39,0.86,1.82,8.79,48.79,48.8,27.73,56.8,10.71,389.39,83.4,1.52,42.73,64.9,38.48,49.6,55.61,9.7
Italy 3,2026-27,Bari,6.0,4.0,1.0,1.0,13.0,5.5,9.0,4.0,5.0,26.1,52.2,1.36,0.74,8.46,42.9,11.33,9.97,11.63,1.42,0.6,12.68,45.3,51.7,22.95,53.3,13.2,402.73,83.8,1.21,43.19,63.3,36.09,48.5,53.46,9.66
Italy 3,2026-27,Team Altamura,6.0,2.0,1.0,3.0,7.0,7.6,4.0,8.0,-4.0,25.4,51.7,0.6,1.01,6.93,41.3,9.5,12.51,12.81,1.13,1.21,9.95,48.09,51.4,20.95,45.3,16.02,429.8,86.0,1.06,39.05,74.9,34.07,54.4,54.57,10.4
Italy 3,2026-27,Casertana,6.0,3.0,3.0,0.0,12.0,8.5,11.0,8.0,3.0,28.4,51.7,1.64,1.29,11.9,33.8,13.98,11.9,16.51,1.34,1.19,9.82,44.93,49.3,29.31,50.8,11.08,345.42,82.2,0.89,43.74,56.8,45.22,55.6,53.26,7.29
Italy 3,2026-27,Vis Pesaro,5.0,0.0,1.0,4.0,1.0,3.2,5.0,12.0,-7.0,24.6,51.3,0.91,0.93,8.22,33.3,11.14,13.14,11.5,2.22,2.19,17.71,46.92,48.6,25.19,50.0,10.19,344.85,81.3,0.73,41.99,64.8,37.06,49.8,52.58,9.31
Italy 3,2026-27,Casarano,6.0,3.0,1.0,2.0,10.0,7.2,10.0,10.0,0.0,30.3,51.2,1.47,1.46,9.72,40.9,14.29,16.06,13.55,1.72,1.47,15.76,52.44,56.2,17.09,48.3,12.65,368.25,82.8,0.88,38.0,64.3,42.42,56.6,59.95,9.57
Italy 3,2026-27,Latina,6.0,1.0,2.0,3.0,5.0,8.4,5.0,8.0,-3.0,26.1,51.1,0.73,0.99,11.89,30.9,19.53,12.77,19.38,0.88,1.17,7.34,44.34,57.0,31.13,59.0,8.67,353.98,78.2,0.59,44.19,66.8,33.33,53.3,60.2,12.19
Italy 3,2026-27,Pergolettese,6.0,1.0,3.0,2.0,5.0,5.2,1.0,3.0,-2.0,25.2,51.0,0.18,0.73,8.1,24.4,9.54,11.16,8.64,1.13,0.54,10.62,51.3,57.5,34.56,48.4,10.27,350.82,80.6,0.36,33.84,62.8,45.9,54.5,58.14,12.96
Italy 3,2026-27,Monopoli,6.0,2.0,2.0,2.0,8.0,7.8,5.0,4.0,1.0,25.8,50.7,0.75,0.87,8.13,27.8,15.2,13.09,13.85,0.92,0.6,9.63,46.96,49.4,19.41,51.9,12.99,397.63,83.8,0.75,43.95,69.9,33.56,52.0,58.7,13.7
Italy 3,2026-27,Ospitaletto,6.0,3.0,2.0,1.0,11.0,11.0,11.0,5.0,6.0,25.0,50.2,2.01,1.88,13.54,40.5,13.35,10.43,20.85,0.78,0.73,7.68,47.74,57.5,24.7,47.6,14.0,402.75,82.5,0.9,40.65,69.0,51.0,57.1,68.4,10.8
Italy 3,2026-27,Potenza,6.0,4.0,1.0,1.0,10.0,10.2,13.0,8.0,5.0,26.3,50.0,1.97,1.8,14.7,43.3,10.0,15.0,19.7,1.26,1.21,11.36,41.52,49.6,22.88,57.0,11.84,333.48,83.9,0.61,33.94,70.1,37.88,58.8,55.61,10.45
Italy 3,2026-27,Audace Cerignola,6.0,3.0,1.0,2.0,10.0,9.3,10.0,5.0,5.0,24.2,50.0,1.49,1.35,12.09,35.8,13.88,10.75,15.67,1.18,0.75,10.6,47.01,57.5,24.18,50.6,9.54,327.61,79.3,0.6,39.55,69.1,36.42,52.5,59.55,11.79
Italy 3,2026-27,Sorrento,6.0,5.0,0.0,1.0,15.0,9.1,10.0,5.0,5.0,25.8,49.7,1.46,1.35,9.04,38.7,11.38,8.46,13.27,1.07,0.73,8.9,55.87,53.5,30.34,46.2,12.97,380.57,80.7,0.15,42.74,60.8,47.41,51.4,60.83,9.63
Italy 3,2026-27,Lumezzane,5.0,1.0,2.0,2.0,5.0,4.8,4.0,6.0,-2.0,24.8,49.4,0.73,1.09,13.01,38.0,13.75,7.88,17.05,1.71,1.1,13.93,45.64,53.4,31.89,40.2,11.52,346.07,80.2,0.18,46.74,65.5,47.66,51.9,61.77,8.8
Italy 3,2026-27,Folgore Caratese,6.0,0.0,3.0,3.0,2.0,7.1,6.0,9.0,-3.0,23.5,48.5,1.05,1.02,11.21,37.5,16.98,7.18,14.88,0.95,1.4,9.28,50.6,55.4,31.52,43.9,10.87,342.32,79.6,0.53,46.93,63.1,42.55,58.4,60.93,10.16
Italy 3,2026-27,Campobasso,6.0,2.0,2.0,2.0,7.0,5.9,9.0,9.0,0.0,26.1,48.3,1.55,1.78,12.59,30.1,16.03,11.9,19.31,2.0,1.21,9.14,40.86,59.1,23.1,56.0,11.6,314.31,77.5,1.03,38.62,61.6,36.38,53.1,53.45,11.55
Italy 3,2026-27,Forlì,6.0,2.0,3.0,1.0,9.0,7.3,12.0,10.0,2.0,23.9,48.2,1.78,1.21,9.49,39.1,10.68,8.3,15.12,1.34,1.48,10.82,40.63,58.0,23.28,46.5,13.83,322.19,78.3,0.59,43.59,63.9,41.07,47.7,50.71,10.08
Italy 3,2026-27,Atalanta U23,6.0,3.0,0.0,3.0,9.0,6.7,7.0,9.0,-2.0,20.1,47.9,1.04,1.22,9.97,32.8,11.6,13.39,14.73,1.67,1.34,13.24,46.56,51.8,18.89,49.6,9.86,339.02,82.9,0.74,42.84,69.1,31.24,52.4,54.6,12.94
Italy 3,2026-27,Cittadella,6.0,6.0,0.0,0.0,15.0,9.7,10.0,2.0,8.0,26.8,47.6,1.84,1.74,14.33,34.6,18.18,9.37,20.39,0.98,0.37,8.08,56.2,59.2,31.78,49.5,10.26,337.12,78.1,0.3,46.51,60.5,48.46,55.3,54.63,7.98
Italy 3,2026-27,Livorno,5.0,3.0,1.0,1.0,10.0,7.4,6.0,5.0,1.0,27.3,47.5,1.05,1.51,9.07,46.2,8.72,6.45,13.43,1.26,0.87,8.55,46.57,49.4,30.7,50.0,10.31,314.13,80.2,0.7,38.02,59.2,44.48,50.2,57.21,5.06
Italy 3,2026-27,Torres,6.0,3.0,1.0,2.0,10.0,9.4,8.0,8.0,0.0,28.5,47.2,1.18,1.79,11.69,34.2,11.84,7.11,18.36,1.57,1.18,13.32,48.55,49.1,29.75,53.7,10.47,315.0,74.1,0.74,49.88,55.8,48.4,46.2,61.28,7.55
Italy 3,2026-27,Cosenza,6.0,0.0,2.0,4.0,2.0,6.1,5.0,15.0,-10.0,24.5,47.2,0.75,1.16,9.32,45.2,11.27,10.67,13.37,1.63,2.25,10.97,47.03,53.4,23.29,38.7,12.2,320.33,80.4,0.75,40.72,66.1,36.21,50.6,54.09,9.77
Italy 3,2026-27,Pro Vercelli,5.0,1.0,2.0,2.0,5.0,5.5,5.0,6.0,-1.0,24.3,47.2,0.89,1.2,11.25,41.3,15.89,14.82,14.11,1.62,1.07,15.18,50.18,48.8,28.04,51.0,12.13,314.82,81.2,0.36,37.32,63.6,42.32,56.5,57.14,11.25
Italy 3,2026-27,Desenzano Calvina,5.0,1.0,2.0,2.0,5.0,5.2,4.0,6.0,-2.0,27.3,47.0,0.73,1.4,10.22,30.4,14.42,11.32,17.16,1.86,1.1,14.06,44.18,57.0,24.28,46.6,14.34,342.47,80.4,0.55,39.98,66.7,38.7,57.5,58.42,13.69
Italy 3,2026-27,Savoia,6.0,1.0,3.0,2.0,6.0,6.3,7.0,7.0,0.0,23.4,46.6,1.03,1.03,10.31,37.1,12.08,10.75,16.2,1.49,1.03,10.61,49.79,51.5,31.23,42.9,9.69,276.33,75.9,0.88,46.1,53.4,43.16,45.4,53.18,8.84
Italy 3,2026-27,Salernitana,6.0,2.0,3.0,1.0,9.0,9.4,9.0,7.0,2.0,27.2,46.5,1.31,1.67,12.27,35.7,16.51,14.17,16.51,1.34,1.02,12.71,47.63,49.1,28.64,55.1,13.03,319.97,80.8,1.46,40.18,67.3,35.21,51.5,51.43,10.08
Italy 3,2026-27,Sambenedettese,5.0,0.0,1.0,4.0,1.0,5.0,6.0,10.0,-4.0,25.7,46.1,1.07,1.27,9.66,31.5,13.24,7.87,16.64,1.86,1.79,15.75,48.31,50.0,22.37,52.0,10.57,308.47,76.7,0.89,41.87,68.4,41.51,50.0,67.63,8.59
Italy 3,2026-27,Picerno,6.0,3.0,0.0,3.0,9.0,7.4,12.0,10.0,2.0,27.5,46.1,1.79,1.27,10.75,40.3,10.3,11.34,13.58,1.56,1.49,10.75,48.81,59.0,29.4,52.8,12.83,326.87,78.9,1.49,40.45,54.6,44.33,44.8,51.79,7.16
Italy 3,2026-27,Internazionale II,6.0,3.0,1.0,2.0,10.0,8.4,11.0,11.0,0.0,21.8,45.8,1.94,1.56,10.96,37.1,13.79,12.73,15.56,1.12,1.59,9.02,48.62,57.1,19.63,48.6,13.86,358.41,84.2,0.18,44.2,74.8,30.41,55.8,56.4,13.08
Italy 3,2026-27,Reggiana,6.0,4.0,2.0,0.0,11.0,9.6,12.0,5.0,7.0,26.1,45.7,1.79,1.57,11.32,34.2,10.73,7.3,14.75,1.26,0.75,10.58,53.79,51.2,29.35,47.2,9.13,332.14,79.0,0.75,39.19,56.3,36.36,45.5,56.47,9.09
Italy 3,2026-27,Carpi,6.0,1.0,3.0,2.0,5.0,5.9,10.0,12.0,-2.0,25.8,45.6,1.51,0.99,8.88,49.2,8.28,5.72,11.44,1.57,1.81,13.7,53.43,53.8,27.69,58.7,12.81,361.05,80.5,1.05,41.09,60.4,39.28,51.3,56.14,6.17
Italy 3,2026-27,Treviso,5.0,2.0,2.0,1.0,8.0,7.1,7.0,6.0,1.0,28.2,45.6,1.24,1.2,11.85,23.9,12.73,6.72,15.38,1.07,1.06,10.61,46.33,55.0,26.52,57.3,10.24,273.18,73.9,0.35,42.26,55.2,45.62,48.1,52.16,5.3
Italy 3,2026-27,AlbinoLeffe,6.0,2.0,2.0,2.0,5.0,7.6,9.0,8.0,1.0,24.1,44.9,1.34,1.17,10.0,29.9,7.31,9.85,13.88,1.38,1.19,11.19,47.46,60.4,29.7,47.7,14.15,365.52,81.1,0.45,41.79,56.1,43.43,43.0,58.51,9.1
Italy 3,2026-27,Barletta,6.0,1.0,4.0,1.0,7.0,6.7,10.0,9.0,1.0,29.3,44.2,1.51,1.21,11.89,34.2,11.44,13.39,12.34,1.54,1.35,11.89,53.58,56.5,23.33,53.5,13.94,320.87,82.5,0.3,33.71,67.4,36.72,52.5,51.77,10.84
Italy 3,2026-27,Ostia Mare Lidocalcio,6.0,2.0,0.0,4.0,3.0,5.1,7.0,8.0,-1.0,26.5,44.0,1.27,1.07,8.86,34.7,8.13,9.22,14.82,1.51,1.45,13.01,51.69,54.5,27.65,46.4,12.08,292.05,78.2,0.9,35.24,61.0,35.24,47.2,54.94,9.22
Italy 3,2026-27,Arzignano Valchiampo,6.0,3.0,1.0,2.0,7.0,7.7,7.0,7.0,0.0,23.2,44.0,1.28,1.42,11.48,38.1,12.75,10.02,15.12,1.16,1.09,11.84,48.46,51.5,28.42,52.6,17.15,367.65,82.1,1.09,48.64,67.8,45.0,54.7,60.85,9.29
Italy 3,2026-27,Gubbio,6.0,2.0,1.0,3.0,7.0,4.2,9.0,11.0,-2.0,26.1,43.9,1.6,1.05,7.29,41.5,10.32,7.47,8.72,1.9,1.6,15.12,51.23,51.7,24.9,47.1,11.92,300.77,76.9,0.36,39.66,54.3,38.95,49.8,52.83,8.18
Italy 3,2026-27,Pianese,5.0,0.0,2.0,3.0,2.0,6.2,1.0,5.0,-4.0,23.3,43.7,0.18,1.36,12.67,33.3,13.41,10.29,17.08,1.75,0.92,11.57,50.51,59.6,31.41,42.1,14.42,315.55,76.1,1.47,44.45,51.7,47.57,48.3,58.41,8.45
Italy 3,2026-27,Perugia,6.0,2.0,1.0,3.0,7.0,6.5,5.0,11.0,-6.0,25.1,43.6,0.9,1.14,9.16,35.3,10.78,12.75,11.68,1.44,1.62,10.24,47.07,58.8,25.69,46.9,10.3,261.92,74.1,0.54,30.0,61.7,33.77,48.9,52.81,7.72
Italy 3,2026-27,Dolomiti Bellunesi,5.0,2.0,3.0,0.0,9.0,5.6,4.0,2.0,2.0,23.3,43.5,0.71,0.79,7.5,38.1,11.07,7.86,9.46,1.09,0.36,11.25,43.57,53.3,26.79,52.7,13.48,318.21,77.0,0.71,40.0,47.8,44.46,45.8,51.43,6.07
Italy 3,2026-27,Giugliano,6.0,1.0,1.0,4.0,4.0,5.7,11.0,16.0,-5.0,25.8,43.0,1.59,1.15,9.84,42.6,7.38,7.96,11.29,1.95,2.32,13.6,45.0,50.5,22.57,48.1,13.34,287.36,78.9,0.43,36.61,64.8,38.78,49.3,47.75,7.38
Italy 3,2026-27,Novara,6.0,1.0,3.0,2.0,5.0,6.9,6.0,7.0,-1.0,25.7,40.0,0.92,1.15,11.59,26.3,13.27,11.14,14.49,1.49,1.07,11.59,52.63,54.5,32.49,48.4,14.79,311.64,77.8,0.76,43.63,66.8,43.93,56.9,62.69,8.54
Kazakhstan 1,2026-27,Astana,25.0,14.0,6.0,5.0,48.0,43.5,42.0,25.0,17.0,27.7,60.1,1.56,1.58,14.2,38.4,14.17,16.5,20.62,1.07,0.93,11.42,52.88,57.4,27.59,50.7,9.4,496.76,87.6,2.26,53.33,73.9,45.57,60.9,71.2,13.68
Kazakhstan 1,2026-27,Ordabasy,26.0,19.0,4.0,3.0,61.0,55.8,51.0,18.0,33.0,29.2,55.9,1.8,2.1,16.23,35.1,18.35,16.37,23.52,0.85,0.64,7.82,46.08,58.9,34.69,52.3,9.04,376.66,82.6,3.15,53.15,72.7,39.36,55.3,66.8,14.96
Kazakhstan 1,2026-27,Aktobe,26.0,12.0,6.0,8.0,42.0,38.1,38.0,31.0,7.0,30.5,55.1,1.33,1.3,12.39,34.2,13.51,16.94,15.78,1.21,1.08,10.6,45.66,57.8,37.3,51.7,8.82,356.22,82.2,2.38,43.85,65.6,40.1,54.1,60.22,11.13
Kazakhstan 1,2026-27,Kairat,26.0,17.0,6.0,3.0,57.0,50.4,51.0,20.0,31.0,26.1,54.8,1.82,1.77,14.7,37.0,15.2,16.66,18.69,0.88,0.71,8.51,50.16,59.3,37.52,46.1,9.72,395.39,82.7,3.24,54.29,68.2,41.69,52.4,66.33,12.53
Kazakhstan 1,2026-27,Tobol,26.0,10.0,4.0,12.0,34.0,35.4,33.0,35.0,-2.0,28.5,53.8,1.17,1.39,12.43,29.1,12.78,15.76,17.63,1.49,1.24,13.17,51.02,57.9,34.2,48.1,8.48,350.16,81.1,2.27,50.1,67.7,38.66,53.5,62.95,11.4
Kazakhstan 1,2026-27,Zhetysu,26.0,5.0,7.0,14.0,22.0,27.7,26.0,44.0,-18.0,28.8,51.2,0.9,0.98,8.79,36.0,13.59,9.63,12.89,1.48,1.53,10.49,52.26,56.7,33.32,43.6,10.04,342.49,80.0,2.02,43.82,61.8,48.2,54.1,63.52,8.1
Kazakhstan 1,2026-27,Irtysh,25.0,6.0,8.0,11.0,26.0,34.5,26.0,34.0,-8.0,26.8,50.5,0.94,1.42,10.85,36.0,12.44,15.23,15.05,1.36,1.23,11.39,50.14,54.0,32.59,46.5,11.32,328.46,80.2,2.71,44.75,65.9,40.77,51.5,61.13,12.91
Kazakhstan 1,2026-27,Zhenys,26.0,8.0,8.0,10.0,32.0,29.3,26.0,32.0,-6.0,31.0,50.3,0.93,1.1,9.98,36.4,12.79,11.26,14.32,1.37,1.14,11.33,50.95,58.9,39.3,44.8,11.16,330.75,81.0,3.49,47.49,65.4,53.76,58.2,64.99,10.15
Kazakhstan 1,2026-27,Ulytau,26.0,8.0,8.0,10.0,32.0,30.7,24.0,32.0,-8.0,30.4,49.9,0.85,1.09,10.11,33.0,13.24,15.79,12.63,1.35,1.14,11.71,50.04,55.8,33.5,41.6,11.83,327.03,79.3,3.97,45.04,64.9,43.76,49.7,65.26,11.64
Kazakhstan 1,2026-27,Okzhetpes,26.0,13.0,6.0,7.0,45.0,32.9,41.0,35.0,6.0,25.5,49.7,1.44,1.4,12.22,34.6,14.3,14.34,14.79,1.65,1.23,13.7,53.4,58.2,34.77,48.1,11.21,333.79,79.7,2.96,47.69,62.3,46.14,51.3,64.36,10.36
Kazakhstan 1,2026-27,Yelimay Semey,25.0,10.0,8.0,7.0,38.0,43.9,35.0,33.0,2.0,25.9,49.6,1.29,1.66,13.36,31.7,13.8,16.97,18.0,1.14,1.21,9.2,56.72,62.2,41.26,47.1,8.01,283.21,75.5,2.76,46.2,59.3,43.8,49.8,58.97,10.09
Kazakhstan 1,2026-27,Kaisar,26.0,4.0,12.0,10.0,24.0,27.4,22.0,33.0,-11.0,27.6,46.4,0.77,0.91,10.01,33.4,11.58,14.65,11.3,1.41,1.15,12.41,53.63,56.2,37.76,44.6,11.72,315.05,78.5,2.65,44.18,60.3,45.54,48.2,58.02,9.62
Kazakhstan 1,2026-27,Caspiy,26.0,8.0,5.0,13.0,29.0,29.3,27.0,36.0,-9.0,23.4,45.1,0.94,1.09,8.14,38.2,9.26,13.67,12.93,1.59,1.26,14.02,48.48,58.8,31.07,43.3,13.72,285.73,78.4,1.92,37.22,58.1,41.35,48.6,53.86,9.19
Kazakhstan 1,2026-27,Kyzyl-Zhar,26.0,6.0,7.0,13.0,25.0,31.4,28.0,39.0,-11.0,29.0,43.6,0.99,1.16,10.18,36.1,10.42,12.93,13.5,1.36,1.38,12.4,54.98,57.0,40.28,46.9,11.2,273.04,76.2,2.51,42.79,57.9,40.04,49.1,56.82,7.77
Kazakhstan 1,2026-27,Altay,26.0,5.0,8.0,13.0,23.0,33.6,25.0,38.0,-13.0,27.1,41.8,0.89,1.26,11.0,33.7,10.6,13.84,14.63,1.47,1.35,12.06,57.47,60.7,35.16,45.1,14.3,288.72,76.8,2.46,41.67,58.5,44.95,51.9,60.21,9.0
Kazakhstan 1,2026-27,Atyrau,25.0,4.0,11.0,10.0,23.0,26.3,18.0,28.0,-10.0,30.1,41.4,0.67,0.92,8.28,28.6,12.27,9.09,13.56,1.4,1.03,12.38,50.1,61.0,35.99,44.3,15.41,278.76,74.7,2.44,42.04,56.9,50.39,49.8,59.22,8.28
Korea 1,2026-27,Seoul,30.0,19.0,5.0,6.0,62.0,55.0,56.0,25.0,31.0,28.6,57.0,1.64,1.73,11.65,38.3,15.07,16.27,20.03,0.92,0.73,8.32,44.56,59.2,30.95,44.5,10.39,401.64,84.7,2.54,45.29,72.0,39.45,59.0,61.03,11.59
Korea 1,2026-27,Gimcheon Sangmu,30.0,5.0,18.0,7.0,33.0,40.3,30.0,36.0,-6.0,25.8,56.3,0.89,1.26,11.01,31.2,13.44,13.12,17.64,1.34,1.07,9.41,48.7,59.9,36.56,46.6,11.06,420.87,84.8,2.78,43.67,67.6,39.14,57.6,63.0,11.25
Korea 1,2026-27,Jeonbuk Motors,30.0,11.0,11.0,8.0,43.0,47.0,38.0,28.0,10.0,29.1,55.8,1.1,1.48,12.21,36.0,15.02,12.35,19.06,1.23,0.81,9.68,42.46,61.6,33.65,49.9,11.15,417.25,86.5,1.54,43.18,73.4,37.05,57.3,58.32,12.73
Korea 1,2026-27,Daejeon Citizen,30.0,10.0,10.0,10.0,39.0,43.1,46.0,37.0,9.0,29.6,54.6,1.34,1.33,10.6,35.8,15.39,12.88,19.66,1.24,1.08,9.7,44.28,60.0,35.14,48.0,11.1,419.65,84.2,2.28,48.29,70.6,39.96,58.6,64.76,10.46
Korea 1,2026-27,Incheon United,29.0,10.0,8.0,11.0,37.0,45.0,36.0,33.0,3.0,29.2,51.6,1.08,1.24,9.1,33.8,12.53,14.16,14.67,0.97,0.99,8.34,43.34,58.7,28.01,47.4,13.16,393.61,84.3,1.96,41.05,66.3,38.04,52.3,55.99,10.99
Korea 1,2026-27,Gangwon,29.0,10.0,12.0,7.0,42.0,45.2,36.0,28.0,8.0,27.7,51.4,1.1,1.26,11.48,35.9,14.37,12.12,17.09,1.03,0.85,8.03,49.75,60.6,43.76,48.2,9.4,353.38,80.1,2.01,52.74,67.5,44.98,56.7,63.6,10.13
Korea 1,2026-27,Pohang Steelers,30.0,11.0,7.0,12.0,37.0,43.6,28.0,34.0,-6.0,27.3,50.4,0.83,1.19,9.47,32.4,11.26,12.07,14.33,1.11,1.01,10.07,43.05,61.4,36.17,48.3,13.88,378.23,85.1,2.09,40.31,68.7,37.54,58.0,54.28,8.88
Korea 1,2026-27,Gwangju,30.0,1.0,12.0,17.0,14.0,24.5,21.0,63.0,-42.0,27.4,47.9,0.62,0.86,7.76,34.9,10.46,13.55,10.87,1.75,1.87,13.46,47.45,56.4,28.61,42.6,15.46,365.32,85.0,1.6,35.3,66.9,35.54,53.8,53.6,9.51
Korea 1,2026-27,Ulsan Hyundai,30.0,14.0,5.0,11.0,47.0,46.5,45.0,40.0,5.0,30.4,46.1,1.32,1.54,11.58,36.5,11.72,13.4,16.48,1.31,1.18,11.08,48.42,60.8,31.29,50.6,15.27,354.68,82.2,1.76,38.9,68.1,35.14,51.7,58.09,10.2
Korea 1,2026-27,Jeju SK,30.0,12.0,10.0,8.0,43.0,44.0,35.0,29.0,6.0,27.3,45.6,1.03,1.2,11.11,34.3,11.49,13.73,14.18,1.1,0.86,10.07,47.58,59.2,34.68,47.9,12.64,331.91,82.2,1.06,40.79,68.6,35.8,52.2,53.55,10.28
Korea 1,2026-27,Anyang,30.0,9.0,11.0,10.0,38.0,31.0,38.0,47.0,-9.0,28.4,44.3,1.11,1.03,8.61,37.2,8.93,9.37,12.1,1.56,1.37,12.19,48.71,58.4,36.95,47.0,12.69,326.92,81.8,1.92,35.59,65.2,33.99,53.4,52.75,7.86
Korea 1,2026-27,Bucheon 1995,30.0,7.0,11.0,12.0,32.0,29.9,31.0,40.0,-9.0,28.1,38.6,0.91,0.91,8.55,36.4,8.87,11.87,10.96,1.47,1.17,12.69,45.53,56.7,38.66,46.3,16.09,267.12,80.1,1.32,34.31,65.8,32.6,52.6,46.7,6.99
Korea 2,2026-27,Suwon Bluewings,25.0,16.0,5.0,4.0,53.0,45.5,39.0,20.0,19.0,26.2,57.8,1.36,1.47,11.7,37.9,16.69,17.28,18.19,0.8,0.7,7.89,44.72,62.6,34.46,47.9,9.57,389.46,84.5,1.43,45.21,73.4,31.94,55.6,56.14,12.99
Korea 2,2026-27,Chungbuk Cheongju,26.0,5.0,14.0,7.0,26.0,34.9,31.0,41.0,-10.0,26.3,55.9,1.06,1.19,10.01,34.4,12.26,15.7,14.54,1.21,1.4,9.16,48.22,62.0,34.7,44.7,12.16,397.08,84.8,2.08,44.91,72.9,39.84,59.3,61.8,13.38
Korea 2,2026-27,Seongnam,25.0,7.0,10.0,8.0,30.0,35.9,28.0,30.0,-2.0,27.1,53.3,0.99,1.25,10.63,30.3,15.02,14.03,15.27,1.13,1.06,10.17,42.8,61.3,28.95,50.7,12.9,393.73,83.2,2.23,43.65,69.7,36.04,53.8,58.25,10.49
Korea 2,2026-27,Daegu,26.0,13.0,7.0,6.0,46.0,43.7,48.0,35.0,13.0,26.9,53.2,1.62,1.68,12.65,38.4,14.98,14.51,18.56,1.23,1.18,10.87,45.39,58.3,32.23,52.0,11.33,361.08,83.3,1.72,42.86,70.9,36.28,55.3,55.61,12.05
Korea 2,2026-27,Seoul E-Land,26.0,14.0,6.0,6.0,48.0,46.8,45.0,30.0,15.0,26.9,52.2,1.52,1.58,12.48,41.2,14.3,13.19,18.7,0.99,1.01,8.79,46.12,58.1,34.55,55.1,10.25,414.26,85.0,1.83,49.8,72.8,36.24,60.1,61.7,9.74
Korea 2,2026-27,Suwon,25.0,13.0,9.0,3.0,48.0,38.1,50.0,29.0,21.0,27.4,52.0,1.76,1.56,12.07,37.0,11.96,12.28,16.54,1.34,1.02,9.96,44.4,59.7,31.49,48.0,11.28,378.37,83.7,1.86,42.04,71.0,34.52,55.1,58.79,10.03
Korea 2,2026-27,Gyeongnam,25.0,8.0,10.0,7.0,33.0,34.5,31.0,30.0,1.0,26.7,50.1,1.1,1.01,9.72,33.8,11.32,13.76,12.55,1.06,1.06,9.83,52.69,56.2,33.84,48.1,10.35,349.67,82.4,1.94,40.14,61.3,37.31,50.3,54.92,9.51
Korea 2,2026-27,Busan I'Park,26.0,12.0,5.0,9.0,41.0,35.8,41.0,34.0,7.0,28.1,50.0,1.39,1.39,11.34,34.7,11.65,13.92,16.44,1.36,1.15,10.6,50.23,57.0,30.57,43.0,11.99,365.3,82.5,1.29,44.08,65.1,36.51,49.9,54.48,9.68
Korea 2,2026-27,Gimpo Citizen,25.0,8.0,11.0,6.0,35.0,39.0,31.0,30.0,1.0,30.7,49.8,1.09,1.3,11.16,32.3,15.25,13.28,16.49,1.06,1.06,8.79,49.71,59.0,34.53,46.3,10.93,380.44,81.9,2.37,47.28,66.9,38.52,52.8,62.74,9.36
Korea 2,2026-27,Chungnam Asan,25.0,9.0,7.0,9.0,34.0,33.8,34.0,31.0,3.0,29.0,48.9,1.21,1.14,10.31,38.3,12.55,13.08,15.6,1.17,1.1,10.27,48.84,59.6,37.11,46.8,11.81,357.58,82.0,2.88,45.5,67.6,41.98,56.1,63.77,7.5
Korea 2,2026-27,Cheonan City,26.0,4.0,11.0,11.0,23.0,30.3,30.0,37.0,-7.0,26.6,48.4,1.01,1.19,10.46,34.4,12.64,11.4,12.84,1.51,1.24,11.97,46.26,56.5,37.45,47.2,10.79,345.58,80.4,2.32,50.26,65.9,47.4,56.2,63.81,7.83
Korea 2,2026-27,Yongin,25.0,5.0,12.0,8.0,26.0,35.3,31.0,35.0,-4.0,28.1,48.1,1.1,1.15,8.25,38.6,10.09,13.64,12.79,1.11,1.24,10.06,48.84,58.9,30.21,47.1,12.06,336.73,82.5,1.7,35.84,63.7,36.13,52.4,50.9,9.74
Korea 2,2026-27,Jeonnam Dragons,25.0,4.0,9.0,12.0,21.0,29.8,28.0,43.0,-15.0,28.7,47.5,0.98,1.04,9.91,31.6,10.72,13.85,13.89,1.32,1.51,10.97,51.36,58.7,34.28,47.0,11.84,346.89,82.3,1.16,40.43,63.6,39.06,54.3,53.26,9.25
Korea 2,2026-27,Gimhae City,25.0,2.0,7.0,16.0,13.0,25.9,19.0,49.0,-30.0,29.1,46.8,0.68,0.98,9.16,35.0,12.11,9.66,12.76,1.53,1.75,11.79,50.77,60.6,31.1,46.4,13.43,347.0,81.9,1.32,41.47,63.7,41.26,54.5,59.68,8.3
Korea 2,2026-27,Ansan Greeners,26.0,6.0,4.0,16.0,22.0,19.8,27.0,49.0,-22.0,27.7,46.8,0.92,0.8,7.43,42.9,8.01,13.1,9.3,1.73,1.66,14.56,48.22,57.4,25.86,44.9,16.72,372.93,82.7,2.14,38.08,63.5,35.74,47.9,55.42,8.93
Korea 2,2026-27,Hwaseong,26.0,12.0,8.0,6.0,43.0,41.2,41.0,27.0,14.0,25.2,45.9,1.39,1.45,10.67,37.5,12.8,15.92,16.9,1.21,0.91,9.79,50.03,53.1,27.54,43.9,13.99,340.39,82.1,1.56,42.04,66.4,35.63,51.1,56.33,12.19
Korea 2,2026-27,Paju Citizen,25.0,8.0,5.0,12.0,26.0,27.1,24.0,28.0,-4.0,27.5,42.6,0.84,0.98,8.61,36.2,12.85,9.91,13.79,1.42,0.98,11.13,47.75,57.5,38.79,44.1,10.34,248.23,74.1,1.54,37.67,60.7,35.64,52.0,49.5,7.0
Malta 1,2026-27,Hamrun Spartans,6.0,3.0,1.0,2.0,10.0,10.9,9.0,6.0,3.0,28.4,58.3,1.4,1.46,13.19,35.3,21.57,14.28,21.72,0.89,0.93,11.02,56.64,64.1,24.98,43.5,12.41,518.74,85.3,3.88,72.47,77.5,35.07,46.5,85.5,16.29
Malta 1,2026-27,Floriana,6.0,4.0,1.0,1.0,10.0,11.4,16.0,7.0,9.0,26.9,57.6,2.46,1.95,12.77,42.2,11.69,19.08,16.31,1.2,1.08,8.15,44.31,57.6,17.38,36.3,13.81,453.08,87.7,3.23,50.92,77.3,29.38,57.1,69.38,16.15
Malta 1,2026-27,Valletta,6.0,4.0,1.0,1.0,13.0,10.5,15.0,6.0,9.0,28.3,56.2,2.62,1.73,12.76,38.4,11.71,14.16,15.2,0.76,1.05,8.04,50.16,57.5,26.39,47.0,6.75,340.6,82.5,3.84,44.91,66.1,34.78,53.8,53.83,13.11
Malta 1,2026-27,Sliema Wanderers,6.0,3.0,1.0,2.0,9.0,8.1,7.0,7.0,0.0,29.5,53.9,1.05,1.23,11.4,31.6,14.7,16.5,16.2,1.22,1.05,11.85,55.95,60.1,21.6,47.2,11.57,432.75,85.4,2.4,48.0,66.9,38.85,56.8,63.45,14.1
Malta 1,2026-27,Zabbar St. Patrick,6.0,1.0,2.0,3.0,5.0,5.3,5.0,9.0,-4.0,27.0,52.2,0.75,0.77,7.49,24.0,10.03,13.78,8.84,1.37,1.35,10.18,59.15,61.8,25.91,44.5,14.65,370.78,82.5,4.64,46.57,62.4,42.08,41.6,63.64,11.53
Malta 1,2026-27,Birzebbuga,6.0,0.0,0.0,6.0,0.0,4.2,1.0,14.0,-13.0,28.4,50.4,0.18,0.53,7.38,37.5,12.73,16.97,8.85,1.45,2.03,10.51,58.28,59.5,21.21,54.8,12.75,360.18,82.9,2.95,43.34,68.9,33.01,50.8,56.62,13.09
Malta 1,2026-27,Marsaxlokk,6.0,3.0,2.0,1.0,11.0,8.9,11.0,9.0,2.0,31.1,50.2,1.68,1.38,12.38,29.6,14.97,18.03,17.57,1.11,1.38,11.46,48.59,56.6,26.13,40.9,13.92,363.06,83.7,4.13,45.69,72.9,37.89,56.5,59.59,13.29
Malta 1,2026-27,Birkirkara,6.0,3.0,1.0,2.0,10.0,9.3,9.0,4.0,5.0,28.1,45.4,1.34,1.27,14.73,27.3,13.24,19.64,15.77,1.06,0.6,9.82,52.81,59.4,25.44,52.6,11.97,318.79,82.7,2.08,42.1,75.3,34.07,61.1,68.58,13.83
Malta 1,2026-27,Hibernians,6.0,1.0,2.0,3.0,5.0,6.9,4.0,9.0,-5.0,26.1,43.9,0.59,0.97,8.47,28.1,13.81,12.48,13.81,1.29,1.34,13.22,69.21,65.7,33.27,43.3,11.43,280.1,78.0,5.64,39.36,57.0,46.49,49.2,57.18,10.69
Malta 1,2026-27,Balzan,6.0,2.0,3.0,1.0,8.0,10.6,9.0,6.0,3.0,26.6,43.8,1.37,1.41,12.14,40.0,12.9,20.79,16.39,0.92,0.91,12.6,52.06,61.8,31.57,42.3,10.51,242.38,78.9,1.67,36.27,62.8,34.6,56.6,53.58,15.33
Malta 1,2026-27,Mosta,5.0,3.0,1.0,1.0,10.0,3.6,7.0,5.0,2.0,25.5,43.4,1.28,0.74,9.13,36.0,10.22,18.07,10.95,1.64,0.91,15.88,66.82,63.1,29.39,37.3,18.05,335.72,82.3,4.38,37.79,65.2,47.28,56.4,62.62,17.34
Malta 1,2026-27,Gzira United,5.0,0.0,1.0,4.0,1.0,4.6,2.0,13.0,-11.0,25.6,42.9,0.37,1.07,10.49,24.6,11.96,13.44,11.23,1.9,2.39,10.49,66.26,58.9,27.61,47.3,15.79,295.58,78.8,2.39,42.33,60.4,38.47,51.7,59.82,12.7
Mexico 1,2026-27,América,8.0,5.0,2.0,1.0,16.0,14.4,17.0,8.0,9.0,26.9,59.2,1.87,1.72,17.27,35.7,15.07,15.18,21.89,1.16,0.88,10.89,44.78,54.3,24.87,58.0,9.32,409.07,84.8,1.1,48.63,78.1,42.03,63.6,64.25,17.16
Mexico 1,2026-27,Toluca,9.0,6.0,1.0,2.0,19.0,18.1,20.0,9.0,11.0,27.5,58.9,1.95,1.93,14.82,33.6,11.7,15.5,20.96,0.92,0.88,10.63,50.02,57.9,21.06,52.3,9.61,461.99,85.9,1.17,49.14,75.4,39.88,55.5,68.06,12.48
Mexico 1,2026-27,Monterrey,8.0,4.0,1.0,3.0,10.0,13.7,14.0,10.0,4.0,29.1,57.2,1.54,1.65,14.52,40.2,17.16,14.52,19.47,1.18,1.1,8.25,46.87,57.5,22.67,51.9,8.87,421.94,85.1,0.77,49.4,74.8,37.41,58.2,56.77,15.18
Mexico 1,2026-27,Cruz Azul,9.0,5.0,0.0,4.0,15.0,14.5,16.0,15.0,1.0,26.6,56.8,1.57,1.57,16.23,41.2,15.74,15.54,20.26,1.25,1.48,11.7,54.3,57.2,20.56,49.8,9.76,432.98,82.8,1.28,51.05,73.2,43.97,57.9,68.07,12.59
Mexico 1,2026-27,Guadalajara,9.0,5.0,3.0,1.0,17.0,14.2,17.0,8.0,9.0,26.4,54.0,1.7,1.45,11.79,44.9,14.98,12.89,20.08,1.18,0.8,10.39,47.15,54.7,25.47,50.2,11.63,498.75,87.2,0.7,47.05,77.1,38.66,59.7,59.93,9.99
Mexico 1,2026-27,Atlético de San Luis,9.0,2.0,3.0,4.0,9.0,11.4,11.0,16.0,-5.0,25.5,52.8,1.1,1.11,10.8,33.3,11.0,10.4,12.9,1.31,1.6,13.5,47.1,57.5,19.1,44.0,15.79,438.4,87.2,0.5,47.7,74.8,32.3,53.3,55.4,8.0
Mexico 1,2026-27,Tigres UANL,9.0,1.0,4.0,4.0,7.0,12.4,9.0,13.0,-4.0,27.4,52.6,0.88,1.55,12.77,30.5,13.65,15.5,20.38,1.53,1.27,11.7,45.44,56.0,23.79,52.0,10.52,369.46,82.3,0.78,44.17,72.0,32.57,49.1,54.41,11.99
Mexico 1,2026-27,Necaxa,9.0,2.0,2.0,5.0,8.0,11.7,10.0,16.0,-6.0,25.2,50.4,0.98,1.41,11.72,34.5,11.82,14.28,15.26,1.51,1.58,14.08,49.53,55.1,19.2,54.9,13.17,348.38,82.6,0.69,43.13,68.5,41.16,53.6,53.07,8.96
Mexico 1,2026-27,Santos Laguna,9.0,2.0,1.0,6.0,4.0,10.9,9.0,15.0,-6.0,25.5,48.8,0.89,1.45,11.82,30.3,15.7,12.62,16.39,1.58,1.49,14.3,48.97,57.0,19.57,49.2,17.69,385.83,83.3,0.6,44.5,71.7,38.54,60.8,65.56,11.82
Mexico 1,2026-27,Atlas,9.0,4.0,2.0,3.0,14.0,10.5,13.0,15.0,-2.0,27.7,48.7,1.26,1.22,9.49,33.7,12.21,10.46,15.11,1.57,1.45,12.11,51.35,56.4,23.25,52.1,11.61,361.26,80.7,0.97,38.75,63.8,36.72,49.9,59.77,9.69
Mexico 1,2026-27,Pumas UNAM,9.0,3.0,3.0,3.0,12.0,10.5,12.0,13.0,-1.0,28.0,47.9,1.19,1.06,10.64,34.6,14.92,10.04,14.92,1.34,1.29,11.24,44.06,53.5,24.17,49.0,13.54,359.01,81.9,0.7,43.76,68.0,40.87,51.8,59.37,7.56
Mexico 1,2026-27,León,9.0,4.0,2.0,3.0,13.0,11.6,12.0,10.0,2.0,26.6,47.5,1.33,1.4,12.19,41.8,10.75,10.31,14.41,1.3,1.0,11.97,52.65,52.4,17.51,49.4,14.0,362.22,84.3,0.67,41.45,69.8,32.7,53.2,57.08,11.31
Mexico 1,2026-27,Club Tijuana,8.0,4.0,2.0,2.0,13.0,13.5,12.0,10.0,2.0,25.9,47.1,1.33,1.74,10.33,31.2,14.22,11.89,14.22,1.36,1.11,11.0,46.11,59.5,24.22,52.8,16.4,336.33,83.3,0.56,37.44,64.4,45.22,56.3,54.33,9.22
Mexico 1,2026-27,Pachuca,9.0,3.0,3.0,3.0,11.0,14.8,15.0,10.0,5.0,28.1,46.5,1.46,1.81,13.85,31.7,15.41,13.55,17.16,1.41,0.98,11.8,46.32,51.4,22.43,56.1,12.5,340.01,81.9,0.78,49.05,64.2,41.15,52.8,55.77,9.17
Mexico 1,2026-27,Juárez,9.0,1.0,0.0,8.0,3.0,5.4,6.0,23.0,-17.0,27.9,44.3,0.59,0.87,7.66,28.2,11.29,8.15,9.62,2.36,2.26,15.9,39.26,51.0,26.3,53.4,14.74,300.52,79.5,0.39,35.43,63.2,37.2,50.7,50.84,7.36
Mexico 1,2026-27,Atlante,9.0,1.0,5.0,3.0,8.0,10.4,8.0,13.0,-5.0,26.4,43.1,0.78,1.21,12.24,32.0,12.44,12.63,15.47,1.55,1.27,12.44,58.07,59.4,27.42,41.8,12.66,306.43,78.1,0.98,40.25,65.9,35.94,51.2,57.88,10.38
Mexico 1,2026-27,Puebla,9.0,4.0,2.0,3.0,14.0,11.0,11.0,11.0,0.0,26.8,42.4,1.11,1.04,11.46,36.0,11.16,15.39,12.77,1.26,1.11,13.58,44.65,56.5,25.84,41.2,16.49,305.5,81.8,0.0,36.8,69.4,35.3,57.3,48.17,13.07
Mexico 1,2026-27,Querétaro,8.0,4.0,2.0,2.0,13.0,8.5,11.0,8.0,3.0,26.8,39.1,1.37,1.47,10.35,32.5,13.96,9.85,13.21,1.81,0.87,14.09,49.36,54.3,24.81,43.7,13.82,276.23,75.4,1.12,42.51,63.6,37.77,51.8,55.1,5.48
Netherlands 1,2026-27,Ajax,7.0,4.0,2.0,1.0,14.0,16.2,21.0,9.0,12.0,26.3,64.3,2.78,3.12,21.47,34.6,24.26,19.22,39.5,1.35,1.19,8.62,42.55,57.3,22.93,46.8,11.99,584.8,88.1,1.99,65.48,85.4,33.53,61.7,81.25,22.93
Netherlands 1,2026-27,PSV,7.0,5.0,1.0,1.0,16.0,14.8,24.0,10.0,14.0,25.2,61.2,3.22,2.81,19.05,40.8,22.53,19.18,30.45,1.48,1.34,9.79,45.34,62.4,24.14,58.3,9.84,582.52,87.9,1.48,63.98,82.4,35.54,58.1,71.76,16.1
Netherlands 1,2026-27,NEC,7.0,2.0,2.0,3.0,8.0,8.7,12.0,13.0,-1.0,27.0,60.2,1.6,1.72,13.71,28.2,19.97,16.51,30.36,1.88,1.73,10.38,44.07,53.5,33.55,53.6,9.9,473.7,82.8,0.27,58.05,69.5,40.21,45.0,77.62,15.31
Netherlands 1,2026-27,AZ,7.0,6.0,1.0,0.0,16.0,14.5,18.0,6.0,12.0,23.2,59.8,2.42,2.37,17.46,40.0,17.33,22.84,33.72,1.18,0.81,6.99,42.72,56.3,20.82,57.4,11.42,512.33,85.7,1.61,53.87,82.8,33.85,57.5,75.63,19.48
Netherlands 1,2026-27,Twente,7.0,5.0,1.0,1.0,13.0,16.8,15.0,7.0,8.0,26.3,57.6,2.04,2.88,20.5,35.8,20.23,14.25,33.26,1.01,0.95,9.37,44.52,54.3,27.15,56.0,11.6,515.16,85.9,1.36,62.31,77.1,44.8,53.9,77.24,18.33
Netherlands 1,2026-27,Feyenoord,7.0,5.0,2.0,0.0,14.0,16.4,25.0,7.0,18.0,24.1,55.3,3.36,2.79,19.91,39.9,13.86,18.7,35.78,1.07,0.94,8.48,42.91,57.1,23.27,56.6,11.64,487.53,87.6,2.56,49.1,82.5,28.39,57.8,64.71,20.04
Netherlands 1,2026-27,Heerenveen,7.0,2.0,3.0,2.0,9.0,9.5,11.0,9.0,2.0,23.7,54.4,1.49,1.65,14.48,41.1,14.62,15.83,24.09,1.75,1.22,14.48,42.77,55.1,27.2,52.2,14.75,474.5,85.7,0.68,56.57,73.9,41.82,51.5,68.48,19.35
Netherlands 1,2026-27,Go Ahead Eagles,7.0,2.0,4.0,1.0,9.0,11.1,16.0,14.0,2.0,26.2,53.5,2.16,2.01,13.38,45.5,17.7,14.73,21.35,1.77,1.89,14.86,40.81,49.7,32.7,44.2,13.93,458.38,82.8,0.95,56.76,65.0,52.3,49.1,70.81,10.81
Netherlands 1,2026-27,Cambuur,7.0,1.0,2.0,4.0,5.0,6.6,10.0,19.0,-9.0,22.2,48.7,1.33,1.33,10.49,36.7,9.29,16.86,18.19,2.1,2.52,14.2,50.84,53.8,26.55,46.5,13.09,341.55,81.3,1.73,44.87,63.9,44.73,46.0,59.34,13.67
Netherlands 1,2026-27,Groningen,7.0,3.0,2.0,2.0,11.0,10.2,15.0,13.0,2.0,23.8,48.4,2.0,1.67,13.58,37.3,13.58,11.98,18.64,1.75,1.73,13.18,43.27,57.5,33.42,53.8,18.24,401.14,82.5,0.8,48.46,71.4,40.07,50.2,67.23,17.17
Netherlands 1,2026-27,ADO Den Haag,7.0,0.0,2.0,5.0,2.0,5.4,7.0,17.0,-10.0,24.2,47.8,0.93,0.9,10.12,32.9,14.25,9.32,14.78,1.95,2.26,14.78,54.19,49.9,25.3,45.8,12.71,397.14,80.7,1.33,45.53,62.9,48.06,51.0,68.57,10.38
Netherlands 1,2026-27,Sparta Rotterdam,7.0,1.0,2.0,4.0,5.0,8.8,10.0,17.0,-7.0,26.2,46.0,1.34,1.75,12.15,33.0,15.89,13.75,18.96,1.92,2.27,15.76,47.67,52.9,28.84,52.8,17.52,366.41,82.5,1.47,43.26,72.5,43.93,50.5,63.29,13.22
Netherlands 1,2026-27,Utrecht,7.0,1.0,2.0,4.0,5.0,6.7,11.0,24.0,-13.0,24.9,43.8,1.47,1.3,9.35,40.0,12.02,9.08,14.15,2.11,3.2,16.96,48.74,50.4,28.71,43.7,12.54,353.59,80.5,1.2,38.19,62.9,40.19,52.5,60.49,7.61
Netherlands 1,2026-27,Excelsior,7.0,3.0,2.0,2.0,11.0,9.6,15.0,9.0,6.0,23.1,41.9,2.02,1.37,10.22,43.4,11.57,9.42,15.61,1.52,1.21,13.59,53.41,50.9,36.86,48.9,17.29,349.1,80.7,1.35,54.08,61.2,46.14,50.7,59.33,8.74
Netherlands 1,2026-27,PEC Zwolle,7.0,1.0,1.0,5.0,4.0,5.6,6.0,20.0,-14.0,26.3,40.4,0.8,1.35,9.38,38.6,9.38,11.12,14.46,2.63,2.68,18.48,48.75,50.0,29.87,48.9,15.88,329.33,76.6,0.54,41.38,56.6,43.93,45.7,58.66,11.25
Netherlands 1,2026-27,Telstar,7.0,1.0,2.0,4.0,5.0,4.6,5.0,12.0,-7.0,25.1,39.5,0.66,1.05,6.72,29.4,10.01,9.22,15.55,2.57,1.58,16.73,50.47,49.1,27.41,49.5,14.59,324.29,80.2,0.66,39.53,57.0,41.51,58.1,57.98,9.62
Netherlands 1,2026-27,Willem II,7.0,0.0,2.0,5.0,2.0,7.1,6.0,20.0,-14.0,23.6,38.7,0.81,1.53,10.41,27.3,12.7,10.27,13.65,2.24,2.7,17.16,52.03,51.7,30.27,47.3,19.94,339.19,78.3,1.08,40.41,58.2,44.73,43.8,59.86,8.11
Netherlands 1,2026-27,Fortuna Sittard,7.0,4.0,1.0,2.0,13.0,5.8,13.0,14.0,-1.0,24.9,37.8,1.71,1.09,9.09,46.4,8.57,8.96,10.54,2.35,1.84,17.26,42.69,52.5,28.86,41.6,15.46,293.98,78.8,0.92,41.77,58.4,43.48,42.7,52.71,8.96
Netherlands 2,2026-27,NAC Breda,7.0,3.0,1.0,3.0,7.0,11.0,13.0,15.0,-2.0,25.8,59.7,2.03,2.56,19.38,28.2,20.31,15.63,29.38,1.78,2.19,10.16,43.75,57.5,42.03,54.6,9.8,460.0,83.3,0.31,68.44,74.9,46.56,59.1,77.19,11.72
Netherlands 2,2026-27,De Graafschap,7.0,1.0,1.0,5.0,4.0,5.4,8.0,20.0,-12.0,22.5,58.4,1.49,1.52,12.88,29.0,16.8,14.19,20.91,2.11,3.17,13.82,47.43,53.5,33.98,45.1,10.76,446.27,82.3,0.75,46.87,62.9,47.8,56.3,68.71,15.5
Netherlands 2,2026-27,Dordrecht,7.0,1.0,1.0,5.0,4.0,7.4,9.0,21.0,-12.0,22.4,55.6,1.2,1.37,13.35,37.0,19.9,13.89,20.56,2.22,2.8,12.02,51.41,58.2,20.7,55.5,10.04,421.29,82.4,0.53,49.54,69.3,45.27,57.8,73.84,12.02
Netherlands 2,2026-27,PSV II,9.0,3.0,3.0,3.0,12.0,14.1,14.0,16.0,-2.0,19.1,55.5,1.47,1.85,14.51,41.3,14.82,16.82,24.5,1.64,1.68,12.72,49.63,56.6,17.87,45.9,11.64,471.55,83.9,0.95,54.88,71.6,38.06,48.3,73.6,17.35
Netherlands 2,2026-27,Heracles,7.0,6.0,0.0,1.0,18.0,16.8,24.0,10.0,14.0,26.0,54.7,3.22,2.87,18.94,42.6,21.36,15.72,25.52,1.13,1.34,8.46,44.33,59.1,43.66,60.3,8.06,398.28,78.7,1.48,59.1,68.4,45.54,51.3,73.61,13.03
Netherlands 2,2026-27,Ajax II,9.0,2.0,2.0,5.0,8.0,11.2,13.0,22.0,-9.0,18.9,54.0,1.36,1.89,12.93,39.5,9.49,15.23,18.98,2.24,2.29,15.96,48.39,51.7,23.36,42.4,10.32,408.91,83.4,0.94,47.66,69.4,43.59,53.8,69.66,14.91
Netherlands 2,2026-27,Volendam,7.0,3.0,0.0,4.0,9.0,10.6,17.0,14.0,3.0,25.7,52.1,2.32,2.22,10.91,45.0,15.41,9.68,16.91,1.8,1.91,14.32,56.73,57.7,29.05,53.1,10.7,409.36,80.8,1.09,44.45,67.5,53.18,53.8,72.0,10.09
Netherlands 2,2026-27,Emmen,7.0,4.0,0.0,3.0,12.0,10.8,17.0,17.0,0.0,24.5,51.9,2.67,2.17,16.21,47.6,17.94,14.63,25.17,1.43,2.36,9.76,53.97,52.5,25.02,49.7,10.21,430.8,82.5,1.26,61.52,70.8,41.7,51.7,73.01,14.32
Netherlands 2,2026-27,Vitesse,7.0,4.0,1.0,2.0,13.0,13.0,13.0,9.0,4.0,23.8,51.9,1.76,2.16,15.54,32.2,21.08,10.0,23.51,1.45,1.22,12.16,47.43,53.0,23.38,52.0,13.15,384.46,79.2,0.81,48.65,68.3,39.19,52.1,70.54,12.3
Netherlands 2,2026-27,MVV,7.0,4.0,1.0,2.0,13.0,7.6,10.0,15.0,-5.0,23.8,51.3,1.35,1.13,8.77,36.9,13.63,10.12,13.9,1.53,2.02,11.6,53.03,60.3,31.44,42.5,11.86,441.5,82.1,0.4,57.35,67.1,60.58,54.6,75.02,8.23
Netherlands 2,2026-27,AZ II,9.0,4.0,1.0,4.0,13.0,14.6,22.0,17.0,5.0,19.7,51.2,2.33,2.08,13.85,48.1,9.31,15.12,24.01,1.68,1.8,13.75,48.54,52.5,23.06,52.3,15.17,426.31,82.6,0.74,53.51,67.6,47.91,49.9,75.3,15.65
Netherlands 2,2026-27,RKC Waalwijk,7.0,3.0,4.0,0.0,13.0,11.7,18.0,9.0,9.0,23.8,51.1,2.42,1.68,14.1,40.0,17.33,13.43,21.09,1.28,1.21,10.48,51.99,53.5,23.78,55.9,13.25,407.42,82.9,0.81,52.25,71.7,40.97,57.0,73.07,11.96
Netherlands 2,2026-27,Roda JC,7.0,3.0,3.0,1.0,12.0,10.4,7.0,5.0,2.0,25.5,49.5,0.94,1.42,9.7,41.7,13.47,13.47,15.63,1.22,0.67,10.91,52.28,54.4,27.35,52.2,12.53,406.21,82.3,0.94,41.5,70.8,40.55,58.8,71.27,11.99
Netherlands 2,2026-27,Den Bosch,7.0,2.0,1.0,4.0,7.0,10.7,12.0,16.0,-4.0,24.4,48.4,1.61,2.09,15.2,35.4,15.2,14.93,22.2,1.93,2.15,13.86,41.97,50.6,36.73,42.5,11.17,351.12,77.3,1.08,48.03,60.2,49.64,46.1,67.0,13.72
Netherlands 2,2026-27,Utrecht II,9.0,2.0,1.0,6.0,7.0,8.8,15.0,21.0,-6.0,19.7,45.5,1.58,1.48,13.02,32.3,14.91,10.08,18.8,2.25,2.21,15.02,46.52,58.5,36.34,47.1,10.96,345.19,76.9,0.84,48.83,63.0,48.62,51.4,70.36,9.35
Netherlands 2,2026-27,Eindhoven,7.0,3.0,1.0,3.0,10.0,6.7,11.0,13.0,-2.0,22.5,44.9,1.49,1.08,10.41,27.3,12.16,8.38,13.65,1.76,1.76,11.35,51.49,54.6,40.41,54.8,13.04,355.54,76.4,0.27,41.49,61.2,47.16,50.4,68.78,8.51
Netherlands 2,2026-27,VVV Venlo,7.0,5.0,0.0,2.0,15.0,6.6,19.0,11.0,8.0,22.8,44.3,2.53,1.62,11.18,44.0,13.85,11.45,20.37,2.46,1.46,17.17,48.99,51.1,32.62,49.8,13.67,348.28,80.2,0.4,39.01,62.8,48.06,54.8,66.57,11.45
Netherlands 2,2026-27,Helmond Sport,7.0,2.0,2.0,3.0,8.0,8.2,13.0,12.0,1.0,22.4,43.9,1.75,1.32,9.85,34.2,12.82,14.03,14.44,1.62,1.62,12.41,59.51,50.6,22.4,46.4,14.12,360.4,79.7,0.4,41.69,58.3,45.88,46.5,67.2,11.06
Netherlands 2,2026-27,Almere City,7.0,5.0,1.0,1.0,16.0,10.2,16.0,4.0,12.0,24.8,40.7,2.15,1.81,12.38,45.7,14.53,12.65,20.99,1.76,0.54,15.47,52.2,55.4,30.4,51.3,15.71,307.4,74.8,1.61,44.93,64.7,51.93,47.2,70.22,11.84
Netherlands 2,2026-27,TOP Oss,7.0,2.0,0.0,5.0,6.0,6.2,8.0,12.0,-4.0,24.9,38.3,1.08,1.4,8.48,38.1,12.11,10.22,15.74,2.21,1.61,17.35,51.79,52.5,33.9,45.2,17.78,281.57,73.8,0.94,41.43,56.5,53.14,52.7,59.6,6.73
Northern Ireland 1,2026-27,Coleraine,8.0,7.0,1.0,0.0,22.0,13.6,18.0,5.0,13.0,28.0,63.0,2.42,2.04,14.8,44.5,15.87,12.65,20.85,1.15,0.67,8.07,38.07,60.8,45.47,51.5,8.87,477.58,83.1,1.35,63.9,64.0,57.58,57.0,75.47,10.49
Northern Ireland 1,2026-27,Glentoran,8.0,3.0,1.0,4.0,10.0,12.3,11.0,10.0,1.0,27.4,57.1,1.3,1.86,12.76,39.8,20.43,11.22,23.15,1.66,1.18,11.34,44.41,52.7,51.73,52.7,9.49,418.23,78.8,0.12,59.65,63.8,49.84,55.7,72.76,12.4
Northern Ireland 1,2026-27,Cliftonville,8.0,4.0,0.0,4.0,12.0,9.3,12.0,10.0,2.0,23.6,55.4,1.42,1.34,11.0,37.6,13.25,12.89,13.6,1.77,1.18,14.43,48.96,57.7,40.09,47.2,13.12,453.19,81.2,1.06,56.53,58.6,55.23,44.8,75.22,10.88
Northern Ireland 1,2026-27,Larne,6.0,5.0,1.0,0.0,16.0,10.9,12.0,3.0,9.0,26.8,54.7,1.88,1.97,12.99,38.6,13.46,9.7,19.57,1.25,0.47,8.45,39.76,57.9,39.91,52.5,11.34,434.5,80.4,0.78,54.47,55.5,55.25,44.8,72.0,7.83
Northern Ireland 1,2026-27,Linfield,8.0,6.0,1.0,1.0,19.0,14.9,9.0,5.0,4.0,27.0,54.0,1.06,1.84,13.66,31.9,19.44,12.84,22.74,1.16,0.59,7.89,47.83,54.2,45.71,44.8,9.95,414.78,79.9,1.53,64.55,61.7,45.35,48.1,69.27,14.61
Northern Ireland 1,2026-27,Dungannon Swifts,8.0,4.0,1.0,3.0,13.0,13.0,9.0,8.0,1.0,28.1,54.0,1.05,1.65,13.01,30.6,15.12,10.43,14.88,1.32,0.94,10.66,48.28,56.6,37.97,54.9,13.17,483.75,82.7,1.17,61.17,63.6,50.63,47.9,81.45,9.84
Northern Ireland 1,2026-27,Portadown,8.0,0.0,1.0,7.0,1.0,5.9,5.0,17.0,-12.0,24.6,47.0,0.67,1.28,8.8,24.2,16.27,9.73,16.0,2.24,1.87,14.0,51.2,56.3,50.67,43.4,11.64,311.2,67.1,0.4,60.67,47.7,58.53,42.1,69.47,7.47
Northern Ireland 1,2026-27,Ballymena United,7.0,1.0,3.0,3.0,6.0,8.8,10.0,11.0,-1.0,24.3,45.2,1.35,1.61,10.24,27.6,10.91,9.84,18.19,1.89,1.48,13.74,37.72,58.9,51.06,57.8,16.4,335.48,75.3,0.67,51.2,50.3,51.47,41.1,62.78,7.14
Northern Ireland 1,2026-27,Bangor,8.0,1.0,2.0,5.0,5.0,7.4,7.0,17.0,-10.0,24.5,44.7,0.82,1.1,9.56,32.9,17.14,5.25,17.84,1.84,1.98,12.94,48.15,58.1,47.45,50.4,14.7,324.21,71.5,0.12,56.77,54.8,60.04,48.3,70.65,5.25
Northern Ireland 1,2026-27,Carrick Rangers,8.0,3.0,1.0,4.0,10.0,13.6,11.0,13.0,-2.0,29.9,42.5,1.27,2.24,12.71,30.0,15.37,13.17,24.15,1.69,1.5,12.71,45.52,51.8,54.99,51.9,12.63,272.77,68.6,1.16,56.03,53.0,61.58,48.8,68.63,6.01
Northern Ireland 1,2026-27,Crusaders,8.0,4.0,0.0,4.0,12.0,6.9,13.0,13.0,0.0,22.3,41.5,1.75,1.18,10.63,36.7,11.7,17.49,15.07,1.83,1.48,13.59,52.2,53.6,34.17,38.6,17.3,318.83,76.8,0.4,49.64,58.3,51.79,46.2,64.3,13.59
Northern Ireland 1,2026-27,Limavady United,7.0,2.0,0.0,5.0,6.0,6.7,6.0,11.0,-5.0,29.0,38.4,0.94,1.44,10.47,38.8,10.94,10.63,15.0,1.79,1.56,12.81,45.0,59.7,50.94,51.2,17.04,305.78,71.3,0.47,50.63,50.3,58.28,42.4,65.0,12.03
Norway 1,2026-27,Bodø / Glimt,21.0,16.0,2.0,3.0,50.0,50.6,53.0,19.0,34.0,27.3,63.9,2.31,2.87,15.27,39.7,21.55,17.49,42.62,0.94,0.83,7.15,47.6,61.6,24.21,43.2,10.83,596.28,88.3,3.1,67.62,83.7,40.48,61.2,75.17,23.69
Norway 1,2026-27,Molde,21.0,11.0,3.0,7.0,36.0,36.4,44.0,32.0,12.0,24.8,58.3,1.87,1.99,13.48,37.9,16.12,17.91,25.35,1.4,1.36,10.59,51.64,60.0,28.84,48.2,10.91,505.63,85.3,2.47,55.8,76.8,40.58,54.3,72.05,16.76
Norway 1,2026-27,Brann,21.0,9.0,2.0,10.0,26.0,30.6,39.0,32.0,7.0,26.9,57.7,1.66,1.71,11.72,37.5,17.99,16.24,28.14,1.6,1.36,12.32,57.98,60.3,36.96,50.1,8.52,460.91,82.1,1.92,53.68,71.5,42.21,52.6,69.32,15.01
Norway 1,2026-27,Rosenborg,21.0,10.0,3.0,8.0,33.0,32.3,39.0,30.0,9.0,25.7,52.0,1.69,1.79,12.01,38.6,11.32,19.21,22.9,1.58,1.3,11.62,59.47,60.8,28.11,49.8,9.26,422.02,82.8,2.04,48.23,70.3,37.26,52.6,63.02,15.05
Norway 1,2026-27,Sandefjord,21.0,6.0,5.0,10.0,23.0,24.8,21.0,27.0,-6.0,23.9,51.5,0.91,1.43,12.93,28.9,12.8,16.74,18.65,1.85,1.17,13.19,57.12,58.1,30.75,49.1,11.07,425.19,83.9,1.82,48.67,73.2,47.58,56.7,67.4,15.83
Norway 1,2026-27,Tromsø,21.0,11.0,5.0,5.0,35.0,34.6,40.0,29.0,11.0,25.6,51.5,1.73,1.7,11.84,42.5,11.93,14.05,21.38,1.36,1.26,9.63,56.0,61.3,35.35,47.6,12.56,451.0,83.9,3.6,55.6,71.6,49.14,55.2,72.61,11.88
Norway 1,2026-27,Viking,21.0,16.0,2.0,3.0,47.0,40.3,54.0,20.0,34.0,25.6,51.0,2.33,2.25,13.76,39.2,20.66,16.09,27.86,1.35,0.86,11.17,53.09,57.0,38.12,51.9,11.12,410.41,81.1,2.41,55.07,67.5,48.95,51.9,68.09,14.27
Norway 1,2026-27,Lillestrøm,21.0,10.0,2.0,9.0,32.0,27.0,28.0,29.0,-1.0,26.5,51.0,1.21,1.48,10.38,35.3,9.13,15.98,21.44,1.67,1.25,12.1,55.46,63.4,31.65,47.2,11.8,433.03,82.7,2.07,47.07,66.9,44.53,49.2,59.77,13.56
Norway 1,2026-27,Vålerenga,21.0,6.0,5.0,10.0,22.0,30.8,34.0,43.0,-9.0,27.2,49.9,1.46,1.71,14.0,33.7,17.23,16.84,24.74,1.67,1.85,12.72,61.43,60.4,34.24,48.6,10.86,413.18,81.6,3.14,50.52,68.5,44.51,49.8,66.97,13.88
Norway 1,2026-27,Fredrikstad,21.0,8.0,4.0,9.0,27.0,20.1,25.0,32.0,-7.0,24.6,47.5,1.08,1.11,10.05,34.3,11.9,15.18,17.38,1.9,1.38,13.02,53.34,59.3,34.5,45.8,13.8,419.9,83.9,2.11,51.4,70.4,43.51,51.1,68.35,11.38
Norway 1,2026-27,HamKam,21.0,6.0,5.0,10.0,23.0,23.5,29.0,44.0,-15.0,26.3,47.3,1.26,1.27,8.86,41.7,14.72,12.81,17.37,1.84,1.91,14.16,51.99,53.6,32.92,45.8,13.82,386.19,82.6,2.17,49.08,66.4,50.26,51.6,65.33,10.34
Norway 1,2026-27,Sarpsborg 08,21.0,6.0,7.0,8.0,25.0,31.5,24.0,29.0,-5.0,25.7,44.5,1.03,1.62,11.49,33.6,14.74,15.0,21.26,1.46,1.24,11.14,53.01,58.4,30.47,46.6,14.57,368.44,80.4,2.1,45.17,67.0,46.11,51.7,65.31,14.74
Norway 1,2026-27,KFUM,21.0,7.0,4.0,10.0,25.0,20.7,25.0,35.0,-10.0,25.9,43.9,1.08,1.18,9.15,39.6,11.61,12.64,16.18,1.85,1.51,12.73,52.33,57.8,36.98,41.0,13.89,370.4,79.7,2.67,50.31,62.5,47.46,44.8,63.68,10.83
Norway 1,2026-27,Kristiansund,21.0,5.0,4.0,12.0,19.0,23.0,21.0,40.0,-19.0,24.8,43.5,0.9,1.19,10.77,28.8,11.03,17.06,15.29,1.85,1.72,12.36,51.35,55.6,30.11,45.9,15.71,344.96,81.7,1.68,45.75,65.6,43.86,49.6,59.84,12.62
Norway 1,2026-27,Aalesund,21.0,4.0,9.0,8.0,21.0,22.1,33.0,46.0,-13.0,24.1,43.1,1.43,1.62,13.43,34.2,13.22,18.68,21.67,2.28,1.99,14.86,59.15,57.0,36.79,47.5,14.18,344.79,79.7,2.34,46.23,64.6,43.38,49.9,66.82,14.43
Norway 1,2026-27,Start,21.0,4.0,4.0,13.0,16.0,24.1,22.0,44.0,-22.0,26.8,42.0,0.95,1.44,12.02,27.7,12.93,12.45,18.46,1.77,1.9,12.36,58.49,61.6,44.09,50.3,10.09,329.61,78.6,2.42,46.82,59.9,50.06,52.1,63.59,9.08
Norway 2,2026-27,Strømsgodset,23.0,14.0,6.0,3.0,45.0,45.7,60.0,31.0,29.0,27.8,58.3,2.4,2.68,17.91,37.3,20.03,16.59,30.87,1.58,1.24,10.52,47.02,60.3,34.06,54.2,10.07,505.5,84.9,1.56,62.77,75.6,48.06,58.8,79.64,18.27
Norway 2,2026-27,Haugesund,23.0,17.0,1.0,5.0,49.0,40.7,72.0,39.0,33.0,25.2,58.0,2.89,2.3,15.23,42.1,15.23,16.68,25.94,1.71,1.56,11.35,53.72,59.3,34.84,51.8,8.89,489.21,83.3,2.16,59.97,70.1,42.78,46.0,75.01,14.79
Norway 2,2026-27,Odds,23.0,10.0,6.0,7.0,36.0,38.1,47.0,36.0,11.0,23.9,57.8,1.88,2.07,14.53,36.4,18.78,14.45,24.02,1.7,1.44,10.65,51.93,58.2,30.55,50.2,8.81,473.94,82.9,1.64,57.29,69.0,48.0,49.1,75.91,13.97
Norway 2,2026-27,Stabæk,23.0,14.0,3.0,6.0,42.0,41.7,57.0,29.0,28.0,23.9,57.7,2.29,2.04,15.81,36.3,19.7,19.14,32.18,1.32,1.16,10.87,50.0,58.9,27.45,46.9,9.73,511.79,84.6,2.53,63.12,75.0,44.58,55.3,81.21,17.74
Norway 2,2026-27,Kongsvinger,23.0,15.0,5.0,3.0,47.0,41.0,68.0,35.0,33.0,26.1,55.0,2.72,2.46,14.86,41.2,14.78,15.82,29.24,1.7,1.4,12.1,57.28,54.1,27.84,47.9,8.79,475.19,81.4,2.72,69.41,70.3,45.7,48.8,85.39,16.38
Norway 2,2026-27,Ranheim,23.0,8.0,4.0,11.0,25.0,32.7,56.0,58.0,-2.0,25.2,52.7,2.25,2.11,13.95,41.2,13.95,15.4,23.12,2.19,2.33,13.87,47.25,59.0,24.09,45.6,13.46,457.6,84.1,1.57,55.21,71.2,49.42,54.5,68.53,15.97
Norway 2,2026-27,Lyn,23.0,8.0,4.0,11.0,28.0,27.2,39.0,48.0,-9.0,25.0,52.4,1.57,1.64,11.36,39.6,14.37,12.16,22.64,1.97,1.93,15.09,52.07,57.1,23.97,47.1,15.7,525.23,83.9,2.45,67.56,76.8,44.24,50.6,80.33,13.37
Norway 2,2026-27,Egersund,23.0,8.0,5.0,10.0,29.0,29.3,36.0,44.0,-8.0,25.3,51.2,1.45,1.5,11.84,34.0,16.75,12.36,20.9,1.84,1.77,12.89,54.72,56.8,32.62,54.7,10.81,461.15,81.9,2.17,58.55,67.5,53.64,49.0,71.88,10.43
Norway 2,2026-27,Hødd,23.0,10.0,4.0,9.0,34.0,22.6,38.0,45.0,-7.0,23.5,48.7,1.51,1.43,9.69,42.2,7.82,13.62,14.66,2.19,1.79,14.81,49.13,55.4,26.77,49.4,12.99,403.57,83.8,1.63,42.14,64.5,40.04,48.7,58.86,12.51
Norway 2,2026-27,Moss,23.0,7.0,4.0,12.0,22.0,26.8,38.0,52.0,-14.0,24.5,47.9,1.53,1.6,12.78,36.5,11.74,13.55,18.57,2.0,2.09,13.99,48.32,56.8,29.46,44.2,13.26,395.94,80.2,2.21,50.53,67.5,44.9,53.1,70.1,12.74
Norway 2,2026-27,Bryne,23.0,11.0,2.0,10.0,35.0,38.5,32.0,31.0,1.0,23.7,46.3,1.28,1.58,11.77,35.7,14.17,11.16,22.29,1.13,1.24,9.68,49.78,58.1,45.66,48.1,10.69,359.32,78.4,1.68,51.22,65.3,46.22,53.2,67.59,9.32
Norway 2,2026-27,Åsane,23.0,5.0,5.0,13.0,20.0,25.8,34.0,52.0,-18.0,24.0,45.0,1.35,1.38,9.81,42.5,12.62,11.31,14.77,1.8,2.06,14.05,45.26,55.4,28.58,48.8,14.71,374.09,81.3,1.15,43.75,65.7,42.96,55.4,65.66,12.07
Norway 2,2026-27,Sogndal,23.0,6.0,5.0,12.0,23.0,29.4,38.0,53.0,-15.0,24.5,44.9,1.52,2.09,13.63,32.0,19.87,10.4,22.79,2.2,2.16,16.39,45.9,54.0,40.66,48.0,13.15,369.44,79.2,1.36,51.9,66.7,45.54,51.9,67.65,10.44
Norway 2,2026-27,Sandnes Ulf,23.0,7.0,3.0,13.0,24.0,27.3,32.0,42.0,-10.0,25.0,43.2,1.29,1.35,11.32,34.9,13.45,11.4,17.64,1.77,1.69,11.44,47.03,55.7,34.27,44.9,16.16,378.4,80.3,1.57,53.44,64.0,46.75,47.0,64.95,9.1
Norway 2,2026-27,Raufoss,23.0,6.0,1.0,16.0,19.0,19.7,26.0,61.0,-35.0,25.5,41.5,1.05,1.26,10.36,26.2,14.09,13.89,16.03,2.28,2.47,16.4,50.45,55.1,33.81,49.0,14.47,329.6,78.0,1.7,45.02,60.5,48.3,50.3,62.67,11.38
Norway 2,2026-27,Strømmen,23.0,7.0,4.0,12.0,25.0,30.3,35.0,52.0,-17.0,25.4,39.6,1.39,1.56,11.43,38.5,12.39,10.32,17.47,1.7,2.06,12.19,48.63,54.9,31.44,46.3,15.03,300.33,77.2,1.35,42.68,57.0,47.6,48.1,59.23,8.89
Paraguay 1,2026-27,Olimpia,32.0,21.0,5.0,6.0,65.0,58.6,54.0,26.0,28.0,26.4,57.0,1.58,1.64,13.75,35.2,16.41,16.38,19.42,0.9,0.76,8.64,49.88,61.2,38.17,49.1,9.4,408.21,82.8,3.42,54.37,69.1,46.23,57.5,69.12,13.87
Paraguay 1,2026-27,Club Libertad,33.0,16.0,6.0,11.0,54.0,55.0,53.0,38.0,15.0,27.6,55.5,1.47,1.5,12.9,36.6,15.26,15.37,15.96,1.08,1.05,9.63,49.98,62.3,38.19,48.8,10.98,427.41,83.5,3.19,53.03,70.9,41.52,54.9,70.02,12.21
Paraguay 1,2026-27,Cerro Porteño,32.0,16.0,7.0,9.0,55.0,51.9,44.0,29.0,15.0,26.6,55.5,1.26,1.47,10.99,37.9,15.93,16.22,16.73,1.12,0.83,10.05,50.8,63.0,37.12,51.8,10.31,398.23,81.6,2.71,49.25,65.6,42.32,53.7,67.84,10.82
Paraguay 1,2026-27,Sportivo Ameliano,33.0,12.0,14.0,7.0,50.0,46.7,40.0,33.0,7.0,27.1,53.3,1.11,1.2,11.08,34.2,12.73,14.15,14.01,1.15,0.92,11.0,48.17,59.4,31.1,46.4,11.84,388.54,81.1,3.01,46.28,64.7,50.76,56.7,71.01,11.78
Paraguay 1,2026-27,Deportivo Recoleta,33.0,10.0,5.0,18.0,35.0,39.8,48.0,56.0,-8.0,26.6,51.8,1.38,1.27,10.25,36.1,12.0,12.4,14.35,1.51,1.58,12.69,53.25,59.9,35.14,44.5,10.79,378.98,80.3,2.7,47.51,65.1,45.42,55.0,66.89,10.42
Paraguay 1,2026-27,2 de Mayo,33.0,11.0,10.0,12.0,43.0,33.7,30.0,46.0,-16.0,28.0,50.7,0.83,0.86,9.19,32.3,11.78,13.64,12.06,1.44,1.28,10.58,48.83,61.5,32.64,45.2,12.1,369.06,81.0,1.44,45.97,68.5,42.14,54.1,65.14,11.14
Paraguay 1,2026-27,Sportivo Luqueño,33.0,9.0,6.0,18.0,30.0,32.8,36.0,53.0,-17.0,27.0,49.8,1.03,1.0,10.19,38.2,13.08,16.0,13.2,1.56,1.52,12.19,52.56,60.9,39.7,43.5,11.81,336.96,80.1,2.26,42.51,65.9,41.19,54.3,60.26,13.2
Paraguay 1,2026-27,Nacional Asunción,33.0,16.0,12.0,5.0,60.0,49.2,49.0,28.0,21.0,26.7,49.7,1.35,1.27,10.49,36.7,13.88,10.71,14.26,1.07,0.77,9.69,49.91,61.7,40.28,46.9,11.03,367.08,79.4,2.17,49.53,63.0,45.21,52.9,68.69,9.88
Paraguay 1,2026-27,Guaraní,33.0,11.0,13.0,9.0,46.0,43.2,39.0,32.0,7.0,26.9,46.2,1.11,1.17,10.14,34.6,12.7,12.96,13.96,1.15,0.83,10.25,49.24,61.5,40.87,48.4,12.36,330.24,78.0,3.16,46.71,61.2,45.03,52.1,62.29,9.14
Paraguay 1,2026-27,Rubio Ñú,33.0,8.0,7.0,18.0,31.0,45.7,26.0,47.0,-21.0,26.5,44.3,0.74,1.19,10.12,33.0,14.77,13.75,13.15,1.16,1.28,10.75,49.11,58.6,43.37,48.7,14.49,311.78,77.8,2.77,47.37,63.5,45.46,54.3,62.0,8.9
Paraguay 1,2026-27,Sportivo San Lorenzo,33.0,3.0,7.0,23.0,16.0,27.8,17.0,62.0,-45.0,28.0,43.1,0.49,0.95,8.59,27.1,11.57,13.3,12.64,1.67,1.69,12.75,51.2,62.2,44.05,45.3,15.47,300.15,77.7,1.98,48.42,66.4,50.0,56.6,62.17,9.65
Paraguay 1,2026-27,Sportivo Trinidense,33.0,13.0,10.0,10.0,49.0,51.8,48.0,34.0,14.0,28.6,42.9,1.33,1.39,11.11,38.0,13.23,11.25,16.09,1.11,0.94,10.61,54.99,61.5,48.26,44.6,11.47,292.98,74.1,2.11,48.51,58.9,48.96,53.0,65.46,9.0
Peru 1,2026-27,Sporting Cristal,27.0,11.0,5.0,11.0,38.0,40.4,48.0,40.0,8.0,27.4,57.1,1.6,1.49,12.22,37.7,16.4,13.53,17.13,1.36,1.34,11.72,47.49,59.0,24.24,47.7,10.07,400.71,84.0,2.87,49.42,73.6,38.71,58.8,65.62,12.16
Peru 1,2026-27,Alianza Lima,27.0,16.0,8.0,3.0,56.0,51.5,44.0,18.0,26.0,30.5,56.7,1.47,1.51,13.36,35.1,14.24,15.54,18.19,0.68,0.6,7.87,45.89,61.4,27.8,48.3,9.88,367.17,83.3,2.98,54.16,73.6,41.87,62.9,68.06,14.13
Peru 1,2026-27,Cusco,27.0,14.0,3.0,10.0,45.0,39.0,40.0,38.0,2.0,28.5,56.3,1.35,1.46,11.11,37.6,17.68,13.47,13.64,1.33,1.28,13.1,42.32,55.8,24.01,50.1,13.22,419.97,85.2,3.91,48.69,70.7,40.67,55.6,64.21,10.07
Peru 1,2026-27,ADT,26.0,5.0,7.0,14.0,22.0,32.1,27.0,41.0,-14.0,28.4,53.8,0.92,1.14,11.0,34.6,11.37,11.61,12.56,1.36,1.39,10.32,42.81,58.2,22.47,44.4,12.66,322.45,82.7,3.5,44.13,68.5,41.01,56.4,54.93,11.0
Peru 1,2026-27,Melgar,27.0,13.0,7.0,7.0,46.0,47.0,45.0,29.0,16.0,29.5,53.2,1.5,1.71,12.95,35.5,14.25,14.05,18.91,1.11,0.97,11.45,41.99,60.0,27.77,50.2,12.25,392.4,83.8,2.16,48.38,72.6,36.99,52.1,63.96,10.82
Peru 1,2026-27,Cienciano,25.0,12.0,4.0,9.0,40.0,43.1,44.0,37.0,7.0,29.1,52.8,1.57,1.82,13.27,38.8,19.35,11.38,15.74,1.24,1.32,10.02,46.82,61.4,34.98,48.0,9.28,311.89,77.6,2.4,51.44,65.9,48.22,53.9,65.93,10.59
Peru 1,2026-27,Universitario,27.0,14.0,7.0,6.0,49.0,44.1,43.0,31.0,12.0,29.3,50.9,1.44,1.45,11.89,32.3,16.76,15.73,18.33,1.07,1.04,10.29,45.92,57.6,28.25,46.1,11.64,354.92,82.2,3.97,52.16,71.5,44.22,59.7,65.19,11.82
Peru 1,2026-27,Sport Boys,27.0,10.0,8.0,9.0,38.0,39.2,29.0,26.0,3.0,28.6,50.8,0.95,1.19,10.79,33.2,12.17,12.2,14.01,1.15,0.85,11.21,49.19,60.2,27.19,48.6,10.53,307.29,80.4,2.7,43.08,66.7,41.5,54.2,57.51,10.82
Peru 1,2026-27,Sport Huancayo,27.0,10.0,5.0,12.0,32.0,42.4,37.0,44.0,-7.0,31.7,50.7,1.22,1.44,13.9,31.9,15.66,13.41,15.79,1.08,1.46,8.94,44.19,61.3,25.29,44.8,11.01,330.04,81.4,3.48,51.31,69.9,45.81,57.4,63.82,9.5
Peru 1,2026-27,UTC Cajamarca,27.0,4.0,8.0,15.0,20.0,27.5,32.0,50.0,-18.0,29.9,49.9,1.06,0.98,10.66,37.2,11.58,10.79,12.24,1.51,1.62,12.34,47.39,59.0,24.98,53.1,12.11,323.8,82.9,3.0,45.58,69.9,36.3,52.8,54.69,8.65
Peru 1,2026-27,Comerciantes Unidos,27.0,7.0,9.0,11.0,30.0,30.2,35.0,38.0,-3.0,26.0,48.6,1.15,1.07,10.78,36.9,11.57,10.05,11.99,1.49,1.25,12.91,41.11,55.7,33.42,49.1,12.29,279.92,78.8,3.32,40.74,60.9,42.22,50.7,52.61,6.37
Peru 1,2026-27,Los Chankas,26.0,12.0,5.0,9.0,41.0,30.5,35.0,44.0,-9.0,29.6,48.2,1.21,1.13,11.44,36.1,11.75,12.65,12.13,1.55,1.52,12.23,42.73,57.2,26.88,48.7,14.13,313.38,80.3,2.83,42.62,63.2,38.9,48.6,58.78,8.13
Peru 1,2026-27,FC Cajamarca,27.0,7.0,6.0,14.0,27.0,30.6,41.0,52.0,-11.0,32.8,46.7,1.36,1.13,10.17,35.2,8.21,12.25,10.76,1.53,1.72,12.42,49.11,57.5,27.02,42.3,12.56,292.78,80.0,3.64,43.51,62.0,41.72,52.0,54.97,8.97
Peru 1,2026-27,Juan Pablo II College,27.0,9.0,7.0,11.0,31.0,31.3,42.0,52.0,-10.0,27.5,46.4,1.43,1.27,9.32,38.5,9.49,11.37,11.81,1.53,1.78,12.29,43.6,57.2,26.7,43.1,14.97,285.77,79.8,2.63,37.97,61.3,39.67,54.2,52.07,8.95
Peru 1,2026-27,Atlético Grau,27.0,9.0,5.0,13.0,32.0,33.6,26.0,31.0,-5.0,28.7,46.4,0.86,1.12,9.79,36.8,12.3,12.23,12.56,1.36,1.02,12.5,50.32,57.6,29.39,46.1,13.2,301.38,78.9,2.81,43.91,64.6,41.43,52.2,60.9,7.37
Peru 1,2026-27,Deportivo Garcilaso,27.0,14.0,6.0,7.0,48.0,39.5,39.0,24.0,15.0,29.8,45.7,1.3,1.32,11.03,37.8,9.57,14.33,11.9,1.27,0.8,11.7,47.97,58.4,23.27,46.6,10.84,289.3,79.2,2.17,40.57,62.3,39.4,49.7,53.03,10.43
Peru 1,2026-27,Alianza Atlético,27.0,11.0,7.0,9.0,40.0,40.1,40.0,35.0,5.0,27.7,44.7,1.32,1.42,12.27,37.1,12.2,11.15,13.16,1.28,1.15,10.72,44.55,57.4,25.76,42.6,13.42,281.87,79.5,3.43,43.1,62.8,41.22,51.8,54.05,8.77
Peru 1,2026-27,CD Moquegua,27.0,6.0,7.0,14.0,25.0,24.3,24.0,41.0,-17.0,29.7,39.8,0.83,0.9,9.07,31.6,9.66,10.35,9.35,1.64,1.24,12.94,47.6,56.8,29.46,45.0,13.21,238.06,75.6,2.59,38.46,57.3,41.98,49.1,50.54,6.97
Poland 1,2026-27,Jagiellonia Białystok,8.0,4.0,0.0,4.0,12.0,10.3,12.0,13.0,-1.0,25.3,57.9,1.38,1.77,11.81,33.0,12.04,15.59,18.8,1.89,1.49,14.68,54.11,53.2,25.22,48.6,8.44,440.83,83.6,1.15,45.06,67.2,38.06,53.9,64.43,14.22
Poland 1,2026-27,Raków Częstochowa,9.0,1.0,0.0,8.0,3.0,9.6,12.0,21.0,-9.0,25.2,56.5,1.21,1.73,13.16,30.5,14.46,16.37,18.68,2.52,2.11,13.06,41.99,48.6,25.41,56.5,10.38,418.16,84.5,0.6,43.29,72.4,31.54,52.5,57.25,15.57
Poland 1,2026-27,Piast Gliwice,9.0,4.0,1.0,4.0,13.0,9.9,16.0,15.0,1.0,25.9,55.9,1.63,1.43,12.24,38.3,14.49,12.55,17.24,1.96,1.53,14.08,41.43,53.2,28.27,50.2,12.17,448.37,84.2,0.92,43.37,72.0,33.98,49.2,62.14,13.88
Poland 1,2026-27,Wieczysta Kraków,8.0,1.0,2.0,5.0,5.0,9.4,11.0,17.0,-6.0,27.8,54.3,1.26,1.47,12.63,31.8,17.79,12.51,22.27,1.88,1.95,14.35,45.92,51.8,19.4,45.0,12.32,456.66,84.4,1.03,45.0,74.7,38.92,54.3,63.02,11.82
Poland 1,2026-27,Lech Poznań,8.0,6.0,1.0,1.0,16.0,16.1,17.0,7.0,10.0,25.7,52.4,1.96,2.14,16.73,37.2,16.85,13.15,24.12,1.02,0.81,10.15,41.88,50.1,19.62,55.9,11.51,406.73,82.6,0.81,47.77,68.1,36.69,52.8,56.88,13.96
Poland 1,2026-27,Wisła Kraków,9.0,5.0,2.0,2.0,17.0,17.8,17.0,12.0,5.0,27.4,51.6,1.76,2.35,16.82,34.6,13.7,15.78,22.63,1.3,1.25,10.8,51.49,57.9,21.8,52.4,9.51,398.82,82.3,0.93,40.28,67.0,34.98,50.4,57.4,12.46
Poland 1,2026-27,Katowice,8.0,4.0,0.0,4.0,12.0,12.3,16.0,13.0,3.0,28.1,51.4,1.82,2.13,14.22,31.2,15.47,12.29,24.46,1.89,1.48,14.11,41.53,54.2,37.77,51.8,11.54,380.03,83.0,0.91,43.35,71.7,34.7,52.8,60.42,10.81
Poland 1,2026-27,Widzew Łódź,9.0,1.0,6.0,2.0,9.0,12.5,13.0,13.0,0.0,25.7,49.9,1.3,1.7,13.01,28.5,14.72,14.92,18.72,1.63,1.3,12.91,40.85,51.7,32.34,52.3,10.29,337.07,81.2,0.4,44.25,67.6,35.64,52.2,50.26,10.61
Poland 1,2026-27,Korona Kielce,9.0,4.0,3.0,2.0,15.0,11.1,12.0,10.0,2.0,26.2,49.0,1.25,1.49,12.47,40.0,14.34,10.81,17.04,1.7,1.04,11.85,53.83,54.1,32.94,45.7,11.25,376.42,82.7,0.83,45.42,66.1,40.01,49.9,52.48,10.6
Poland 1,2026-27,Legia Warszawa,9.0,5.0,4.0,0.0,16.0,14.4,19.0,8.0,11.0,26.5,49.0,1.93,1.88,13.28,32.1,15.81,16.22,19.86,1.53,0.81,11.15,48.85,51.5,35.37,54.4,11.17,372.26,82.8,1.22,40.03,68.6,33.04,46.0,55.54,12.26
Poland 1,2026-27,Wisła Płock,8.0,3.0,2.0,3.0,8.0,11.4,9.0,12.0,-3.0,28.9,48.8,1.04,1.7,12.84,33.3,15.39,9.25,21.29,1.66,1.39,12.61,50.9,55.7,29.85,47.7,10.19,391.47,81.6,1.16,42.34,65.3,36.9,50.2,58.88,9.14
Poland 1,2026-27,Motor Lublin,9.0,1.0,3.0,5.0,6.0,10.5,9.0,15.0,-6.0,26.0,48.0,0.91,1.55,12.01,30.3,12.51,10.49,18.97,1.88,1.51,12.01,43.28,57.6,31.08,50.0,13.09,359.09,82.6,0.81,44.19,71.5,37.94,55.9,61.45,11.2
Poland 1,2026-27,Górnik Zabrze,9.0,7.0,1.0,1.0,22.0,15.8,16.0,8.0,8.0,26.9,47.4,1.63,1.66,11.73,33.9,16.33,11.12,19.9,1.17,0.82,9.49,46.53,54.8,26.53,48.5,10.95,376.94,81.8,1.33,48.57,71.8,39.49,53.0,63.16,11.73
Poland 1,2026-27,Cracovia Kraków,9.0,2.0,2.0,5.0,8.0,13.1,9.0,14.0,-5.0,26.2,47.3,0.92,1.81,12.54,34.1,13.76,13.86,21.71,1.66,1.43,12.84,51.17,52.4,34.45,47.6,12.08,348.79,80.6,0.71,44.54,68.2,36.59,53.2,57.79,9.58
Poland 1,2026-27,Radomiak Radom,9.0,2.0,2.0,5.0,8.0,10.1,7.0,20.0,-13.0,27.3,47.2,0.72,1.6,12.28,31.1,11.66,12.08,18.78,2.17,2.06,15.28,44.59,52.3,28.38,46.2,10.95,350.5,81.6,1.24,35.09,63.2,34.78,50.7,58.42,10.73
Poland 1,2026-27,Śląsk Wrocław,9.0,1.0,3.0,5.0,6.0,10.1,11.0,15.0,-4.0,26.2,46.7,1.1,1.42,9.8,32.7,15.0,8.8,19.5,1.89,1.5,13.5,44.7,52.8,30.3,50.2,11.69,372.2,81.2,0.8,44.3,68.6,29.3,49.5,55.0,10.5
Poland 1,2026-27,Zagłębie Lubin,9.0,4.0,3.0,2.0,15.0,11.5,11.0,10.0,1.0,26.9,44.8,1.1,1.29,11.16,33.0,15.05,6.88,18.14,1.42,1.0,13.65,46.25,54.1,38.17,52.5,12.16,297.71,76.9,0.6,39.27,61.4,41.86,53.6,57.91,6.98
Poland 1,2026-27,Pogoń Szczecin,8.0,4.0,3.0,1.0,12.0,12.1,12.0,6.0,6.0,25.5,42.3,1.37,1.8,11.39,37.0,11.16,10.14,18.11,1.6,0.68,13.33,51.72,51.5,34.52,44.6,12.76,320.92,81.0,1.03,38.51,66.3,37.59,52.7,48.42,10.37
Portugal 1,2026-27,Benfica,7.0,5.0,1.0,1.0,16.0,16.6,22.0,7.0,15.0,25.6,64.5,3.4,3.13,18.09,39.3,14.69,15.77,39.59,0.46,0.62,4.33,38.97,55.6,25.67,54.2,8.39,545.1,87.8,1.24,69.28,83.5,27.99,55.8,76.24,19.48
Portugal 1,2026-27,Sporting CP,7.0,4.0,3.0,0.0,15.0,14.7,17.0,8.0,9.0,24.5,60.1,2.28,1.91,12.05,45.6,10.04,19.42,20.22,0.8,1.07,7.77,43.79,55.7,16.07,54.2,11.3,524.46,88.2,1.74,53.04,74.7,32.81,58.8,63.21,13.26
Portugal 1,2026-27,Sporting Braga,6.0,3.0,2.0,1.0,10.0,10.4,7.0,5.0,2.0,25.7,58.1,1.29,1.76,11.94,36.9,7.71,9.0,20.02,0.69,0.92,6.98,43.9,61.1,31.41,59.6,9.66,553.78,86.8,1.29,62.45,71.8,42.8,46.8,59.88,8.45
Portugal 1,2026-27,Porto,7.0,7.0,0.0,0.0,18.0,13.3,18.0,3.0,15.0,26.0,56.8,2.73,2.25,13.66,43.3,12.9,10.32,24.28,0.96,0.3,8.95,41.13,52.8,27.02,55.6,10.24,410.84,84.3,0.46,46.29,70.2,31.87,57.6,56.46,11.38
Portugal 1,2026-27,Vitória Guimarães,7.0,1.0,2.0,4.0,4.0,13.3,5.0,8.0,-3.0,24.2,55.4,0.65,1.71,15.82,24.6,20.62,8.56,22.31,0.84,1.04,6.22,41.37,54.5,32.55,48.2,9.44,438.07,82.9,0.39,51.1,70.8,41.5,59.1,67.31,10.12
Portugal 1,2026-27,Gil Vicente,6.0,2.0,2.0,2.0,8.0,10.8,5.0,5.0,0.0,25.8,54.3,0.77,1.38,11.81,29.9,15.49,14.72,14.41,0.81,0.77,8.43,46.61,50.0,24.53,45.0,12.68,436.05,85.8,0.61,44.77,71.9,32.5,56.6,57.65,12.11
Portugal 1,2026-27,Famalicão,7.0,1.0,4.0,2.0,7.0,7.6,9.0,7.0,2.0,23.5,52.7,1.02,0.85,7.47,34.8,11.43,11.21,10.98,1.23,0.79,8.72,42.0,50.1,21.06,50.5,12.52,371.89,85.0,0.57,40.87,69.3,30.11,52.6,48.45,7.58
Portugal 1,2026-27,Nacional,7.0,1.0,1.0,5.0,4.0,7.0,7.0,15.0,-8.0,24.1,51.2,0.93,1.06,9.68,28.8,11.4,9.41,11.0,1.82,1.99,13.39,41.75,58.4,28.63,55.1,14.32,388.1,83.3,0.53,41.75,65.1,36.72,47.3,56.86,8.62
Portugal 1,2026-27,Arouca,7.0,3.0,2.0,2.0,11.0,8.2,10.0,7.0,3.0,26.3,50.4,1.32,1.06,9.65,37.0,14.67,9.52,12.16,1.52,0.93,12.82,44.8,58.1,26.56,46.8,15.49,429.38,85.5,0.53,46.92,73.0,37.53,53.2,59.6,8.59
Portugal 1,2026-27,Estrela Amadora,7.0,2.0,4.0,1.0,10.0,10.2,14.0,14.0,0.0,23.8,49.6,1.86,1.57,11.66,38.6,12.46,12.72,15.91,1.47,1.86,10.47,47.05,53.8,22.93,54.9,13.38,362.78,83.3,0.4,39.63,68.2,37.11,57.1,60.04,11.4
Portugal 1,2026-27,Académico de Viseu F.C.,7.0,3.0,2.0,2.0,11.0,5.9,9.0,9.0,0.0,26.5,46.8,1.18,1.05,8.0,36.1,7.61,11.02,10.5,2.08,1.18,14.96,48.94,50.1,25.98,46.5,14.34,342.42,82.5,0.66,32.27,58.9,42.64,52.9,54.31,8.53
Portugal 1,2026-27,Marítimo,7.0,2.0,2.0,3.0,8.0,8.5,8.0,12.0,-4.0,26.5,45.7,1.05,0.98,8.54,33.8,13.27,8.15,11.96,1.27,1.58,11.82,45.99,49.7,33.77,49.4,12.35,345.02,81.6,0.26,37.71,62.4,35.21,53.7,51.37,7.75
Portugal 1,2026-27,Estoril,7.0,0.0,2.0,5.0,2.0,7.4,3.0,10.0,-7.0,26.1,45.5,0.4,1.13,10.92,37.8,8.65,12.25,15.71,1.84,1.33,12.38,45.27,55.9,29.96,47.1,13.61,367.86,81.8,0.93,43.0,62.5,40.74,50.0,54.59,9.85
Portugal 1,2026-27,Casa Pia AC,7.0,1.0,1.0,5.0,1.0,5.4,3.0,16.0,-13.0,25.8,45.2,0.39,0.87,8.61,30.3,11.87,6.26,10.83,1.92,2.09,13.7,47.22,59.4,30.39,52.4,12.55,318.65,79.0,0.65,42.52,64.4,37.17,46.0,54.52,5.48
Portugal 1,2026-27,Rio Ave,7.0,1.0,1.0,5.0,4.0,3.9,5.0,15.0,-10.0,24.4,44.0,0.67,0.7,6.66,38.0,9.72,10.52,7.72,1.88,2.0,14.25,46.46,50.1,20.1,55.6,16.72,330.44,83.2,0.53,33.82,61.8,42.2,50.2,48.73,7.32
Portugal 1,2026-27,Santa Clara,7.0,4.0,3.0,0.0,14.0,13.2,11.0,4.0,7.0,26.3,43.9,1.4,1.43,9.57,34.7,8.17,8.17,12.77,0.53,0.51,5.62,42.51,57.7,22.6,49.7,12.2,270.77,81.0,0.38,29.62,58.6,29.11,37.7,37.02,8.17
Portugal 1,2026-27,Alverca,7.0,2.0,2.0,3.0,8.0,6.3,9.0,11.0,-2.0,23.3,43.3,1.18,1.09,9.81,40.0,8.76,8.9,14.13,1.83,1.44,10.73,47.75,54.0,19.49,40.3,13.5,321.02,79.6,1.05,37.67,61.5,33.62,47.1,54.81,8.76
Portugal 1,2026-27,Moreirense,7.0,2.0,2.0,3.0,8.0,5.8,8.0,14.0,-6.0,24.1,36.2,1.04,0.89,6.13,40.4,7.83,7.43,6.91,1.88,1.83,13.96,50.48,55.3,32.35,40.3,16.71,300.13,77.4,0.26,30.65,53.2,41.61,42.9,50.35,6.65
Portugal 2,2026-27,Sporting CP II,6.0,4.0,0.0,2.0,12.0,10.9,8.0,6.0,2.0,20.2,56.9,1.18,1.59,12.86,39.1,11.67,15.07,15.81,0.93,0.89,8.57,42.71,56.1,29.7,47.3,8.48,365.62,82.8,0.89,49.06,68.1,36.95,48.0,57.04,12.27
Portugal 2,2026-27,Chaves,5.0,1.0,1.0,3.0,4.0,8.3,5.0,9.0,-4.0,26.5,56.1,0.89,1.2,14.31,30.0,22.01,7.87,20.76,0.83,1.61,7.51,46.7,57.9,27.38,60.8,7.77,389.52,80.5,0.72,49.56,68.6,42.76,49.0,65.49,10.74
Portugal 2,2026-27,Feirense,6.0,0.0,1.0,5.0,1.0,7.9,1.0,8.0,-7.0,25.2,55.9,0.15,0.95,12.17,23.5,18.33,9.47,15.93,1.08,1.2,10.07,49.73,56.8,32.0,51.2,9.78,402.97,79.2,0.9,52.44,67.6,44.47,53.7,66.26,11.57
Portugal 2,2026-27,Torreense,6.0,1.0,3.0,2.0,6.0,9.1,7.0,9.0,-2.0,26.1,53.7,1.06,1.49,10.49,31.9,15.05,12.16,20.07,1.34,1.37,10.79,39.53,51.9,24.17,47.8,11.62,366.54,80.5,0.76,50.02,67.5,38.46,54.2,57.31,13.99
Portugal 2,2026-27,Benfica II,6.0,3.0,1.0,2.0,10.0,7.0,7.0,5.0,2.0,19.3,53.7,1.07,1.57,11.15,28.8,14.06,13.75,18.64,1.85,0.76,16.35,49.66,48.0,24.6,54.0,13.81,370.08,82.6,0.15,47.98,71.7,32.09,50.5,58.68,13.14
Portugal 2,2026-27,Leixões,6.0,3.0,1.0,2.0,10.0,9.3,8.0,6.0,2.0,27.6,53.2,1.19,1.22,11.75,34.2,13.54,9.07,13.69,1.02,0.89,7.29,55.93,50.5,21.72,44.5,8.2,336.2,80.1,1.64,46.56,66.5,37.19,51.2,54.74,9.22
Portugal 2,2026-27,Farense,5.0,2.0,2.0,1.0,8.0,9.8,7.0,5.0,2.0,27.7,53.2,1.25,1.9,14.7,36.6,19.36,8.61,20.08,1.09,0.9,11.12,37.47,60.3,35.86,43.5,9.24,354.44,77.8,1.25,47.69,61.7,50.56,56.4,65.98,11.12
Portugal 2,2026-27,Vizela,6.0,3.0,2.0,1.0,11.0,7.5,7.0,4.0,3.0,26.8,52.9,1.08,0.87,11.1,29.2,15.1,13.25,16.95,1.12,0.62,9.4,40.53,59.7,27.12,56.3,10.49,368.32,83.0,0.46,48.08,71.5,31.75,46.1,57.33,12.48
Portugal 2,2026-27,União de Leiria,6.0,3.0,1.0,2.0,10.0,7.8,10.0,7.0,3.0,26.7,51.2,1.53,1.53,11.04,40.3,13.49,12.73,13.65,1.57,1.07,12.42,46.61,51.0,22.84,52.3,10.93,354.17,83.8,0.92,45.54,73.1,33.12,55.1,62.56,10.27
Portugal 2,2026-27,Porto II,6.0,1.0,1.0,4.0,4.0,4.4,4.0,13.0,-9.0,20.1,51.2,0.61,0.63,7.77,33.3,11.27,13.1,10.96,1.53,1.98,14.31,40.96,54.3,26.8,46.6,12.98,360.76,79.8,0.76,40.96,55.8,41.27,49.1,54.67,10.96
Portugal 2,2026-27,Académica,6.0,3.0,0.0,3.0,9.0,7.2,8.0,10.0,-2.0,27.4,49.8,1.21,1.29,11.82,37.2,17.73,7.58,19.55,1.51,1.52,12.73,38.48,49.2,32.27,54.0,8.78,310.76,77.8,0.0,48.64,62.9,39.24,48.6,50.45,9.39
Portugal 2,2026-27,Portimonense,6.0,2.0,1.0,3.0,7.0,9.3,4.0,6.0,-2.0,24.8,48.8,0.61,1.31,9.56,34.9,7.44,9.87,13.51,0.95,0.91,9.87,42.8,55.7,27.02,45.5,13.63,365.16,83.7,1.21,42.65,69.0,35.82,48.7,54.49,9.11
Portugal 2,2026-27,Tondela,6.0,3.0,0.0,3.0,9.0,8.5,7.0,6.0,1.0,26.7,47.8,1.06,1.06,10.72,31.0,16.76,11.93,17.21,1.03,0.91,7.55,49.53,55.5,36.54,53.7,8.79,319.98,75.7,0.6,43.94,65.6,40.47,53.7,61.31,6.8
Portugal 2,2026-27,Penafiel,6.0,4.0,1.0,1.0,13.0,9.6,13.0,5.0,8.0,26.8,46.1,1.95,1.24,9.45,39.7,7.5,5.55,13.05,1.0,0.75,9.75,43.05,52.3,28.65,47.6,9.93,315.3,79.3,0.3,37.65,60.2,39.45,47.1,55.5,8.55
Portugal 2,2026-27,AVS ,6.0,1.0,3.0,2.0,6.0,4.5,6.0,6.0,0.0,26.0,45.5,0.92,0.84,9.61,34.9,10.37,14.19,11.14,1.97,0.92,17.24,49.27,48.3,27.61,45.3,13.17,313.47,79.4,1.07,36.92,62.8,39.2,54.9,58.73,8.39
Portugal 2,2026-27,Amarante,6.0,1.0,2.0,3.0,5.0,9.0,5.0,8.0,-3.0,25.1,44.0,0.74,1.25,9.82,34.8,9.52,12.2,10.86,1.19,1.19,10.41,50.28,55.3,26.03,52.6,11.91,287.7,77.5,0.45,43.44,59.6,39.72,46.8,51.02,10.71
Portugal 2,2026-27,Felgueiras 1932,6.0,1.0,3.0,2.0,6.0,6.8,5.0,6.0,-1.0,25.5,42.4,0.75,0.95,8.71,31.0,10.22,6.76,12.92,1.04,0.9,10.67,39.82,52.8,38.46,51.2,14.48,309.67,76.8,0.3,44.32,61.4,38.61,51.4,57.25,6.46
Portugal 2,2026-27,Lusitania FC Lourosa,6.0,5.0,1.0,0.0,16.0,9.0,11.0,4.0,7.0,27.0,38.7,1.66,1.48,11.29,38.7,11.29,9.03,14.15,1.18,0.6,10.99,55.54,53.4,23.48,45.5,14.41,277.22,78.9,0.9,33.11,62.3,35.37,45.1,48.46,6.77
Romania 1,2026-27,Universitatea Craiova,10.0,6.0,2.0,2.0,20.0,19.4,24.0,9.0,15.0,26.5,56.7,2.21,2.08,16.0,38.5,19.03,16.0,21.33,0.98,0.83,8.46,44.13,58.8,23.07,61.4,12.61,471.05,84.6,1.1,51.57,70.9,39.99,54.0,69.04,12.78
Romania 1,2026-27,Dinamo Bucureşti,10.0,7.0,2.0,1.0,20.0,20.9,23.0,7.0,16.0,24.7,55.9,2.07,2.01,15.59,34.7,13.42,13.96,21.71,0.93,0.63,8.83,38.29,48.5,20.72,59.1,12.93,428.92,86.5,0.9,45.5,75.2,36.13,58.6,62.88,11.44
Romania 1,2026-27,Universitatea Cluj,9.0,5.0,0.0,4.0,12.0,13.9,14.0,13.0,1.0,29.3,55.9,1.44,1.8,13.83,33.6,16.31,18.78,21.98,1.56,1.34,11.97,43.25,57.0,18.89,48.6,11.35,449.07,84.0,1.34,51.5,68.9,40.36,57.8,65.44,14.97
Romania 1,2026-27,Botoşani,10.0,2.0,5.0,3.0,11.0,13.2,14.0,12.0,2.0,27.4,54.3,1.29,1.81,11.57,29.4,9.64,12.58,18.18,1.96,1.1,14.05,46.84,49.2,24.15,48.7,12.33,389.94,82.0,1.65,44.45,64.9,38.39,48.6,58.78,13.78
Romania 1,2026-27,FCS Bucureşti,10.0,3.0,3.0,4.0,12.0,16.2,13.0,17.0,-4.0,26.2,54.0,1.2,1.98,14.18,39.9,14.64,15.11,21.97,1.5,1.58,13.16,41.15,52.5,29.47,53.1,11.3,408.29,82.9,1.2,45.7,67.3,39.67,51.9,61.82,13.07
Romania 1,2026-27,Rapid Bucureşti,10.0,6.0,3.0,1.0,21.0,17.4,14.0,6.0,8.0,25.7,52.3,1.3,1.58,14.63,39.2,15.0,13.89,21.2,1.02,0.56,11.94,45.56,57.3,30.37,54.6,12.33,405.93,79.8,1.3,58.24,61.7,44.81,43.6,69.81,12.31
Romania 1,2026-27,Oţelul,9.0,2.0,4.0,3.0,10.0,9.9,9.0,12.0,-3.0,28.2,51.2,0.92,1.1,9.1,34.8,12.58,10.13,12.89,1.52,1.23,13.3,51.24,52.7,31.5,44.5,11.95,394.26,80.9,0.82,45.72,64.2,42.85,50.1,61.57,9.0
Romania 1,2026-27,CFR Cluj,9.0,4.0,1.0,4.0,13.0,12.0,15.0,14.0,1.0,29.7,50.8,1.57,1.62,13.5,40.3,12.56,15.7,19.67,1.74,1.47,12.56,45.1,54.3,26.16,46.0,14.18,438.8,83.4,1.57,57.35,72.8,43.43,51.1,65.93,11.09
Romania 1,2026-27,Sepsi,10.0,3.0,4.0,3.0,13.0,11.3,7.0,10.0,-3.0,27.2,49.5,0.65,1.13,10.24,30.9,9.77,11.35,11.54,1.6,0.93,14.89,46.44,52.1,21.78,44.9,15.39,410.72,82.4,0.84,45.14,63.5,43.37,49.1,60.12,8.75
Romania 1,2026-27,Farul Constanţa,10.0,3.0,5.0,2.0,14.0,15.1,14.0,14.0,0.0,24.9,49.1,1.31,1.54,12.96,42.4,10.73,12.31,16.88,1.48,1.31,11.19,42.25,53.2,19.21,47.6,22.43,445.71,85.6,0.93,40.01,68.8,35.91,47.8,59.97,11.75
Romania 1,2026-27,UTA Arad,10.0,3.0,3.0,4.0,12.0,16.9,14.0,15.0,-1.0,28.4,49.0,1.3,1.63,14.13,29.6,17.76,15.71,19.62,1.15,1.39,9.86,48.72,53.8,25.2,54.6,12.24,365.21,78.1,1.21,55.6,62.5,46.3,48.4,64.62,11.34
Romania 1,2026-27,Corvinul Hunedoara,9.0,2.0,4.0,3.0,10.0,13.2,8.0,7.0,1.0,26.7,48.5,0.83,1.54,13.23,30.5,16.53,10.64,15.6,1.34,0.72,13.33,46.6,51.9,26.35,46.3,14.57,352.87,81.1,0.83,45.88,62.2,53.11,57.0,63.03,9.92
Romania 1,2026-27,Argeș,10.0,3.0,2.0,5.0,11.0,13.8,6.0,10.0,-4.0,27.1,44.9,0.56,1.17,11.94,24.8,15.37,11.2,16.48,1.18,0.93,11.02,51.76,54.6,36.85,51.8,11.25,328.52,73.7,0.37,53.06,57.9,47.87,42.0,63.7,9.72
Romania 1,2026-27,Csikszereda Miercurea Ciuc,9.0,0.0,1.0,8.0,1.0,5.8,6.0,21.0,-15.0,27.7,43.2,0.62,0.75,7.78,41.3,10.99,9.33,10.78,1.84,2.18,14.1,46.66,47.1,26.23,49.0,14.74,326.41,79.3,0.41,44.27,57.8,46.56,51.7,56.72,7.57
Romania 1,2026-27,Voluntari,10.0,2.0,2.0,6.0,8.0,7.6,9.0,22.0,-13.0,26.5,42.1,0.84,1.27,10.6,35.1,9.76,12.55,11.99,2.45,2.05,16.83,51.51,53.6,25.01,40.1,18.99,327.92,78.8,0.74,39.79,57.9,42.77,48.9,53.46,10.51
Romania 1,2026-27,Petrolul 52,9.0,5.0,1.0,3.0,16.0,8.7,11.0,12.0,-1.0,26.8,41.3,1.13,1.19,10.4,37.6,12.56,10.19,13.49,2.23,1.24,15.76,44.18,54.5,25.85,48.6,17.06,296.88,77.6,0.72,39.44,64.2,35.01,51.5,57.36,8.34
Russia 1,2026-27,Spartak Moskva,9.0,6.0,1.0,2.0,19.0,16.8,16.0,7.0,9.0,27.4,61.5,1.64,1.75,13.44,37.4,17.55,15.91,22.58,0.88,0.72,8.21,44.44,58.4,30.89,49.2,8.03,471.04,81.7,0.92,51.93,71.7,41.15,49.4,70.71,10.98
Russia 1,2026-27,Dinamo Moskva,9.0,6.0,1.0,2.0,19.0,15.5,14.0,8.0,6.0,25.9,61.4,1.62,1.89,14.13,39.3,15.41,14.13,19.23,0.98,0.93,6.6,45.29,55.5,31.27,58.9,9.21,488.34,81.8,0.35,62.43,67.7,46.8,51.2,68.11,13.78
Russia 1,2026-27,Zenit,9.0,6.0,0.0,3.0,18.0,17.6,19.0,9.0,10.0,26.9,60.5,1.94,2.06,13.96,36.5,14.68,13.15,24.26,1.1,0.92,10.09,34.35,52.2,29.56,47.9,11.78,465.19,86.7,0.92,46.17,76.4,41.48,64.9,66.46,13.25
Russia 1,2026-27,Krasnodar,9.0,6.0,3.0,0.0,21.0,16.4,14.0,7.0,7.0,28.2,55.9,1.41,1.65,12.76,35.4,10.75,8.84,18.98,0.97,0.7,9.14,44.5,56.7,37.57,49.7,7.75,400.58,81.9,1.21,48.11,67.2,41.89,53.0,65.39,8.04
Russia 1,2026-27,Akron Togliatti,9.0,1.0,5.0,3.0,8.0,6.1,11.0,18.0,-7.0,25.8,53.5,1.26,1.0,10.09,37.5,12.96,12.27,15.48,2.01,2.06,14.1,43.68,55.9,28.2,48.0,9.9,356.56,78.6,0.92,41.73,62.1,41.73,51.4,63.52,12.27
Russia 1,2026-27,CSKA Moskva,9.0,5.0,4.0,0.0,19.0,13.5,15.0,9.0,6.0,23.3,50.9,1.71,1.85,13.99,35.0,12.74,13.43,18.32,1.43,0.91,11.26,42.21,56.3,28.45,56.4,11.37,397.66,81.6,1.14,50.06,69.5,39.14,51.2,64.97,13.2
Russia 1,2026-27,Akhmat Grozny,9.0,2.0,4.0,3.0,10.0,9.4,13.0,13.0,0.0,26.8,49.9,1.49,1.16,11.95,32.7,12.3,12.64,16.09,1.44,1.26,12.18,41.61,51.9,24.14,53.8,12.82,366.55,80.1,0.69,43.91,64.9,41.84,50.5,59.31,11.84
Russia 1,2026-27,Lokomotiv Moskva,9.0,1.0,4.0,4.0,7.0,8.4,8.0,11.0,-3.0,25.1,49.4,0.82,1.1,11.17,24.8,11.28,10.15,18.14,1.96,1.13,15.79,55.15,53.2,35.36,50.1,10.93,383.58,80.0,1.03,43.77,58.1,45.62,49.4,61.61,10.05
Russia 1,2026-27,Rubin Kazan',9.0,2.0,6.0,1.0,12.0,11.3,12.0,11.0,1.0,24.9,49.0,1.22,1.34,9.08,32.6,11.63,9.49,13.98,1.54,1.12,12.86,48.37,53.0,40.51,51.6,9.74,332.04,76.5,0.61,41.84,60.0,44.49,44.7,56.33,8.88
Russia 1,2026-27,Rostov,9.0,2.0,2.0,5.0,8.0,10.8,10.0,17.0,-7.0,25.5,48.8,1.14,1.33,13.15,40.9,14.29,11.32,19.78,1.36,1.6,9.83,47.46,60.2,46.32,51.4,9.12,341.7,73.9,0.69,51.35,56.6,52.03,47.5,69.76,7.32
Russia 1,2026-27,Krylya Sovetov,9.0,2.0,5.0,2.0,11.0,10.3,13.0,14.0,-1.0,27.6,46.9,1.34,1.47,11.28,42.2,10.03,10.24,16.34,1.86,1.45,13.66,55.76,50.3,26.69,52.7,11.52,360.1,78.3,1.24,49.03,59.7,43.24,46.4,61.03,11.38
Russia 1,2026-27,Fakel,9.0,0.0,3.0,6.0,3.0,9.3,6.0,13.0,-7.0,27.7,45.9,0.61,0.94,8.28,27.2,9.92,7.06,14.11,1.6,1.33,11.97,51.34,52.8,48.78,44.7,11.76,321.34,75.6,0.72,47.86,57.7,51.14,47.4,61.36,5.73
Russia 1,2026-27,Rodina Moskva,9.0,1.0,2.0,6.0,5.0,4.7,10.0,22.0,-12.0,27.8,45.5,1.04,0.9,8.1,33.3,11.63,12.56,10.8,2.48,2.28,18.06,48.58,52.4,37.89,49.9,13.52,303.22,76.5,0.31,40.59,57.5,45.16,48.7,57.4,8.2
Russia 1,2026-27,Dynamo Makhachkala,9.0,4.0,0.0,5.0,12.0,13.1,15.0,16.0,-1.0,25.7,43.0,1.72,1.62,11.09,38.1,12.01,13.38,15.78,1.19,1.49,9.72,46.66,56.1,32.94,40.6,14.73,322.83,77.4,0.8,41.86,60.1,45.51,48.7,64.73,10.41
Russia 1,2026-27,Baltika,9.0,3.0,2.0,4.0,11.0,16.6,14.0,12.0,2.0,26.2,39.1,1.43,1.62,10.93,39.3,12.67,8.68,21.04,0.95,1.23,8.58,52.0,56.4,51.28,48.6,10.45,269.18,70.5,0.61,47.5,58.5,53.02,54.9,59.76,3.17
Russia 1,2026-27,Orenburg,9.0,1.0,6.0,2.0,9.0,13.1,7.0,10.0,-3.0,25.4,37.4,0.71,1.4,10.79,30.2,11.3,9.16,18.02,1.33,1.02,11.2,52.53,55.8,48.26,51.5,10.21,235.28,69.5,0.71,44.19,59.7,42.56,52.6,55.08,4.89
Saudi 1,2026-27,Al Nassr,7.0,5.0,1.0,1.0,16.0,15.2,16.0,7.0,9.0,27.9,58.3,2.06,1.84,13.91,41.7,20.09,18.41,24.98,0.79,0.9,7.73,46.87,53.6,14.55,60.2,9.13,408.28,84.9,1.67,58.45,78.9,31.29,56.8,63.61,11.72
Saudi 1,2026-27,Al Hilal,7.0,6.0,0.0,1.0,18.0,17.6,23.0,5.0,18.0,29.0,56.7,2.98,3.52,17.25,37.6,17.51,12.06,27.23,1.16,0.65,8.95,46.82,56.2,17.38,57.5,11.11,440.27,85.7,1.69,51.22,77.0,34.76,60.4,63.29,15.56
Saudi 1,2026-27,Al Taawon,7.0,0.0,3.0,4.0,3.0,9.9,3.0,12.0,-9.0,27.0,55.4,0.39,1.44,12.33,24.0,15.28,20.67,22.34,1.61,1.54,10.27,45.58,47.9,16.95,53.0,13.38,404.94,85.0,0.9,49.94,75.6,35.56,59.2,59.96,10.78
Saudi 1,2026-27,Al Ettifaq,7.0,3.0,2.0,2.0,11.0,10.7,11.0,11.0,0.0,27.4,54.7,1.4,1.55,12.2,38.5,14.62,11.95,19.19,1.33,1.4,9.03,37.12,49.3,14.62,52.2,12.39,393.56,85.7,1.78,53.39,76.0,25.55,59.2,58.73,12.97
Saudi 1,2026-27,Al Qadisiyah,7.0,5.0,1.0,1.0,16.0,14.2,16.0,8.0,8.0,28.2,54.4,2.05,2.17,12.4,43.3,15.85,12.27,27.1,1.14,1.02,7.8,42.7,45.8,16.36,45.3,11.81,455.75,85.6,1.41,48.2,78.8,32.73,59.4,63.41,12.66
Saudi 1,2026-27,Al Ahli,7.0,4.0,0.0,3.0,12.0,11.3,16.0,10.0,6.0,26.0,53.7,2.06,2.18,12.73,37.4,16.2,10.41,23.91,1.72,1.29,11.06,51.69,56.0,20.96,58.9,9.52,357.3,83.8,1.41,44.36,73.9,30.6,56.7,57.09,11.19
Saudi 1,2026-27,Al Shabab,7.0,0.0,4.0,3.0,4.0,9.4,6.0,11.0,-5.0,27.7,52.2,0.77,1.42,10.93,34.1,15.04,13.76,26.1,1.64,1.41,10.8,46.29,57.8,18.77,51.4,12.64,384.3,82.9,0.64,51.56,69.8,33.81,48.7,59.53,17.36
Saudi 1,2026-27, NEOM,7.0,5.0,0.0,2.0,15.0,11.0,13.0,6.0,7.0,26.1,52.1,1.69,1.6,12.06,34.4,12.45,8.69,19.71,1.44,0.78,10.24,40.46,53.2,17.64,44.1,13.22,414.6,86.0,0.39,43.83,70.1,36.57,59.6,54.99,11.8
Saudi 1,2026-27,Al Faisaly,7.0,0.0,3.0,4.0,3.0,5.3,5.0,13.0,-8.0,30.0,50.3,0.65,0.78,6.1,42.6,12.71,8.17,9.73,1.85,1.69,12.06,49.93,53.8,14.78,58.8,16.34,355.85,82.9,0.78,39.94,64.0,37.74,54.3,55.89,8.69
Saudi 1,2026-27,Al Ittihad,7.0,5.0,2.0,0.0,17.0,12.7,12.0,6.0,6.0,26.9,49.6,1.53,2.21,12.98,34.3,15.02,14.38,17.44,1.44,0.76,11.58,47.99,48.3,18.84,51.4,13.85,392.08,84.7,1.78,47.74,73.6,30.81,57.0,57.03,11.07
Saudi 1,2026-27,Abha,7.0,0.0,2.0,5.0,2.0,6.7,5.0,13.0,-8.0,28.3,49.0,0.65,0.92,8.75,35.8,11.23,10.19,9.54,1.45,1.7,10.71,46.5,55.1,14.37,42.7,14.48,357.0,81.9,0.78,46.5,67.1,35.79,49.3,54.34,10.06
Saudi 1,2026-27,Al Khaleej,7.0,0.0,5.0,2.0,5.0,5.5,3.0,10.0,-7.0,30.4,47.7,0.39,0.72,7.73,27.1,10.09,7.34,9.83,1.5,1.31,12.71,47.69,53.0,12.97,41.4,13.95,369.83,83.5,1.18,47.69,64.3,37.21,50.0,53.84,8.52
Saudi 1,2026-27,Diriyah SC,7.0,3.0,2.0,2.0,11.0,12.4,7.0,5.0,2.0,28.6,47.4,0.89,1.64,10.71,29.8,13.77,14.41,16.83,1.11,0.64,9.05,48.19,53.2,14.53,44.7,13.8,364.84,83.7,1.66,44.75,74.4,30.72,53.1,57.49,11.35
Saudi 1,2026-27,Al Kholood,7.0,3.0,3.0,1.0,12.0,11.1,12.0,10.0,2.0,25.1,47.2,1.54,1.51,9.36,43.8,14.62,13.46,17.31,1.23,1.28,10.26,46.15,53.1,19.87,63.2,12.96,357.82,83.8,0.64,45.9,73.2,37.95,56.4,55.64,10.26
Saudi 1,2026-27,Al Fateh,7.0,0.0,3.0,4.0,3.0,6.1,4.0,11.0,-7.0,27.9,45.6,0.52,1.24,10.43,44.4,12.75,14.68,15.71,2.06,1.42,14.03,47.38,51.9,17.51,47.8,14.57,310.69,83.0,0.9,37.47,66.7,39.53,55.0,51.24,11.97
Saudi 1,2026-27,Al Feiha,7.0,1.0,3.0,3.0,6.0,5.1,7.0,11.0,-4.0,28.9,44.4,0.91,1.0,10.16,41.0,9.25,13.29,12.89,2.26,1.43,14.46,49.49,51.6,19.28,41.2,21.2,375.11,85.2,0.39,36.47,69.6,36.34,58.8,56.27,11.46
Saudi 1,2026-27,Al Hazem,7.0,2.0,2.0,3.0,8.0,6.1,7.0,9.0,-2.0,28.3,43.7,0.89,1.02,8.04,34.9,10.6,12.89,13.53,2.01,1.15,11.74,50.55,48.5,17.36,42.6,12.91,324.26,81.5,0.77,42.0,73.9,27.19,51.2,54.64,11.11
Saudi 1,2026-27,Al Riyadh,7.0,2.0,2.0,3.0,8.0,5.7,8.0,16.0,-8.0,26.8,38.0,1.02,0.94,8.52,29.9,6.74,6.1,8.9,1.98,2.03,14.24,40.68,54.7,16.4,39.5,15.78,260.59,78.7,1.27,33.56,56.1,39.15,44.2,47.16,6.99
Scotland 1,2026-27,Celtic,7.0,6.0,0.0,1.0,18.0,13.9,14.0,4.0,10.0,26.1,61.5,1.89,2.94,17.84,44.7,20.0,24.19,30.95,1.32,0.54,9.73,44.73,55.3,34.73,62.3,10.51,566.08,86.9,1.49,57.16,84.4,36.35,57.2,81.22,18.38
Scotland 1,2026-27,Motherwell,7.0,2.0,2.0,3.0,8.0,8.9,9.0,11.0,-2.0,23.9,60.9,1.2,1.59,13.2,34.3,12.27,16.13,20.67,1.98,1.47,13.73,48.13,53.5,20.67,58.7,10.82,543.73,87.5,0.93,48.53,71.4,32.13,50.6,58.27,14.67
Scotland 1,2026-27,Hearts,7.0,4.0,1.0,2.0,13.0,12.4,14.0,8.0,6.0,26.2,56.6,1.83,1.81,13.47,35.9,17.27,18.84,22.89,1.24,1.05,8.11,43.17,51.5,36.1,54.3,11.73,403.17,80.5,0.52,47.62,61.5,42.25,48.9,63.71,13.6
Scotland 1,2026-27,Rangers,7.0,5.0,1.0,1.0,16.0,16.6,8.0,4.0,4.0,24.4,55.0,1.07,2.86,18.0,32.1,17.6,20.55,29.01,1.05,0.54,7.66,48.49,54.8,42.58,54.6,10.18,415.21,81.7,0.54,49.7,67.3,45.27,57.3,74.28,14.1
Scotland 1,2026-27,Dundee United,7.0,2.0,2.0,3.0,8.0,10.1,9.0,11.0,-2.0,24.2,48.9,1.22,1.87,14.05,32.7,15.81,10.0,24.73,1.9,1.49,13.65,51.62,54.2,39.32,51.9,13.81,378.51,78.8,0.95,46.89,60.5,46.08,47.8,65.27,12.3
Scotland 1,2026-27,Hibernian,7.0,2.0,1.0,4.0,7.0,11.0,8.0,11.0,-3.0,26.2,48.8,1.07,1.86,15.11,26.5,20.19,13.91,25.01,1.59,1.47,11.23,57.37,52.2,33.83,51.4,13.19,413.22,82.0,0.67,52.82,66.3,39.85,49.7,67.27,13.51
Scotland 1,2026-27,St. Johnstone,7.0,2.0,2.0,3.0,8.0,9.2,9.0,10.0,-1.0,25.6,48.6,1.2,1.42,9.32,38.6,13.85,10.12,16.64,1.57,1.33,10.65,47.13,47.7,34.08,43.4,13.73,432.16,81.9,0.4,48.59,61.6,46.73,43.9,61.24,9.59
Scotland 1,2026-27,Falkirk,7.0,1.0,3.0,3.0,6.0,6.8,6.0,9.0,-3.0,25.7,47.7,0.81,1.17,9.69,27.8,13.05,12.51,16.68,1.88,1.21,13.59,58.12,50.7,34.17,52.0,10.63,371.84,78.7,0.54,46.55,51.7,49.64,44.7,52.33,9.82
Scotland 1,2026-27,St. Mirren,7.0,3.0,1.0,3.0,10.0,8.3,8.0,9.0,-1.0,24.5,47.2,1.07,1.58,12.27,30.4,11.2,12.27,20.93,2.03,1.2,13.07,56.8,58.2,27.07,39.4,13.19,404.0,82.3,1.6,40.8,67.0,45.07,56.5,68.0,11.07
Scotland 1,2026-27,Aberdeen,7.0,2.0,2.0,3.0,8.0,7.3,7.0,8.0,-1.0,27.5,43.9,0.94,1.08,8.74,30.8,13.45,11.3,14.13,1.6,1.08,14.53,57.04,48.1,31.21,47.0,11.9,348.97,79.3,0.27,45.2,66.4,41.84,50.8,60.13,7.94
Scotland 1,2026-27,Kilmarnock,7.0,1.0,2.0,4.0,5.0,5.4,6.0,15.0,-9.0,25.6,43.1,0.8,1.08,8.3,41.9,10.58,10.18,16.34,2.63,2.01,16.21,50.89,52.9,34.42,39.3,15.05,352.77,79.7,0.8,45.54,61.8,40.45,44.0,59.46,11.79
Scotland 1,2026-27,Dundee,7.0,3.0,1.0,3.0,10.0,8.0,9.0,7.0,2.0,24.3,37.0,1.18,1.51,9.33,33.8,9.07,8.93,14.58,1.97,0.92,17.08,43.88,54.2,44.28,46.3,18.05,286.95,76.6,0.66,32.06,50.4,36.79,44.6,47.96,9.99
Scotland 2,2026-27,Partick Thistle,7.0,3.0,3.0,1.0,12.0,13.1,5.0,2.0,3.0,26.0,61.4,0.8,1.87,13.04,37.8,18.6,14.31,32.76,0.59,0.16,6.2,43.57,55.8,41.02,57.8,8.18,461.93,80.0,0.48,64.08,70.0,47.86,53.2,83.8,18.6
Scotland 2,2026-27,Dunfermline Athletic,7.0,3.0,3.0,1.0,12.0,9.3,6.0,4.0,2.0,23.3,59.7,0.95,1.3,13.65,32.6,18.89,17.78,17.62,1.21,0.63,7.3,40.48,60.0,46.03,53.1,8.91,488.1,82.1,0.79,63.02,66.8,54.92,56.4,77.3,16.03
Scotland 2,2026-27,Livingston,7.0,3.0,1.0,3.0,10.0,12.4,10.0,7.0,3.0,27.7,59.6,1.36,1.66,13.09,26.0,20.32,12.14,24.27,1.06,0.95,9.14,46.23,46.6,45.82,51.5,9.23,465.82,80.6,0.27,57.68,65.7,50.05,48.5,76.77,14.73
Scotland 2,2026-27,Raith Rovers,7.0,4.0,2.0,1.0,14.0,12.9,11.0,3.0,8.0,27.9,55.8,1.5,1.33,10.62,41.0,13.62,11.16,15.11,0.72,0.41,6.81,55.14,55.6,39.62,53.3,11.22,466.07,83.3,0.95,61.68,65.6,50.79,51.7,70.53,9.26
Scotland 2,2026-27,Inverness CT,7.0,1.0,4.0,2.0,7.0,10.6,7.0,9.0,-2.0,25.1,53.3,0.96,1.18,9.98,43.8,17.51,11.22,15.46,0.9,1.23,8.62,50.06,54.6,45.96,48.5,11.06,428.12,76.5,1.09,54.16,54.5,50.74,39.1,71.67,8.21
Scotland 2,2026-27,Greenock Morton,7.0,0.0,1.0,6.0,1.0,4.5,4.0,13.0,-9.0,24.6,44.7,0.63,0.97,7.7,32.7,10.52,9.9,13.04,1.99,1.88,14.14,50.1,59.6,38.32,38.9,14.71,351.05,77.7,0.31,44.92,52.8,44.61,39.1,62.2,11.31
Scotland 2,2026-27,Stenhousemuir,7.0,6.0,1.0,0.0,19.0,6.8,11.0,2.0,9.0,24.6,43.4,1.74,0.87,8.4,43.4,11.09,10.14,14.1,1.21,0.32,8.24,46.58,50.0,49.91,43.2,16.01,309.45,73.6,0.63,51.02,47.2,52.29,44.2,60.21,7.13
Scotland 2,2026-27,Ayr United,7.0,2.0,2.0,3.0,8.0,8.9,7.0,8.0,-1.0,24.0,42.5,0.96,1.19,7.92,39.7,12.7,14.34,13.38,1.28,1.09,10.93,45.48,54.7,32.78,52.1,18.62,345.66,76.2,0.68,48.48,56.6,47.66,43.3,55.99,11.2
Scotland 2,2026-27,Arbroath,7.0,2.0,2.0,3.0,8.0,7.5,4.0,9.0,-5.0,27.8,40.7,0.54,0.89,5.97,38.6,11.13,8.01,10.45,1.27,1.22,11.13,46.83,53.0,46.7,53.2,18.4,311.4,71.4,0.41,48.73,47.9,53.62,44.3,63.12,6.24
Scotland 2,2026-27,Queen's Park,7.0,1.0,1.0,5.0,4.0,5.3,3.0,11.0,-8.0,26.8,40.5,0.41,0.84,6.77,38.0,10.69,7.58,10.96,1.85,1.49,13.53,53.32,53.6,42.77,48.1,16.37,318.72,78.1,0.14,39.79,58.8,49.8,48.4,61.17,8.26
Serbia 1,2026-27,Crvena Zvezda,10.0,9.0,1.0,0.0,25.0,22.0,24.0,3.0,21.0,26.2,62.5,2.25,2.45,16.06,44.4,17.47,15.88,28.56,0.99,0.28,,46.32,55.4,21.61,56.5,10.85,529.76,87.5,2.91,57.31,77.7,37.39,61.1,74.22,15.5
Serbia 1,2026-27,Železničar Pancevo,9.0,4.0,2.0,3.0,11.0,14.6,14.0,10.0,4.0,24.0,61.4,1.45,1.91,14.41,32.4,14.72,13.89,22.09,1.13,1.04,,36.71,54.2,27.48,60.4,9.54,460.89,87.0,1.14,55.99,75.2,38.78,58.6,63.97,16.59
Serbia 1,2026-27,Partizan,9.0,2.0,2.0,5.0,8.0,16.9,17.0,19.0,-2.0,23.1,59.3,1.72,2.16,16.82,34.3,19.26,15.51,26.35,1.36,1.93,,40.24,54.2,25.95,51.2,10.49,431.45,83.8,0.71,51.49,75.2,36.59,57.6,68.72,15.61
Serbia 1,2026-27,Radnički Kragujevac,9.0,5.0,2.0,2.0,17.0,16.6,17.0,9.0,8.0,25.9,57.9,1.77,1.94,14.48,36.7,15.42,15.31,24.06,1.23,0.94,,49.79,54.8,28.54,48.9,7.64,365.1,78.4,0.52,44.17,66.5,43.33,50.7,66.77,15.83
Serbia 1,2026-27,OFK Beograd,10.0,2.0,3.0,5.0,9.0,11.1,13.0,21.0,-8.0,25.1,55.5,1.21,1.25,10.47,36.6,12.71,13.64,15.51,1.81,1.96,,51.68,55.3,31.59,49.1,8.83,371.78,79.6,1.12,45.7,64.6,48.79,51.0,61.87,11.96
Serbia 1,2026-27,Vojvodina,10.0,7.0,1.0,2.0,22.0,17.9,21.0,10.0,11.0,26.6,52.4,1.95,2.44,15.2,36.6,16.68,11.96,22.8,1.55,0.93,,47.18,50.9,32.16,49.6,9.36,343.13,79.5,0.83,43.66,67.7,38.47,58.1,62.56,11.31
Serbia 1,2026-27,Radnički Niš,9.0,2.0,2.0,5.0,8.0,13.6,6.0,11.0,-5.0,27.3,49.8,0.62,1.38,11.99,37.1,16.02,13.23,19.01,1.32,1.14,,47.53,50.2,31.93,50.5,11.15,340.26,78.6,0.93,48.98,61.6,46.08,49.3,63.44,10.02
Serbia 1,2026-27,Novi Pazar,10.0,3.0,4.0,3.0,13.0,14.6,10.0,11.0,-1.0,25.8,49.5,0.93,1.68,12.8,37.0,10.67,7.89,16.89,1.68,1.02,,46.02,52.6,31.45,46.0,10.38,340.7,79.4,0.93,43.42,59.2,43.89,50.7,62.91,9.19
Serbia 1,2026-27,IMT Novi Beograd,10.0,4.0,3.0,3.0,15.0,19.1,12.0,7.0,5.0,25.6,49.1,1.12,1.77,13.11,32.6,13.3,12.09,17.85,0.8,0.65,,55.6,52.2,36.45,51.3,8.44,338.99,78.8,0.93,49.65,64.0,46.3,54.0,61.27,9.95
Serbia 1,2026-27,Radnik Surdulica,10.0,3.0,5.0,2.0,14.0,12.5,14.0,15.0,-1.0,23.8,46.2,1.3,1.29,13.24,34.3,14.63,13.98,15.74,1.65,1.39,,54.26,50.5,31.39,47.2,9.8,330.09,76.9,0.56,48.98,64.5,44.91,51.8,66.11,9.26
Serbia 1,2026-27,Čukarički,10.0,3.0,2.0,5.0,11.0,12.3,12.0,18.0,-6.0,25.3,41.6,1.12,1.26,10.14,39.4,9.87,12.19,14.61,1.53,1.68,,54.73,49.7,31.37,51.9,13.3,287.87,75.9,0.47,39.83,58.2,40.77,50.9,57.52,9.96
Serbia 1,2026-27,Mačva Šabac,10.0,2.0,2.0,6.0,8.0,6.8,6.0,17.0,-11.0,25.0,39.9,0.56,0.78,7.52,29.6,7.79,10.11,8.44,2.19,1.58,,51.31,48.6,30.25,48.2,12.01,259.05,75.6,0.56,28.86,52.4,37.76,43.0,50.47,6.68
Serbia 1,2026-27,Mladost Lučani,10.0,4.0,4.0,2.0,16.0,9.3,10.0,12.0,-2.0,31.1,39.5,0.94,0.93,8.41,36.0,11.24,9.82,10.77,1.56,1.13,,48.35,48.4,30.98,44.2,15.07,298.61,75.6,0.85,39.66,56.9,48.26,51.1,60.82,9.07
Serbia 1,2026-27,Zemun,10.0,0.0,3.0,7.0,3.0,3.8,6.0,19.0,-13.0,27.6,37.1,0.56,0.75,7.79,32.1,10.1,8.9,11.12,2.93,1.76,,52.28,54.6,29.85,49.4,19.28,272.97,77.0,0.74,30.77,61.4,35.59,49.7,52.0,7.14
Slovakia 1,2026-27,Slovan Bratislava,8.0,5.0,1.0,2.0,16.0,16.0,20.0,9.0,11.0,27.0,66.2,2.32,2.2,14.75,33.1,16.14,17.88,28.45,1.08,1.05,9.87,39.72,58.5,25.66,57.0,8.19,523.05,87.0,1.63,54.46,74.8,42.04,57.5,69.1,16.49
Slovakia 1,2026-27,DAC,8.0,6.0,2.0,0.0,19.0,13.7,25.0,5.0,20.0,24.5,55.8,3.32,2.08,15.82,44.5,10.9,15.55,22.07,1.25,0.4,11.03,48.12,54.7,24.86,53.5,11.26,400.55,84.4,1.46,42.81,73.3,38.29,59.7,66.47,14.76
Slovakia 1,2026-27,Spartak Trnava,9.0,5.0,3.0,1.0,17.0,15.2,21.0,10.0,11.0,26.2,55.6,2.41,2.06,14.45,37.3,16.74,13.07,23.16,1.05,0.92,9.75,48.84,56.6,25.22,48.2,10.09,397.38,81.3,0.34,47.69,69.0,38.52,56.5,62.94,12.5
Slovakia 1,2026-27,Žilina,9.0,6.0,2.0,1.0,20.0,13.5,23.0,17.0,6.0,24.0,55.1,2.36,1.78,14.25,43.2,12.3,16.5,21.32,1.6,1.74,13.33,51.46,55.4,24.6,53.8,10.97,438.72,83.6,1.54,48.18,69.8,39.57,51.3,72.98,10.97
Slovakia 1,2026-27,Trenčín,8.0,1.0,2.0,5.0,5.0,8.0,10.0,20.0,-10.0,25.1,50.8,1.16,1.57,11.85,32.4,16.84,13.01,16.61,2.25,2.32,16.14,41.23,55.2,27.99,49.0,15.0,385.08,80.9,0.7,42.85,66.7,43.2,50.5,63.52,14.63
Slovakia 1,2026-27,Zemplín Michalovce,9.0,4.0,1.0,4.0,13.0,9.2,9.0,11.0,-2.0,25.8,49.3,0.94,1.16,11.15,36.4,9.79,11.77,16.88,1.84,1.15,15.0,46.77,57.5,28.44,44.0,11.26,349.06,78.0,0.83,44.48,60.7,43.44,49.4,61.15,11.25
Slovakia 1,2026-27,Podbrezová,9.0,4.0,2.0,3.0,14.0,14.6,13.0,16.0,-3.0,24.6,49.3,1.36,2.02,15.97,32.0,16.6,13.57,22.87,1.61,1.67,12.84,43.85,49.8,28.5,49.8,12.29,365.95,78.7,1.46,45.1,64.8,39.36,48.5,66.72,10.86
Slovakia 1,2026-27,Komárno,9.0,0.0,5.0,4.0,5.0,14.4,8.0,14.0,-6.0,29.0,48.9,0.82,1.61,10.72,32.7,13.61,10.41,18.66,1.27,1.44,13.51,53.4,52.3,31.75,52.6,10.23,394.74,81.3,0.93,44.23,62.0,42.78,52.0,63.2,6.7
Slovakia 1,2026-27,FC Košice,8.0,3.0,3.0,2.0,12.0,13.0,21.0,18.0,3.0,25.7,45.1,2.45,2.02,14.92,42.2,12.94,10.03,23.67,1.83,2.1,12.12,55.61,55.3,27.86,53.6,11.17,380.05,79.2,1.05,48.5,62.5,39.75,44.3,61.09,8.39
Slovakia 1,2026-27,Skalica,9.0,2.0,2.0,5.0,8.0,7.9,11.0,19.0,-8.0,26.5,45.0,1.12,1.05,9.19,38.9,14.61,12.97,16.55,1.95,1.94,13.59,51.79,54.6,31.36,42.7,11.44,319.24,73.5,0.82,42.19,54.2,44.23,45.3,60.68,7.66
Slovakia 1,2026-27,Dukla Banská Bystrica,9.0,2.0,1.0,6.0,7.0,7.7,9.0,21.0,-12.0,27.5,41.6,0.94,1.07,11.22,30.6,12.47,9.77,14.97,2.11,2.18,12.68,53.11,54.6,27.96,50.2,13.61,311.88,77.4,0.31,35.54,61.1,39.28,51.6,56.43,7.79
Slovakia 1,2026-27,Ružomberok,9.0,1.0,2.0,6.0,5.0,10.8,8.0,18.0,-10.0,25.3,39.0,0.82,1.59,11.53,33.9,13.18,9.37,17.3,1.99,1.85,14.0,47.78,60.8,39.13,49.7,13.71,258.36,73.3,0.51,43.87,57.3,45.72,50.5,53.14,4.94
Slovenia 1,2026-27,Celje,9.0,3.0,3.0,3.0,11.0,12.7,11.0,11.0,0.0,26.3,61.2,1.47,1.63,11.6,24.1,15.6,17.47,20.67,1.07,1.47,9.73,44.8,46.7,17.47,57.3,11.13,545.6,87.7,1.33,51.07,72.6,34.8,58.2,60.67,12.27
Slovenia 1,2026-27,Maribor,10.0,5.0,5.0,0.0,20.0,18.2,19.0,8.0,11.0,26.2,57.5,1.78,1.38,13.03,35.3,15.56,15.94,23.16,0.76,0.75,8.06,43.59,50.8,19.78,45.5,11.51,526.5,87.4,1.13,55.31,77.5,31.78,60.2,67.13,15.19
Slovenia 1,2026-27,Koper,10.0,5.0,3.0,2.0,18.0,15.5,11.0,8.0,3.0,24.5,55.3,1.02,1.41,11.12,26.7,13.44,17.33,18.63,1.18,0.74,10.66,49.12,52.1,17.98,54.6,9.83,416.35,84.4,0.46,46.53,70.3,38.84,53.5,64.33,12.14
Slovenia 1,2026-27,Olimpija,10.0,4.0,2.0,4.0,14.0,14.6,10.0,8.0,2.0,25.4,54.9,1.03,1.53,13.87,34.1,12.33,17.05,17.67,1.17,0.62,9.45,51.78,58.1,22.5,51.1,10.25,417.12,85.6,0.62,49.21,69.5,42.12,59.5,64.42,12.23
Slovenia 1,2026-27,Radomlje,9.0,1.0,2.0,6.0,5.0,8.1,9.0,18.0,-9.0,22.7,52.3,1.05,1.21,10.55,34.4,14.88,11.37,15.7,1.82,1.88,11.84,48.87,53.2,26.02,52.7,10.84,406.41,82.6,0.94,45.59,62.5,35.51,48.5,58.95,10.2
Slovenia 1,2026-27,Brinje-Grosuplje,10.0,3.0,2.0,5.0,8.0,9.0,14.0,18.0,-4.0,23.4,49.6,1.45,1.09,7.68,39.2,8.62,10.59,10.38,1.68,1.76,10.38,50.66,51.6,17.65,43.5,14.04,414.19,85.0,1.04,36.54,57.7,34.78,48.1,53.36,9.86
Slovenia 1,2026-27,Mura,10.0,2.0,3.0,5.0,8.0,11.0,10.0,21.0,-11.0,23.8,46.3,1.04,1.27,11.92,33.0,12.24,10.16,14.52,1.41,2.18,10.16,55.47,48.4,24.68,52.1,10.49,347.66,79.2,0.52,44.07,63.3,44.17,50.7,62.94,9.64
Slovenia 1,2026-27,Aluminij,10.0,3.0,4.0,3.0,13.0,11.6,16.0,11.0,5.0,25.8,43.8,1.64,1.31,9.12,39.3,12.61,12.4,14.76,1.39,0.92,11.28,56.69,52.1,28.91,49.6,14.66,333.14,80.0,0.72,40.8,65.3,41.51,49.9,65.3,9.33
Slovenia 1,2026-27,NK Bravo,10.0,5.0,3.0,2.0,18.0,9.5,12.0,10.0,2.0,23.7,40.4,1.23,1.33,11.83,33.0,11.73,13.89,17.18,1.8,0.93,13.58,56.67,52.1,28.29,43.6,14.73,305.79,77.6,1.13,39.6,61.0,39.5,51.6,58.11,10.59
Slovenia 1,2026-27,Nafta,10.0,4.0,1.0,5.0,13.0,14.1,17.0,16.0,1.0,25.1,39.9,1.6,1.67,10.73,44.7,10.17,10.26,14.97,1.6,1.51,16.1,56.3,54.3,20.15,53.3,16.0,315.19,78.8,0.94,35.77,57.9,41.05,48.2,57.8,9.6
South Africa 1,2026-27,Mamelodi Sundowns,8.0,6.0,2.0,0.0,20.0,18.1,19.0,7.0,12.0,27.7,68.7,2.2,2.14,15.54,37.3,13.92,12.18,,0.69,0.81,6.84,41.17,53.8,12.64,52.3,9.46,614.46,88.8,2.09,63.79,74.7,34.68,60.2,77.36,11.95
South Africa 1,2026-27,Orlando Pirates,7.0,6.0,1.0,0.0,16.0,13.9,16.0,1.0,15.0,25.3,58.6,2.11,1.88,13.16,44.0,10.92,10.0,,1.01,0.13,7.37,53.29,64.9,16.84,50.0,11.73,478.29,84.2,2.89,50.26,72.0,35.0,53.0,69.47,12.63
South Africa 1,2026-27,Durban City,7.0,1.0,4.0,2.0,6.0,8.4,4.0,5.0,-1.0,26.4,55.5,0.74,1.38,9.3,34.0,15.43,11.16,,1.01,0.74,11.34,43.7,57.0,44.44,57.3,10.76,416.9,76.0,1.12,56.34,55.1,58.95,46.4,76.61,8.37
South Africa 1,2026-27,Kaizer Chiefs,7.0,3.0,4.0,0.0,12.0,12.9,12.0,7.0,5.0,27.7,54.9,1.6,1.56,11.85,37.1,13.31,11.58,,0.9,0.93,8.92,42.2,58.4,19.84,44.3,13.36,477.69,85.2,0.93,51.26,70.1,35.95,49.6,63.64,13.45
South Africa 1,2026-27,Kruger United,7.0,1.0,1.0,5.0,4.0,5.6,3.0,12.0,-9.0,29.6,53.7,0.47,1.1,11.95,27.3,16.14,14.43,,1.8,1.86,12.1,46.71,53.2,35.22,51.5,8.82,364.34,76.5,1.09,54.62,62.5,49.5,48.9,65.95,8.38
South Africa 1,2026-27,Milford,8.0,3.0,3.0,2.0,11.0,7.5,9.0,7.0,2.0,26.3,51.8,1.38,1.16,13.38,36.8,10.31,12.77,,1.28,0.92,9.08,50.0,62.8,20.0,48.5,13.98,455.54,84.1,1.85,48.92,63.2,45.08,55.6,68.15,8.62
South Africa 1,2026-27,Golden Arrows,7.0,1.0,5.0,1.0,8.0,7.4,3.0,3.0,0.0,26.1,49.6,0.56,1.16,10.43,37.5,13.04,10.43,,1.07,0.56,8.76,48.26,57.1,26.09,53.6,12.2,403.79,82.2,0.56,44.35,68.9,37.08,52.8,70.06,12.11
South Africa 1,2026-27,Siwelele Football Club,7.0,0.0,3.0,4.0,3.0,6.5,6.0,13.0,-7.0,27.1,47.1,0.93,0.89,10.86,30.0,10.71,13.03,,1.33,1.86,10.71,42.52,58.0,24.67,51.6,16.22,389.95,79.5,2.02,49.34,66.4,49.34,50.0,69.21,12.1
South Africa 1,2026-27,Richards Bay,7.0,0.0,3.0,4.0,3.0,5.9,9.0,16.0,-7.0,26.0,46.8,1.18,1.15,11.27,38.4,17.16,9.69,,1.97,2.1,12.31,46.38,52.5,36.03,46.9,14.0,376.11,77.1,1.31,56.59,64.1,52.27,50.1,69.43,8.25
South Africa 1,2026-27,Marumo Gallants,7.0,0.0,2.0,5.0,2.0,6.3,5.0,13.0,-8.0,29.1,45.8,0.77,0.73,10.02,23.1,13.1,12.79,,1.16,2.0,10.48,45.77,53.2,24.2,45.9,15.66,376.95,78.2,0.92,53.17,59.7,46.54,42.7,65.65,7.71
South Africa 1,2026-27,TS Galaxy FC,7.0,1.0,3.0,3.0,6.0,8.5,7.0,9.0,-2.0,29.0,45.6,0.93,1.08,7.41,30.4,10.46,8.07,,1.44,1.19,13.24,54.79,53.9,32.29,45.5,11.72,336.71,76.7,0.93,47.25,56.6,57.31,54.3,66.04,5.96
South Africa 1,2026-27,Sekhukhune United,7.0,3.0,2.0,2.0,11.0,8.0,7.0,7.0,0.0,27.6,45.4,0.93,1.05,8.22,43.5,10.21,8.75,,1.32,0.93,9.28,46.92,54.8,38.7,51.7,11.61,333.09,76.0,0.93,49.84,59.6,50.1,50.3,69.85,7.95
South Africa 1,2026-27,Chippa United,7.0,1.0,5.0,1.0,5.0,7.5,4.0,6.0,-2.0,28.0,43.8,0.62,0.8,8.04,23.1,10.05,12.22,,0.98,0.93,12.37,46.39,57.0,20.26,43.5,15.23,331.7,78.6,0.93,41.29,60.3,47.94,50.3,63.71,8.51
South Africa 1,2026-27,Polokwane City,7.0,1.0,4.0,2.0,7.0,8.9,8.0,10.0,-2.0,28.4,43.3,1.05,0.93,8.8,35.8,8.93,9.33,,1.05,1.31,11.82,45.99,56.3,36.79,49.3,12.35,292.34,70.4,0.39,54.39,50.7,53.61,41.2,58.07,5.91
South Africa 1,2026-27,Stellenbosch FC,7.0,2.0,3.0,2.0,9.0,9.5,8.0,7.0,1.0,27.2,42.6,1.06,1.08,7.82,35.6,16.7,8.75,,1.05,0.93,9.01,53.55,62.6,50.37,51.6,10.54,315.99,68.9,1.33,57.13,52.0,51.43,45.4,62.83,5.57
South Africa 1,2026-27,AmaZulu,7.0,5.0,1.0,1.0,16.0,8.5,10.0,7.0,3.0,26.5,42.0,1.33,1.26,8.1,32.8,10.09,9.56,,1.62,0.93,13.94,49.25,57.4,25.75,52.6,18.31,360.13,78.0,1.59,51.11,54.5,46.46,46.6,71.28,8.63
Spain 1,2026-27,Barcelona,7.0,7.0,0.0,0.0,21.0,17.3,31.0,7.0,24.0,24.5,67.2,3.98,3.23,18.1,42.6,11.81,21.31,30.04,1.0,0.9,6.03,43.01,53.7,16.56,62.8,9.55,600.47,89.2,5.52,64.84,80.0,27.48,55.6,71.38,17.85
Spain 1,2026-27,Villarreal,7.0,2.0,2.0,3.0,8.0,13.2,13.0,12.0,1.0,26.2,60.0,1.7,2.15,13.04,43.0,13.57,17.74,29.61,1.42,1.57,11.09,46.83,54.0,18.26,55.0,9.96,542.61,87.7,1.7,63.78,81.4,33.26,56.1,70.04,13.57
Spain 1,2026-27,Atlético Madrid,7.0,5.0,1.0,1.0,13.0,12.7,16.0,7.0,9.0,27.1,56.3,2.06,1.88,14.55,39.8,13.52,16.48,24.72,1.16,0.9,8.37,50.21,50.0,19.18,51.7,12.05,507.3,87.2,1.29,50.21,76.2,33.73,51.5,68.24,12.75
Spain 1,2026-27,Real Madrid,7.0,5.0,0.0,2.0,15.0,15.5,18.0,8.0,10.0,26.4,52.8,2.35,2.52,16.57,40.2,12.52,24.65,32.09,1.11,1.04,10.96,42.39,56.0,12.26,61.7,13.93,480.78,89.6,2.48,47.48,80.2,29.09,58.3,52.96,20.48
Spain 1,2026-27,Athletic Club,6.0,2.0,2.0,2.0,8.0,11.8,7.0,6.0,1.0,27.5,52.3,1.08,1.68,13.21,32.6,16.28,19.81,21.35,1.11,0.92,8.45,51.76,57.3,26.42,54.7,12.8,451.08,84.9,1.54,49.45,73.3,35.02,54.8,58.82,13.52
Spain 1,2026-27,Celta de Vigo,7.0,1.0,4.0,2.0,7.0,7.9,8.0,6.0,2.0,25.8,52.2,1.05,0.98,8.91,38.2,9.56,8.91,12.18,1.35,0.79,11.0,46.24,53.5,18.6,41.5,18.62,492.05,87.1,1.97,57.77,78.7,34.85,53.4,57.9,14.15
Spain 1,2026-27,Real Betis,7.0,5.0,1.0,1.0,15.0,9.4,9.0,7.0,2.0,28.3,52.0,1.15,1.74,14.59,38.6,13.06,13.06,22.02,1.79,0.9,13.31,50.31,58.8,22.4,56.0,14.66,467.8,86.1,1.28,45.83,73.7,39.3,57.7,60.68,14.72
Spain 1,2026-27,Málaga,7.0,0.0,3.0,4.0,3.0,6.2,3.0,12.0,-9.0,25.1,51.2,0.39,0.87,8.56,22.7,7.26,13.23,11.02,1.71,1.56,12.71,50.32,49.0,16.08,37.1,16.14,435.22,87.4,0.26,42.15,76.6,34.5,56.4,54.6,13.88
Spain 1,2026-27,Elche,7.0,1.0,2.0,4.0,5.0,8.3,11.0,17.0,-6.0,25.8,50.7,1.43,1.24,9.75,48.0,13.14,16.39,16.0,1.61,2.21,12.23,46.69,52.4,19.25,43.9,13.31,426.33,85.2,1.43,42.14,68.8,41.23,53.6,55.79,10.66
Spain 1,2026-27,Real Sociedad,7.0,3.0,1.0,3.0,7.0,9.2,9.0,13.0,-4.0,25.4,49.1,1.19,1.5,11.88,38.9,10.82,14.12,15.97,1.66,1.72,14.12,51.2,53.4,22.3,48.5,12.17,429.81,85.4,1.19,44.47,70.9,35.37,55.6,53.31,11.88
Spain 1,2026-27,Espanyol,7.0,2.0,1.0,4.0,7.0,9.1,10.0,10.0,0.0,25.9,49.0,1.29,1.11,11.1,30.2,16.92,16.53,14.98,1.42,1.29,10.2,52.04,48.4,25.31,51.0,11.73,368.91,81.4,0.9,44.81,72.9,35.9,48.6,63.66,11.36
Spain 1,2026-27,Valencia,7.0,1.0,1.0,5.0,4.0,8.0,4.0,13.0,-9.0,26.5,48.5,0.52,1.0,8.88,27.5,11.97,14.16,14.55,1.58,1.67,13.0,44.55,56.6,20.99,48.5,21.21,391.55,82.8,0.64,40.17,62.2,40.43,45.5,56.39,8.88
Spain 1,2026-27,Rayo Vallecano,7.0,2.0,2.0,3.0,8.0,8.2,11.0,16.0,-5.0,29.3,47.8,1.39,1.28,11.39,40.0,12.41,10.89,14.43,1.65,2.03,13.67,52.91,49.5,24.18,48.7,11.46,339.87,81.9,0.51,39.37,64.3,38.61,46.2,53.92,10.63
Spain 1,2026-27,Racing Santander,7.0,2.0,1.0,4.0,7.0,7.5,11.0,21.0,-10.0,24.5,47.3,1.42,1.26,9.03,41.4,6.45,8.12,15.6,2.0,2.71,14.31,51.96,52.9,20.24,46.5,12.84,380.5,82.4,2.71,35.46,65.8,28.62,47.3,52.09,10.32
Spain 1,2026-27,Deportivo La Coruña,7.0,2.0,4.0,1.0,9.0,7.1,10.0,8.0,2.0,26.5,47.3,1.32,0.96,8.84,40.3,9.9,11.88,12.8,1.41,1.06,11.22,54.77,54.5,26.52,48.8,14.5,410.54,84.7,1.45,38.4,65.3,39.19,49.8,58.99,8.84
Spain 1,2026-27,Osasuna,7.0,2.0,2.0,3.0,8.0,10.7,6.0,13.0,-7.0,27.6,46.3,0.79,1.43,8.29,41.3,13.03,10.53,11.18,1.46,1.71,11.32,48.95,54.0,28.29,52.1,14.73,359.61,81.0,0.53,46.05,59.7,50.39,50.4,54.21,7.89
Spain 1,2026-27,Sevilla,7.0,4.0,1.0,2.0,13.0,9.1,10.0,9.0,1.0,25.6,43.4,1.26,1.1,9.09,41.7,11.99,9.85,12.75,1.31,1.14,9.34,54.4,55.2,34.21,43.2,12.52,291.58,79.9,0.38,42.16,59.9,37.99,55.5,49.99,9.09
Spain 1,2026-27,Deportivo Alavés,7.0,3.0,2.0,2.0,11.0,9.4,11.0,6.0,5.0,28.0,41.7,1.42,1.21,10.75,38.6,12.43,11.14,14.37,1.36,0.78,10.49,52.96,56.7,26.29,53.7,12.35,298.23,77.8,0.91,40.27,60.1,41.18,51.3,54.39,8.94
Spain 1,2026-27,Levante,6.0,1.0,2.0,3.0,5.0,6.6,8.0,12.0,-4.0,27.0,40.4,1.21,1.48,9.55,34.9,12.27,5.61,15.91,1.96,1.82,12.12,50.61,54.2,21.97,43.4,17.14,330.0,80.4,0.45,38.33,63.2,41.67,55.6,52.58,5.61
Spain 1,2026-27,Getafe,7.0,2.0,2.0,3.0,8.0,7.0,4.0,7.0,-3.0,27.5,40.4,0.51,0.91,9.77,24.7,10.66,11.55,11.3,1.42,0.89,11.68,42.52,50.1,27.93,55.0,14.37,275.84,77.2,0.38,38.84,60.5,40.24,51.7,46.59,7.74
Spain 2,2026-27,FC Andorra,6.0,1.0,0.0,5.0,3.0,12.1,9.0,13.0,-4.0,24.7,69.9,1.38,2.22,17.6,31.3,17.3,12.24,23.72,1.18,1.99,7.5,41.33,51.1,27.4,55.9,6.44,519.64,86.2,0.61,54.95,75.2,37.35,52.9,61.38,21.73
Spain 2,2026-27,Castellón,6.0,5.0,1.0,0.0,16.0,12.6,12.0,2.0,10.0,27.8,63.3,1.84,2.19,12.55,39.0,15.31,11.79,24.18,0.9,0.31,7.19,48.98,61.3,20.36,54.1,9.46,546.58,85.8,2.14,55.1,72.2,35.82,50.0,70.41,17.14
Spain 2,2026-27,Córdoba,6.0,2.0,0.0,4.0,6.0,9.1,9.0,13.0,-4.0,26.0,57.7,1.33,1.48,12.08,31.7,17.38,11.05,21.36,1.38,1.91,11.34,46.1,55.6,25.04,60.0,8.5,371.49,80.9,0.44,48.17,70.3,35.65,54.1,65.25,15.61
Spain 2,2026-27,Mallorca,6.0,4.0,1.0,1.0,13.0,10.8,8.0,2.0,6.0,26.5,55.0,1.23,1.47,10.65,34.8,10.96,14.82,15.28,0.87,0.31,9.57,48.63,50.8,25.32,47.0,11.88,439.04,86.0,2.01,42.61,72.8,34.12,54.3,53.26,13.74
Spain 2,2026-27,Almería,6.0,4.0,0.0,2.0,9.0,9.2,10.0,4.0,6.0,28.3,53.0,1.51,1.33,10.25,35.3,11.46,11.46,15.83,1.04,0.6,10.25,47.64,57.0,22.16,55.8,11.48,436.58,85.5,0.9,37.09,68.3,31.21,51.2,55.48,14.77
Spain 2,2026-27,Las Palmas,6.0,3.0,1.0,2.0,10.0,7.4,8.0,8.0,0.0,26.5,52.8,1.24,1.15,9.29,36.7,9.14,12.7,14.25,1.22,1.24,11.0,48.95,52.8,21.38,56.5,12.15,432.81,86.0,0.77,40.59,71.4,29.59,42.4,50.34,9.91
Spain 2,2026-27,Cádiz,6.0,0.0,3.0,3.0,3.0,8.4,6.0,9.0,-3.0,24.4,52.5,0.92,1.11,8.86,36.2,12.99,14.82,13.75,1.18,1.38,11.92,56.84,50.0,20.48,52.2,11.01,422.5,82.8,0.46,40.03,66.0,38.81,48.0,58.37,12.68
Spain 2,2026-27,Real Oviedo,6.0,2.0,2.0,2.0,8.0,10.2,5.0,4.0,1.0,27.0,51.7,0.77,1.47,12.29,27.5,13.52,8.75,16.59,0.93,0.61,9.52,44.08,59.6,35.17,49.8,11.86,392.25,80.8,0.92,52.22,62.6,47.46,51.1,62.2,11.67
Spain 2,2026-27,Real Valladolid,6.0,1.0,2.0,3.0,4.0,6.5,3.0,8.0,-5.0,24.7,51.1,0.45,0.91,9.82,29.2,17.06,10.42,14.8,1.21,1.21,9.21,50.59,55.2,26.12,48.6,13.18,413.31,84.6,0.3,43.94,73.5,40.17,59.0,54.06,10.27
Spain 2,2026-27,Granada,6.0,2.0,2.0,2.0,8.0,7.5,8.0,8.0,0.0,26.7,50.4,1.22,1.2,12.81,32.1,16.78,11.75,14.64,1.31,1.22,11.9,43.32,52.1,28.37,48.4,11.84,363.66,81.5,0.76,35.39,63.8,48.2,54.4,61.93,12.51
Spain 2,2026-27,Sporting Gijón,6.0,3.0,1.0,2.0,10.0,7.9,5.0,4.0,1.0,26.3,50.3,0.79,0.96,8.84,44.6,11.37,10.58,15.0,1.0,0.63,9.0,54.47,56.5,28.26,55.9,12.1,425.05,80.8,0.32,48.79,61.8,39.32,43.0,62.53,11.37
Spain 2,2026-27,Girona,6.0,3.0,1.0,2.0,10.0,8.1,12.0,8.0,4.0,25.8,50.3,1.82,1.45,12.92,41.2,13.83,15.05,16.57,1.52,1.22,10.49,51.84,57.2,25.24,45.2,15.48,406.82,84.4,0.91,39.68,70.5,36.49,50.4,52.75,14.14
Spain 2,2026-27,Eldense,6.0,1.0,2.0,3.0,5.0,5.5,4.0,8.0,-4.0,24.8,48.9,0.61,0.83,10.96,30.6,14.16,12.49,15.08,1.42,1.22,9.14,46.45,52.8,21.78,42.7,15.1,405.23,81.4,0.76,42.94,67.7,34.57,52.4,57.11,10.51
Spain 2,2026-27,Ceuta,6.0,0.0,1.0,5.0,0.0,4.7,3.0,16.0,-13.0,27.6,48.4,0.46,1.04,9.88,30.8,10.95,14.14,17.03,2.16,2.43,12.01,53.67,54.7,24.78,47.2,10.71,346.93,82.7,0.76,36.94,70.8,32.38,54.9,53.82,7.6
Spain 2,2026-27,Celta Fortuna,6.0,2.0,1.0,3.0,7.0,6.1,7.0,10.0,-3.0,21.1,47.6,1.07,1.39,11.29,40.5,11.14,15.56,14.34,1.97,1.53,13.12,55.07,54.3,19.68,46.5,12.68,406.98,82.9,1.53,41.8,69.0,33.56,49.5,58.58,14.34
Spain 2,2026-27,Burgos,6.0,3.0,2.0,1.0,11.0,8.1,10.0,7.0,3.0,26.9,47.6,1.52,1.32,8.95,25.4,9.56,8.8,12.14,1.34,1.06,13.2,57.82,49.9,26.56,45.1,11.17,386.41,81.9,1.97,37.49,59.1,43.1,50.4,59.65,7.74
Spain 2,2026-27,Albacete,6.0,0.0,1.0,5.0,1.0,7.5,4.0,10.0,-6.0,28.6,47.4,0.61,1.15,9.26,41.0,16.39,8.8,14.11,1.59,1.52,11.53,45.99,54.5,23.68,43.6,12.83,373.51,78.8,1.82,50.24,62.2,41.59,45.6,58.89,9.56
Spain 2,2026-27,Leganés,6.0,3.0,2.0,1.0,8.0,6.2,6.0,5.0,1.0,26.6,43.0,0.93,1.09,9.47,47.5,8.07,10.86,12.72,1.87,0.78,15.05,55.71,52.9,28.24,47.3,16.32,351.16,83.7,0.93,40.19,66.8,36.16,53.2,51.67,7.6
Spain 2,2026-27,Tenerife,6.0,3.0,1.0,2.0,10.0,7.7,7.0,8.0,-1.0,27.3,41.4,1.09,0.99,8.56,38.2,11.06,15.57,11.52,1.09,1.25,8.56,59.33,55.9,32.7,44.8,12.94,333.53,78.7,0.62,40.02,58.0,42.04,50.7,56.06,11.21
Spain 2,2026-27,Real Sociedad B,6.0,2.0,2.0,2.0,8.0,6.0,8.0,7.0,1.0,21.2,40.0,1.24,1.15,9.43,34.4,11.29,12.06,12.68,1.67,1.08,12.06,48.4,48.9,27.68,52.5,13.05,318.56,77.8,1.24,36.96,54.8,42.37,44.5,52.42,8.81
Spain 2,2026-27,Sabadell,6.0,3.0,2.0,1.0,8.0,11.2,7.0,5.0,2.0,27.1,39.2,1.06,1.84,13.05,30.2,13.2,8.04,20.19,1.19,0.76,8.95,53.73,56.2,33.69,48.2,10.23,293.98,72.8,0.76,48.11,59.9,42.04,43.7,55.85,7.13
Spain 2,2026-27,Eibar,6.0,5.0,0.0,1.0,15.0,9.4,12.0,4.0,8.0,28.2,38.7,1.83,1.09,9.47,46.8,7.79,10.08,12.07,0.83,0.61,15.89,49.35,51.7,30.1,54.3,15.3,317.67,82.0,0.76,32.85,61.4,29.49,52.3,50.27,9.78
Spain 3,2026-27,Algeciras,4.0,0.0,1.0,3.0,0.0,1.7,5.0,10.0,-5.0,27.9,68.4,2.15,1.0,11.2,38.5,18.95,13.78,18.52,1.77,3.01,10.77,33.59,50.0,18.52,51.2,9.32,466.36,86.7,0.43,55.55,71.3,41.34,58.3,61.15,13.35
Spain 3,2026-27,Arenas Club,4.0,0.0,1.0,3.0,1.0,4.7,3.0,10.0,-7.0,23.0,63.8,0.92,1.35,12.59,39.0,13.82,17.51,16.28,1.0,2.15,10.44,47.61,50.3,17.82,50.0,7.98,490.85,83.2,0.31,63.28,64.6,37.17,43.8,79.56,17.51
Spain 3,2026-27,Real Madrid Castilla,3.0,1.0,1.0,1.0,4.0,7.2,2.0,1.0,1.0,19.9,63.4,0.59,2.24,15.39,23.1,16.28,16.58,24.28,0.75,0.3,7.11,32.86,58.6,22.5,46.1,10.95,418.62,85.7,0.0,47.66,67.1,30.2,50.0,51.22,13.62
Spain 3,2026-27,Real Zaragoza,4.0,3.0,0.0,1.0,6.0,6.0,6.0,5.0,1.0,25.2,63.4,1.71,1.9,17.43,32.8,18.86,14.86,18.86,1.05,1.43,7.14,40.0,57.1,19.71,56.5,8.27,455.71,87.5,0.57,48.0,75.6,33.71,56.8,56.86,13.71
Spain 3,2026-27,Deportivo Fabril,4.0,1.0,2.0,1.0,5.0,5.6,5.0,5.0,0.0,20.2,61.7,1.46,1.65,12.23,31.0,20.1,12.23,18.64,0.88,0.87,6.99,38.16,58.0,27.67,54.7,8.57,391.46,80.4,0.87,46.6,58.8,44.56,51.6,56.8,13.69
Spain 3,2026-27,Mirandés,4.0,2.0,1.0,1.0,7.0,5.3,8.0,6.0,2.0,26.3,61.2,2.35,1.77,13.19,35.6,15.83,9.97,16.12,1.04,1.17,9.97,42.51,51.0,31.37,62.6,9.38,403.97,83.2,0.0,40.75,71.9,43.68,61.7,63.62,10.55
Spain 3,2026-27,Real Avilés,4.0,1.0,1.0,2.0,4.0,3.1,5.0,5.0,0.0,27.6,60.3,1.12,0.7,7.82,31.4,10.05,11.39,10.72,1.49,1.12,11.39,44.44,54.8,21.66,51.5,9.95,431.24,81.9,1.56,45.33,65.5,42.88,43.2,65.21,10.27
Spain 3,2026-27,Rayo Majadahonda,4.0,1.0,1.0,2.0,4.0,4.0,5.0,5.0,0.0,25.6,57.7,1.47,1.05,10.0,35.3,14.12,11.18,13.82,1.12,1.47,9.41,47.65,48.1,28.24,43.8,8.01,400.0,83.8,0.29,37.94,72.1,41.18,55.7,61.18,10.29
Spain 3,2026-27,Unionistas de Salamanca,4.0,1.0,0.0,3.0,3.0,6.4,7.0,11.0,-4.0,25.1,56.9,1.56,1.29,11.17,34.0,14.29,12.51,12.51,1.06,2.46,9.16,48.24,54.2,19.43,54.0,9.43,406.23,83.7,0.45,46.0,64.6,39.08,50.9,61.41,9.16
Spain 3,2026-27,Cultural Leonesa,4.0,2.0,1.0,1.0,4.0,3.7,2.0,1.0,1.0,26.0,55.3,0.6,0.66,10.54,22.9,12.94,7.53,14.45,0.69,0.3,6.32,48.16,58.1,35.82,38.7,8.98,337.42,79.4,0.6,40.64,57.0,46.35,57.1,61.4,8.73
Spain 3,2026-27,Atlético Madrid B,4.0,2.0,2.0,0.0,8.0,6.9,8.0,2.0,6.0,20.8,54.7,1.76,2.27,11.25,56.9,10.37,19.19,14.56,1.42,0.44,12.13,48.53,52.7,20.96,44.2,10.27,361.76,84.1,0.22,36.4,65.5,36.84,52.1,56.47,10.81
Spain 3,2026-27,Athletic Bilbao,4.0,2.0,2.0,0.0,8.0,4.0,8.0,5.0,3.0,19.9,53.2,2.37,0.91,7.11,33.3,10.66,10.36,15.1,0.96,0.89,7.11,49.74,53.6,26.64,46.7,9.9,386.05,81.9,0.59,45.3,68.0,39.67,53.0,62.76,12.43
Spain 3,2026-27,Hércules,4.0,2.0,0.0,2.0,3.0,3.2,4.0,5.0,-1.0,25.0,52.4,1.19,1.43,12.77,39.5,24.06,21.09,23.17,1.95,1.49,10.99,46.93,51.3,27.33,56.5,10.97,365.05,81.9,1.49,42.77,78.5,34.75,65.0,61.49,10.99
Spain 3,2026-27,Sant Andreu,3.0,1.0,0.0,2.0,3.0,1.3,2.0,3.0,-1.0,26.9,52.1,0.87,0.72,6.09,35.7,13.48,7.83,12.17,1.84,0.87,12.61,48.26,52.3,31.3,54.2,11.58,351.3,80.9,0.43,41.3,57.9,38.7,53.9,52.61,10.0
Spain 3,2026-27,Extremadura 1924,4.0,1.0,0.0,3.0,3.0,4.2,2.0,4.0,-2.0,27.6,51.9,0.61,1.2,8.6,10.7,12.29,9.52,15.67,1.11,0.92,10.44,42.08,57.7,31.02,55.4,12.47,350.48,78.4,0.61,46.38,60.3,42.7,51.1,57.44,7.06
Spain 3,2026-27,Huesca,4.0,1.0,2.0,1.0,5.0,3.3,3.0,5.0,-2.0,28.7,51.7,0.91,0.78,9.12,26.7,17.94,10.64,20.98,1.17,1.52,7.6,52.91,60.9,22.2,49.3,9.29,424.16,82.5,0.91,46.22,71.7,32.23,54.7,60.51,10.03
Spain 3,2026-27,Ibiza,4.0,2.0,0.0,2.0,6.0,6.2,7.0,6.0,1.0,27.2,50.8,1.53,1.29,10.51,41.7,12.48,9.42,15.55,0.97,1.31,8.76,63.94,53.8,25.84,53.4,7.27,367.01,82.5,0.88,41.17,62.8,35.47,53.1,57.81,7.45
Spain 3,2026-27,Alcorcón,4.0,1.0,3.0,0.0,6.0,5.6,6.0,3.0,3.0,25.3,49.6,1.75,1.13,11.07,44.7,11.07,16.02,13.98,0.55,0.87,7.86,43.69,55.3,29.13,53.0,10.07,326.5,81.5,0.0,38.16,65.6,34.66,54.6,53.01,9.9
Spain 3,2026-27,Real Murcia,4.0,3.0,0.0,1.0,9.0,3.5,8.0,6.0,2.0,27.4,49.6,2.36,1.37,10.33,34.3,14.75,14.16,17.41,2.05,1.48,14.16,50.75,44.2,26.26,48.3,9.41,357.64,83.6,0.89,37.77,68.0,30.69,50.0,50.16,9.44
Spain 3,2026-27,Barakaldo,4.0,1.0,1.0,2.0,4.0,5.1,2.0,5.0,-3.0,26.1,49.4,0.46,0.91,8.95,30.8,10.56,10.1,11.25,1.13,1.15,8.72,56.02,45.9,32.6,58.5,8.06,303.52,73.1,0.0,50.51,55.5,54.64,50.8,59.46,5.74
Spain 3,2026-27,Real Jaén,4.0,3.0,1.0,0.0,10.0,7.2,8.0,3.0,5.0,27.1,48.1,1.82,1.38,10.03,47.7,8.66,11.62,14.13,0.85,0.68,10.25,47.62,58.4,20.51,45.6,14.74,367.97,81.5,1.37,31.9,63.6,38.73,57.6,57.65,5.92
Spain 3,2026-27,Lugo,4.0,3.0,1.0,0.0,7.0,5.8,6.0,2.0,4.0,25.9,47.9,1.84,1.48,10.71,34.3,8.57,7.96,14.08,0.8,0.31,8.57,44.08,54.2,17.45,47.4,19.9,362.76,80.6,0.31,36.73,61.7,38.88,45.7,63.06,8.57
Spain 3,2026-27,Real Unión,4.0,2.0,1.0,1.0,7.0,4.5,12.0,8.0,4.0,26.3,47.5,3.62,1.9,10.57,54.3,14.5,13.59,20.23,1.62,1.81,11.78,61.61,45.1,25.67,54.1,11.04,348.22,76.8,0.0,44.4,57.8,43.19,49.7,60.7,8.76
Spain 3,2026-27,Racing Ferrol,4.0,2.0,1.0,1.0,7.0,5.1,5.0,4.0,1.0,27.0,46.6,1.15,1.07,9.87,30.2,11.71,16.3,14.92,1.21,0.92,9.41,59.46,48.3,25.26,40.9,11.42,354.72,81.3,0.23,43.16,69.1,42.7,55.4,64.74,10.1
Spain 3,2026-27,Europa,4.0,0.0,1.0,3.0,1.0,3.8,2.0,7.0,-5.0,25.9,46.4,0.59,0.91,11.84,27.5,12.14,12.14,12.73,1.06,1.48,10.07,49.14,54.8,21.91,40.5,13.73,363.85,81.2,0.3,43.82,61.5,46.48,51.0,58.32,9.77
Spain 3,2026-27,Juventud Torremolinos,4.0,0.0,1.0,3.0,1.0,3.5,5.0,9.0,-4.0,25.5,46.4,1.42,1.37,7.92,42.9,10.19,6.51,12.45,1.86,2.26,11.89,51.51,57.1,18.96,52.2,15.67,360.28,83.1,1.13,39.62,55.0,40.75,52.1,49.53,4.81
Spain 3,2026-27,Antequera,4.0,1.0,2.0,1.0,5.0,5.2,6.0,6.0,0.0,25.5,46.0,1.33,1.19,9.09,34.1,11.08,12.41,13.3,1.35,1.33,11.75,52.32,58.1,15.07,57.4,13.21,337.61,80.5,0.44,40.79,62.5,38.13,51.7,53.65,9.98
Spain 3,2026-27,Zamora,4.0,1.0,1.0,2.0,4.0,2.6,5.0,6.0,-1.0,25.4,45.8,2.24,1.25,9.85,36.4,6.27,10.75,10.3,1.49,0.9,8.51,57.31,49.2,30.0,56.7,10.85,317.46,78.6,0.0,34.93,50.0,44.33,48.5,44.78,7.61
Spain 3,2026-27,Ponferradina,4.0,2.0,1.0,1.0,7.0,3.4,3.0,2.0,1.0,26.8,45.5,0.68,0.73,7.03,32.3,12.02,10.43,9.97,1.65,0.45,10.43,44.66,50.8,30.38,49.3,11.94,307.86,77.8,0.23,39.22,61.3,46.25,46.6,56.22,7.93
Spain 3,2026-27,Villarreal B,4.0,3.0,1.0,0.0,10.0,4.6,9.0,4.0,5.0,20.7,45.5,2.76,1.5,11.06,41.7,5.84,14.44,11.98,1.29,0.92,8.29,50.07,58.9,21.5,45.7,11.82,363.69,80.4,0.61,33.79,59.1,36.86,40.8,53.75,13.82
Spain 3,2026-27,Pontevedra,4.0,2.0,1.0,1.0,7.0,6.9,7.0,5.0,2.0,27.1,44.9,1.56,1.22,9.38,35.7,9.16,12.73,14.52,0.79,1.12,9.16,43.33,55.7,21.22,50.5,12.77,299.48,80.1,1.56,40.2,64.4,34.84,51.3,49.8,8.26
Spain 3,2026-27,Mérida AD,4.0,1.0,0.0,3.0,3.0,5.9,4.0,6.0,-2.0,25.4,44.7,0.88,1.51,10.1,37.0,12.95,9.0,13.83,1.35,1.32,10.1,40.39,57.6,30.95,49.6,10.21,296.56,78.4,0.44,40.39,63.6,31.61,51.4,55.76,7.68
Spain 3,2026-27,UD Logroñés,4.0,3.0,1.0,0.0,10.0,5.1,8.0,3.0,5.0,23.9,43.5,2.39,1.44,12.86,53.5,15.85,11.96,25.12,0.92,0.6,8.97,53.52,54.2,20.03,47.8,10.74,329.8,77.6,1.5,44.85,60.0,35.28,39.8,61.89,13.46
Spain 3,2026-27,Águilas,4.0,1.0,2.0,1.0,5.0,3.1,4.0,5.0,-1.0,27.0,43.5,1.16,0.82,9.84,11.8,10.71,6.08,12.15,1.2,1.16,8.68,52.09,52.2,31.83,50.9,10.29,247.43,72.4,0.0,45.43,52.9,51.8,41.3,48.33,6.95
Spain 3,2026-27,UD Ourense,4.0,0.0,0.0,4.0,0.0,1.6,1.0,9.0,-8.0,26.4,43.0,0.22,0.38,5.5,16.0,10.78,7.48,6.82,1.77,1.98,14.52,44.23,51.2,23.11,39.0,12.95,290.9,75.9,0.0,36.75,55.1,40.71,37.8,49.95,4.4
Spain 3,2026-27,Cartagena,4.0,1.0,2.0,1.0,5.0,4.0,4.0,3.0,1.0,27.5,42.7,1.17,1.04,10.78,24.3,20.39,13.98,20.97,1.06,0.58,11.07,36.99,55.9,16.6,50.9,18.52,316.6,79.2,0.0,44.27,66.4,42.52,50.7,52.43,10.49
Spain 3,2026-27,CD Coria,4.0,1.0,1.0,2.0,4.0,6.2,6.0,7.0,-1.0,24.5,41.8,1.34,1.86,11.64,46.2,8.73,9.85,15.22,1.63,1.57,9.85,50.6,54.9,20.37,46.2,11.11,307.84,78.1,0.45,30.9,55.8,38.73,43.4,57.54,10.07
Spain 3,2026-27,Teruel,4.0,0.0,1.0,3.0,1.0,1.8,0.0,7.0,-7.0,26.7,41.0,0.0,0.63,6.97,21.7,4.55,5.15,8.79,1.71,1.52,15.45,47.58,45.2,26.97,53.9,12.92,270.91,80.0,0.3,34.55,50.0,50.0,47.3,51.52,3.94
Spain 3,2026-27,Cacereño,4.0,3.0,1.0,0.0,7.0,4.4,6.0,1.0,5.0,25.8,37.3,1.8,0.88,7.5,28.0,13.5,10.2,12.0,0.82,0.3,11.1,57.9,54.9,30.6,48.0,9.68,225.9,67.6,0.6,37.8,43.7,42.9,48.3,48.0,4.8
Spain 3,2026-27,Gimnàstic Tarragona,4.0,2.0,1.0,1.0,7.0,3.8,6.0,5.0,1.0,26.1,34.0,1.75,1.32,9.64,39.4,9.06,7.89,12.56,1.45,0.58,17.82,59.61,46.6,18.7,48.4,19.04,255.97,79.1,1.17,32.44,61.3,34.77,45.4,51.14,2.63
Sweden 1,2026-27,Hammarby,22.0,13.0,4.0,5.0,40.0,46.1,49.0,20.0,29.0,24.9,60.9,2.08,2.46,19.4,37.1,14.44,22.15,29.39,1.17,0.85,8.39,53.87,62.2,21.6,57.3,10.5,558.21,87.5,2.54,59.46,77.3,31.13,48.7,68.48,20.92
Sweden 1,2026-27,Malmö FF,22.0,10.0,3.0,9.0,33.0,35.5,37.0,33.0,4.0,25.4,56.7,1.54,1.75,13.26,35.2,14.63,16.3,25.26,1.35,1.38,11.55,55.44,55.2,24.3,47.9,9.54,477.97,86.1,1.04,50.61,75.9,38.02,56.5,66.2,14.09
Sweden 1,2026-27,AIK,22.0,9.0,6.0,7.0,33.0,24.3,31.0,34.0,-3.0,25.4,55.5,1.29,1.48,11.92,35.7,12.38,14.88,18.38,2.01,1.42,13.96,49.71,58.8,25.21,45.8,11.6,436.13,84.8,2.08,47.92,69.9,38.96,56.4,60.92,14.54
Sweden 1,2026-27,Djurgården,22.0,13.0,2.0,7.0,41.0,41.4,47.0,21.0,26.0,26.6,53.9,1.96,2.0,13.23,42.1,14.98,14.11,23.38,1.18,0.87,9.45,53.18,60.3,24.59,52.3,10.97,466.31,85.1,2.08,58.21,72.2,40.15,52.4,70.07,13.69
Sweden 1,2026-27,Mjällby,22.0,5.0,7.0,10.0,22.0,21.5,27.0,38.0,-11.0,25.7,51.5,1.15,1.32,11.32,39.7,12.98,15.27,19.68,2.01,1.61,14.17,59.17,56.1,27.57,48.3,11.11,433.37,82.3,1.74,47.63,67.2,46.53,54.6,67.05,13.61
Sweden 1,2026-27,Häcken,22.0,9.0,9.0,4.0,33.0,36.9,39.0,30.0,9.0,26.2,51.4,1.62,1.74,12.64,34.5,17.18,15.01,20.09,1.35,1.25,10.9,52.03,60.0,25.24,49.4,12.64,453.49,83.7,1.95,49.41,70.6,41.09,51.4,70.24,14.06
Sweden 1,2026-27,GAIS,22.0,8.0,6.0,8.0,27.0,36.3,28.0,20.0,8.0,26.2,50.9,1.19,1.75,13.32,35.0,17.22,13.74,24.3,1.3,0.85,11.11,56.54,60.5,30.79,47.1,10.14,446.01,82.7,1.95,54.03,67.7,44.83,51.1,68.84,12.72
Sweden 1,2026-27,IFK Göteborg,22.0,9.0,5.0,8.0,32.0,35.4,31.0,41.0,-10.0,24.8,49.9,1.31,1.75,14.57,33.0,17.32,13.73,22.51,1.43,1.73,10.98,60.82,60.9,26.99,45.4,10.28,412.71,81.6,2.07,54.9,68.0,46.16,50.4,66.18,11.45
Sweden 1,2026-27,Elfsborg,22.0,10.0,7.0,5.0,34.0,33.0,31.0,22.0,9.0,27.1,48.8,1.31,1.55,11.14,35.2,11.69,13.04,20.26,1.39,0.93,11.27,53.23,58.7,26.72,47.9,14.3,429.99,84.6,1.82,44.66,70.0,38.88,56.4,64.8,12.54
Sweden 1,2026-27,Kalmar,22.0,5.0,4.0,13.0,19.0,29.6,21.0,36.0,-15.0,25.7,48.8,0.89,1.27,11.01,33.1,13.76,15.71,22.19,1.47,1.52,11.39,54.25,56.6,24.61,49.2,13.26,424.59,83.8,1.65,45.32,71.9,37.06,53.6,65.22,14.91
Sweden 1,2026-27,Sirius,22.0,16.0,3.0,3.0,51.0,40.9,52.0,28.0,24.0,23.9,47.1,2.19,1.94,12.93,40.4,14.11,15.12,21.86,1.17,1.18,11.37,62.08,59.5,23.75,48.6,11.81,412.52,84.2,1.56,45.44,67.9,37.99,52.4,62.2,13.94
Sweden 1,2026-27,Degerfors,22.0,5.0,4.0,13.0,19.0,23.9,19.0,34.0,-15.0,27.0,46.8,0.8,1.13,9.78,29.2,14.19,13.73,16.12,1.62,1.43,11.88,56.33,61.2,30.14,42.9,11.94,386.57,81.3,1.47,43.95,64.6,43.19,50.0,58.01,10.79
Sweden 1,2026-27,Västerås SK,22.0,10.0,5.0,7.0,35.0,26.4,34.0,35.0,-1.0,24.1,46.8,1.4,1.43,9.87,38.9,10.73,9.33,14.53,1.69,1.44,12.59,53.96,60.6,32.41,49.9,11.2,379.57,82.5,1.69,43.18,68.1,40.58,51.1,63.12,10.2
Sweden 1,2026-27,Brommapojkarna,22.0,7.0,6.0,9.0,27.0,24.8,30.0,36.0,-6.0,24.2,45.7,1.26,1.25,9.81,33.9,11.62,12.55,19.42,1.74,1.52,14.28,52.22,61.0,23.75,44.1,17.63,437.2,85.1,1.98,40.68,65.0,40.39,51.4,62.96,11.29
Sweden 1,2026-27,Örgryte,22.0,3.0,6.0,13.0,15.0,19.8,25.0,49.0,-24.0,27.9,44.4,1.06,1.19,9.63,35.5,11.75,13.31,16.65,2.11,2.07,15.8,56.11,57.0,25.82,52.2,15.5,375.89,80.5,1.44,39.42,61.5,39.21,48.1,59.49,12.34
Sweden 1,2026-27,Halmstad,22.0,3.0,5.0,14.0,11.0,16.8,16.0,40.0,-24.0,25.3,41.1,0.68,1.16,10.88,32.0,11.82,16.32,15.9,2.22,1.7,15.64,61.09,57.6,26.02,41.2,15.06,370.93,81.4,1.91,41.15,65.3,41.45,51.3,64.15,10.84
Sweden 2,2026-27,Sandviken,25.0,9.0,7.0,9.0,34.0,40.4,41.0,35.0,6.0,24.0,58.2,1.51,1.72,11.5,38.3,17.35,12.16,22.86,1.39,1.29,11.06,52.55,54.6,25.95,48.3,11.2,519.49,85.3,0.85,57.18,72.6,43.25,54.4,72.25,12.9
Sweden 2,2026-27,IFK Norrköping,25.0,17.0,4.0,4.0,55.0,48.6,48.0,16.0,32.0,23.3,56.5,1.77,2.09,15.16,35.4,16.53,16.86,23.96,1.22,0.59,10.91,49.33,56.2,28.66,53.4,10.02,453.81,82.8,1.26,54.95,67.1,47.0,51.8,68.15,13.64
Sweden 2,2026-27,Landskrona,25.0,11.0,7.0,7.0,40.0,39.4,39.0,26.0,13.0,24.4,55.9,1.43,1.82,12.05,38.6,16.0,13.55,21.46,1.52,0.95,11.46,47.49,54.4,27.17,54.4,11.68,455.93,83.7,0.7,50.79,71.9,39.4,52.9,66.82,14.65
Sweden 2,2026-27,Östersunds FK,25.0,11.0,10.0,4.0,43.0,38.9,33.0,24.0,9.0,25.7,55.7,1.27,1.45,11.9,29.9,20.01,11.12,23.21,1.13,0.93,8.46,49.44,61.9,31.09,47.3,11.12,479.16,82.6,0.66,57.82,69.7,53.34,54.2,79.22,11.36
Sweden 2,2026-27,Helsingborg,25.0,8.0,6.0,11.0,29.0,33.2,36.0,45.0,-9.0,23.6,51.8,1.31,1.49,10.81,36.5,14.57,14.72,19.94,1.6,1.64,12.13,46.13,56.2,26.55,51.2,13.33,440.98,81.9,1.02,48.98,64.4,39.63,44.2,62.72,11.36
Sweden 2,2026-27,Örebro,25.0,5.0,9.0,11.0,24.0,32.5,27.0,39.0,-12.0,25.9,51.3,0.99,1.38,11.37,35.0,12.91,13.06,16.24,1.6,1.43,12.62,49.77,54.8,27.76,44.3,12.79,438.08,83.8,0.84,50.72,67.8,42.09,48.4,62.46,9.73
Sweden 2,2026-27,Falkenberg,25.0,13.0,6.0,6.0,45.0,31.8,46.0,33.0,13.0,25.2,50.4,1.77,1.52,10.71,39.2,11.32,13.02,18.22,1.57,1.27,12.05,51.99,56.8,30.23,54.8,12.14,430.55,82.2,1.42,46.44,65.2,46.1,51.2,71.48,9.86
Sweden 2,2026-27,Värnamo,25.0,8.0,5.0,12.0,29.0,31.3,33.0,45.0,-12.0,26.4,50.0,1.22,1.43,10.84,35.4,14.61,10.36,20.47,1.66,1.66,12.28,50.75,59.4,29.36,53.1,13.56,404.59,80.0,0.63,46.84,62.6,39.5,46.5,64.88,10.62
Sweden 2,2026-27,Öster,25.0,11.0,3.0,11.0,36.0,25.6,38.0,38.0,0.0,24.1,49.7,1.4,1.41,11.77,33.5,14.39,18.15,19.18,2.03,1.4,16.23,50.31,51.2,26.08,50.4,12.33,401.46,81.6,0.96,45.7,67.2,38.4,48.4,64.14,15.2
Sweden 2,2026-27,United Nordic,25.0,9.0,9.0,7.0,36.0,39.4,38.0,40.0,-2.0,25.1,49.6,1.38,1.81,13.77,34.4,15.92,13.85,25.62,1.51,1.46,11.55,49.63,57.8,24.63,50.0,12.58,397.38,82.5,0.55,46.82,71.4,42.78,55.5,67.63,12.32
Sweden 2,2026-27,Ljungskile,25.0,7.0,7.0,11.0,28.0,36.6,33.0,36.0,-3.0,23.6,49.3,1.21,1.66,14.52,32.0,13.46,17.09,20.74,1.59,1.32,11.74,58.46,55.3,31.1,49.6,9.45,360.4,78.9,0.77,48.95,63.4,47.38,52.0,66.37,12.99
Sweden 2,2026-27,Brage,25.0,5.0,8.0,12.0,23.0,29.5,39.0,48.0,-9.0,25.2,46.8,1.43,1.37,10.81,34.6,13.44,13.11,18.61,1.66,1.76,12.16,53.92,53.9,28.13,50.7,10.91,353.63,79.9,0.44,50.81,65.8,46.52,51.6,65.27,9.85
Sweden 2,2026-27,Varbergs,25.0,13.0,5.0,7.0,44.0,33.0,44.0,33.0,11.0,24.9,46.4,1.62,1.45,12.68,35.7,13.82,12.21,20.11,1.56,1.21,12.13,55.37,50.6,31.36,54.3,10.42,334.34,78.0,0.63,46.69,61.0,43.64,49.6,61.25,9.01
Sweden 2,2026-27,Oddevold,25.0,9.0,9.0,7.0,36.0,39.6,38.0,34.0,4.0,24.4,43.4,1.41,1.6,12.91,36.0,13.06,12.61,19.68,1.23,1.26,10.45,58.38,58.3,31.66,45.2,11.89,360.0,78.2,0.71,52.2,63.9,42.9,48.7,64.29,10.53
Sweden 2,2026-27,GIF Sundsvall,25.0,6.0,1.0,18.0,16.0,27.2,19.0,53.0,-34.0,23.5,42.5,0.7,1.18,9.43,32.3,12.65,10.53,14.67,1.74,1.94,13.53,47.9,54.5,27.54,41.8,16.65,332.57,79.5,1.06,45.04,60.7,45.04,47.1,57.32,9.54
Sweden 2,2026-27,Norrby,25.0,4.0,12.0,9.0,23.0,28.7,28.0,35.0,-7.0,22.5,41.7,1.04,1.51,12.23,33.1,14.16,11.97,17.51,1.85,1.3,13.57,57.73,54.6,32.53,48.0,13.73,336.8,77.6,0.59,43.79,61.0,50.15,48.5,63.46,9.81
Switzerland 1,2026-27,Lugano,9.0,8.0,1.0,0.0,22.0,15.7,27.0,7.0,20.0,25.9,56.7,2.8,1.98,15.45,37.6,16.49,9.23,20.22,1.45,0.73,10.68,45.41,57.1,26.54,51.2,13.15,508.69,88.2,0.83,51.22,77.7,44.27,62.3,68.54,10.78
Switzerland 1,2026-27,Vaduz,9.0,2.0,0.0,7.0,6.0,11.3,18.0,21.0,-3.0,26.9,55.6,1.86,1.89,11.96,37.1,11.96,11.75,17.84,2.21,2.16,16.29,49.79,53.8,30.62,49.2,9.26,445.15,82.4,1.13,46.91,60.7,45.15,56.2,75.46,9.59
Switzerland 1,2026-27,Sion,9.0,6.0,1.0,2.0,19.0,15.9,23.0,14.0,9.0,26.4,53.5,2.68,2.45,15.18,38.5,17.04,11.21,23.11,1.53,1.52,11.09,48.68,54.7,25.33,43.3,12.98,440.08,83.7,1.75,43.42,72.3,44.24,53.6,73.42,12.49
Switzerland 1,2026-27,Basel,9.0,4.0,1.0,4.0,13.0,10.7,17.0,17.0,0.0,24.9,53.3,1.74,1.35,10.57,32.0,10.26,15.8,18.37,1.72,1.74,15.29,41.56,56.3,24.83,56.2,14.84,398.69,83.8,1.64,45.26,72.3,40.95,56.4,63.63,13.55
Switzerland 1,2026-27,Servette,9.0,3.0,1.0,5.0,10.0,11.1,11.0,13.0,-2.0,28.3,50.0,1.13,1.7,12.95,31.0,15.1,12.95,21.16,1.98,1.34,13.05,47.88,54.5,33.49,49.7,12.85,376.64,81.2,0.82,44.69,71.5,39.04,55.0,65.14,11.92
Switzerland 1,2026-27,Young Boys,9.0,5.0,4.0,0.0,19.0,17.6,31.0,18.0,13.0,26.3,49.4,3.21,2.72,17.32,43.1,16.8,12.86,28.1,1.76,1.87,12.55,44.17,53.1,23.85,50.0,12.7,391.83,83.7,0.93,48.21,72.3,40.23,55.4,67.81,18.35
Switzerland 1,2026-27,Thun,9.0,3.0,1.0,5.0,7.0,9.4,15.0,23.0,-8.0,25.5,48.9,1.55,1.74,13.0,27.0,15.48,10.42,22.29,2.34,2.37,15.07,55.53,51.5,36.54,49.2,8.56,342.76,77.5,1.14,54.7,63.4,50.26,54.0,71.73,10.11
Switzerland 1,2026-27,Lausanne Sport,9.0,1.0,3.0,5.0,6.0,7.7,7.0,15.0,-8.0,24.4,48.4,0.72,0.92,8.17,34.2,10.03,13.03,13.86,1.68,1.55,14.28,50.69,52.4,28.34,52.2,12.39,378.31,80.0,0.72,47.79,61.3,46.55,48.4,62.48,11.59
Switzerland 1,2026-27,St. Gallen,9.0,4.0,1.0,4.0,13.0,15.9,16.0,19.0,-3.0,25.3,48.1,1.63,2.22,18.1,34.3,17.9,16.27,29.9,1.62,1.93,10.98,50.14,52.3,37.22,49.7,8.85,327.97,75.8,1.02,55.63,59.6,48.51,49.3,62.64,11.39
Switzerland 1,2026-27,Zürich,9.0,3.0,2.0,4.0,11.0,9.3,14.0,20.0,-6.0,24.5,45.0,1.61,1.46,10.26,43.8,13.94,12.56,18.67,1.84,2.19,11.98,47.94,54.6,28.69,47.4,14.5,325.89,77.3,0.58,37.57,58.9,40.68,51.3,60.96,9.33
Switzerland 1,2026-27,Luzern,9.0,3.0,3.0,3.0,12.0,10.5,17.0,18.0,-1.0,23.8,44.4,1.97,1.88,14.25,32.5,12.51,13.09,23.75,2.11,1.97,15.75,49.58,57.9,28.15,46.9,12.57,330.58,76.2,0.69,44.13,61.4,52.59,50.2,68.34,9.5
Switzerland 1,2026-27,Grasshopper,9.0,2.0,2.0,5.0,8.0,11.1,13.0,24.0,-11.0,23.5,43.7,1.52,1.8,12.94,30.6,12.36,14.92,17.72,1.82,2.22,13.06,55.84,53.0,37.07,53.8,10.93,326.42,76.3,1.05,46.87,64.2,37.77,53.7,64.12,10.03
Switzerland 3,2026-27,Brühl,8.0,3.0,2.0,3.0,11.0,14.2,12.0,10.0,2.0,26.6,61.2,1.42,1.83,17.41,32.0,12.32,21.43,21.43,1.27,1.18,13.74,60.16,63.8,27.47,48.3,8.03,500.45,84.8,8.41,66.43,67.7,58.03,52.0,76.26,17.88
Switzerland 3,2026-27,Kreuzlingen,8.0,2.0,2.0,4.0,7.0,8.3,9.0,12.0,-3.0,26.0,57.7,1.21,0.92,8.71,21.5,11.38,12.99,15.27,1.29,1.34,9.51,64.82,65.3,32.54,47.3,9.36,461.92,81.7,3.75,63.88,58.3,55.45,51.4,78.75,10.31
Switzerland 3,2026-27,Luzern II,8.0,2.0,1.0,5.0,4.0,4.1,11.0,13.0,-2.0,18.8,53.7,2.05,1.26,14.16,34.2,14.35,18.63,16.02,2.1,2.05,14.35,85.9,62.7,33.91,34.6,9.49,412.36,81.8,4.66,60.0,70.5,51.24,54.9,84.6,17.14
Switzerland 3,2026-27,Zürich II,8.0,3.0,2.0,3.0,11.0,8.8,13.0,16.0,-3.0,18.9,53.0,1.75,1.13,9.03,41.8,12.4,19.0,12.93,1.41,1.89,13.88,65.34,64.3,29.37,49.1,10.04,372.53,79.0,4.04,48.91,60.1,55.37,51.6,81.65,14.69
Switzerland 3,2026-27,YF Juventus,8.0,4.0,0.0,4.0,12.0,5.8,12.0,13.0,-1.0,28.1,52.5,1.91,1.08,10.97,44.9,15.27,16.86,16.06,1.73,1.59,13.83,74.58,66.3,29.58,41.4,10.62,443.16,82.0,4.13,54.54,65.9,51.84,57.7,79.51,10.97
Switzerland 3,2026-27,FC Schaffhausen,8.0,5.0,1.0,2.0,16.0,14.7,14.0,10.0,4.0,24.7,52.3,1.65,1.77,15.79,32.8,15.08,20.97,23.91,0.99,1.18,11.66,62.67,65.8,26.51,43.1,10.97,399.23,81.4,2.47,55.25,69.1,49.36,55.4,81.64,14.96
Switzerland 3,2026-27,Cham,8.0,5.0,1.0,2.0,16.0,12.5,13.0,9.0,4.0,25.3,51.6,1.53,1.33,12.15,36.9,13.8,13.21,16.99,0.96,1.06,8.37,71.25,63.1,33.62,44.6,8.06,401.28,79.5,7.08,60.28,55.4,55.09,47.3,71.95,10.85
Switzerland 3,2026-27,Bavois,8.0,2.0,2.0,4.0,8.0,5.8,10.0,9.0,1.0,26.2,51.4,1.9,1.01,11.61,37.7,9.7,18.08,15.22,1.27,1.33,8.94,78.58,60.8,34.06,45.3,8.61,382.45,80.4,4.38,56.51,63.0,50.23,58.3,78.39,13.13
Switzerland 3,2026-27,Breitenrain,8.0,3.0,1.0,4.0,10.0,8.3,10.0,13.0,-3.0,26.7,51.1,1.32,1.05,9.4,32.4,15.09,17.34,12.31,1.35,1.19,9.26,63.13,67.7,40.37,38.7,9.3,353.78,77.0,4.1,48.57,52.6,53.6,48.9,66.84,8.6
Switzerland 3,2026-27,Amical Saint Prex,8.0,3.0,1.0,4.0,10.0,11.9,10.0,18.0,-8.0,26.5,50.2,1.18,1.34,12.05,36.3,8.62,20.55,16.77,1.31,2.13,11.34,82.91,67.9,32.01,48.3,10.17,395.43,81.0,4.84,49.02,57.6,52.8,51.5,74.06,9.92
Switzerland 3,2026-27,Grand-Saconnex,8.0,5.0,0.0,3.0,15.0,13.6,17.0,12.0,5.0,22.9,49.0,1.99,1.69,12.19,41.3,12.66,20.51,16.99,1.11,1.41,9.02,62.81,62.9,28.01,44.4,14.7,365.04,81.0,3.28,54.26,67.4,43.59,47.6,71.37,14.53
Switzerland 3,2026-27,Biel-Bienne,8.0,6.0,1.0,1.0,19.0,11.6,19.0,9.0,10.0,25.2,48.3,2.56,1.79,13.9,40.8,12.68,20.64,19.3,1.25,1.21,11.2,68.28,65.4,26.04,52.8,12.28,349.75,79.5,7.56,56.67,58.8,57.48,50.2,66.66,12.95
Switzerland 3,2026-27,Basel II,8.0,3.0,0.0,5.0,9.0,13.1,14.0,17.0,-3.0,19.4,47.8,1.63,1.82,14.24,45.9,12.61,23.11,19.26,1.39,1.98,12.14,62.68,63.7,27.55,41.9,11.07,359.88,79.7,3.27,48.33,69.6,39.81,51.6,73.07,15.64
Switzerland 3,2026-27,Young Boys II,8.0,3.0,2.0,3.0,11.0,8.6,17.0,19.0,-2.0,18.6,46.4,2.29,1.27,10.63,44.3,12.51,25.02,15.74,1.48,2.29,16.01,74.53,63.9,23.81,52.0,14.6,332.83,79.2,3.09,43.45,62.5,41.43,48.4,70.36,18.83
Switzerland 3,2026-27,Bulle,8.0,5.0,2.0,1.0,17.0,11.6,18.0,11.0,7.0,25.0,45.5,2.11,1.43,9.86,45.2,11.85,18.31,14.9,1.33,1.29,12.32,70.29,62.9,26.52,46.0,14.74,344.04,78.6,3.75,53.16,60.0,49.99,49.1,68.41,14.67
Switzerland 3,2026-27,Bellinzona,8.0,1.0,1.0,6.0,4.0,6.2,5.0,16.0,-11.0,24.2,45.1,0.67,0.9,9.27,30.4,11.69,13.84,11.96,1.76,1.88,11.28,72.0,66.4,33.04,45.1,12.99,343.21,80.1,3.09,49.43,57.1,53.73,53.5,67.7,12.09
Switzerland 3,2026-27,Lugano II,8.0,3.0,0.0,5.0,9.0,7.3,15.0,20.0,-5.0,18.6,42.9,1.75,1.25,9.79,38.1,8.16,18.65,11.19,2.13,2.33,15.39,66.1,61.4,29.49,43.9,13.39,289.12,79.2,3.03,38.47,63.3,41.97,54.4,57.59,11.19
Switzerland 3,2026-27,Paradiso,8.0,4.0,1.0,3.0,13.0,13.7,17.0,9.0,8.0,24.9,42.6,2.01,1.75,13.09,45.0,14.86,18.4,17.58,1.24,1.06,12.98,55.67,64.8,32.32,48.5,13.18,304.21,76.9,5.9,50.01,60.1,56.03,52.2,67.12,10.14
Tunisia 1,2026-27,Club Africain,3.0,3.0,0.0,0.0,6.0,4.1,3.0,0.0,3.0,27.0,66.7,1.32,0.77,10.1,30.4,10.54,14.05,14.05,0.1,0.0,3.95,36.0,62.2,38.2,54.0,6.76,349.9,80.7,8.78,51.37,60.7,41.27,46.8,57.51,9.22
Tunisia 1,2026-27,ES Tunis,4.0,3.0,0.0,1.0,9.0,6.1,7.0,6.0,1.0,25.8,65.1,2.09,1.83,16.09,27.8,24.74,26.23,30.7,0.96,1.79,5.66,46.49,62.8,30.99,43.3,4.21,405.0,86.9,3.58,64.67,81.6,31.59,64.2,78.68,16.69
Tunisia 1,2026-27,Etoile du Sahel,4.0,1.0,1.0,2.0,4.0,6.8,5.0,6.0,-1.0,24.3,59.1,1.1,1.53,12.98,23.7,17.6,20.68,16.72,1.07,1.32,6.82,51.71,71.9,39.61,39.4,8.69,340.2,80.8,5.06,53.91,71.0,37.63,46.8,58.97,9.24
Tunisia 1,2026-27,Hammam-Lif,4.0,0.0,0.0,4.0,0.0,1.2,0.0,4.0,-4.0,25.9,57.9,0.0,0.39,9.36,19.0,15.15,23.17,10.25,1.24,0.89,9.8,54.36,62.3,46.34,40.4,6.74,289.16,78.3,8.91,47.67,59.8,36.53,43.9,58.37,9.8
Tunisia 1,2026-27,Zarzis,4.0,1.0,0.0,3.0,3.0,3.8,3.0,5.0,-2.0,25.5,53.8,1.33,1.29,16.85,28.9,15.52,13.74,22.17,0.69,0.89,4.88,44.78,55.4,37.24,51.2,7.84,305.47,78.4,6.21,52.76,65.5,43.0,52.6,68.28,8.87
Tunisia 1,2026-27,Stade Tunisien,3.0,1.0,1.0,1.0,4.0,5.4,5.0,4.0,1.0,25.9,52.0,1.47,1.49,10.26,28.6,12.61,16.12,19.06,0.8,1.17,7.33,55.11,64.9,45.44,43.9,8.86,279.67,78.1,5.86,48.37,68.5,45.15,56.5,63.91,11.43
Tunisia 1,2026-27,Marsa,4.0,1.0,1.0,2.0,4.0,4.4,2.0,3.0,-1.0,25.7,50.6,0.44,0.67,5.33,25.0,8.67,13.78,10.0,0.99,0.67,11.56,50.44,59.0,52.22,46.0,8.4,249.11,76.6,3.78,35.56,59.4,41.33,49.5,51.11,8.0
Tunisia 1,2026-27,Ben Guerdane,4.0,2.0,2.0,0.0,5.0,3.1,7.0,5.0,2.0,27.0,50.0,2.99,1.14,7.68,38.9,7.25,11.94,10.24,0.92,0.85,8.1,62.7,66.0,54.17,55.1,7.22,244.41,75.2,5.55,42.23,66.7,47.77,50.0,60.14,8.1
Tunisia 1,2026-27,CS Sfaxien,4.0,2.0,2.0,0.0,5.0,3.1,6.0,3.0,3.0,26.9,48.0,1.78,0.87,7.11,50.0,11.84,7.11,12.43,1.25,0.89,12.14,55.07,64.0,40.86,42.8,10.12,273.55,76.3,5.33,34.64,52.1,39.97,50.4,52.4,8.88
Tunisia 1,2026-27,Progrès Sakiet Eddaïer,4.0,2.0,2.0,0.0,8.0,5.6,4.0,1.0,3.0,27.5,47.2,1.18,0.99,8.85,20.0,7.08,8.56,9.74,0.43,0.0,6.79,54.59,62.7,54.59,46.5,8.47,209.21,75.3,2.07,33.93,55.7,36.89,56.0,46.62,5.31
Tunisia 1,2026-27,Hammam-Sousse,4.0,0.0,1.0,3.0,1.0,2.0,1.0,5.0,-4.0,28.1,46.7,0.3,0.45,5.61,21.1,10.92,19.18,8.56,1.43,1.48,11.51,51.93,57.4,48.69,41.8,8.83,233.41,69.9,6.49,40.72,58.0,49.28,48.5,57.84,10.62
Tunisia 1,2026-27,CA Bizertin,4.0,2.0,1.0,1.0,7.0,5.4,3.0,3.0,0.0,24.9,45.9,0.9,1.18,14.75,24.5,11.44,12.94,16.25,0.68,0.3,7.53,54.78,63.2,46.96,57.1,9.99,275.72,78.9,4.21,47.26,67.5,40.94,55.1,60.2,8.73
Tunisia 1,2026-27,Monastir,4.0,2.0,2.0,0.0,8.0,2.1,7.0,5.0,2.0,22.6,44.2,5.94,1.23,8.49,70.0,4.25,20.38,11.04,0.46,0.85,9.34,51.79,45.9,44.15,42.3,7.52,242.83,81.5,5.09,30.57,55.6,26.32,48.4,44.15,8.49
Tunisia 1,2026-27,Olympique Béja,4.0,0.0,2.0,2.0,2.0,2.2,3.0,5.0,-2.0,23.5,44.0,0.87,0.66,6.08,42.9,7.52,15.34,10.71,1.36,1.16,14.76,54.98,64.2,47.17,28.2,8.98,195.63,71.6,9.26,39.36,56.6,41.38,49.0,50.06,7.23
Tunisia 1,2026-27,Métlaoui,4.0,1.0,0.0,3.0,3.0,4.1,2.0,4.0,-2.0,24.8,41.1,0.44,0.72,7.76,31.4,7.76,12.41,9.31,1.12,0.89,8.2,49.43,60.5,51.65,36.5,9.18,188.87,67.4,5.76,42.56,51.6,47.44,45.3,45.22,7.09
Tunisia 1,2026-27,Jeunesse Sportive Omrane,4.0,2.0,1.0,1.0,7.0,3.2,5.0,4.0,1.0,27.5,37.2,1.14,0.6,6.14,40.7,8.18,14.55,9.32,1.29,0.91,16.36,64.09,65.6,38.64,55.9,14.68,215.91,71.2,4.55,30.45,51.5,40.0,41.5,51.82,6.36
Turkey 1,2026-27,Beşiktaş,6.0,4.0,0.0,2.0,12.0,14.0,14.0,7.0,7.0,26.5,62.3,2.16,2.18,15.44,39.0,18.22,10.03,23.93,0.58,1.08,7.56,37.67,50.0,15.9,60.2,9.76,497.7,85.6,1.85,59.9,73.5,38.13,61.9,71.48,15.28
Turkey 1,2026-27,Trabzonspor,6.0,3.0,1.0,2.0,10.0,9.0,13.0,5.0,8.0,28.6,57.9,1.98,1.75,12.92,45.9,12.47,13.99,16.88,1.6,0.76,11.25,44.39,55.1,19.76,48.5,12.07,433.28,86.4,2.74,46.06,73.6,38.16,57.0,62.33,13.07
Turkey 1,2026-27,Galatasaray,6.0,4.0,1.0,1.0,13.0,13.3,13.0,10.0,3.0,28.0,57.8,2.0,2.5,19.38,35.7,17.69,13.85,28.62,0.94,1.54,8.46,38.15,51.2,29.85,56.2,11.17,456.15,84.5,1.38,54.92,72.5,39.38,51.2,67.85,11.85
Turkey 1,2026-27,Rizespor,6.0,3.0,1.0,2.0,9.0,8.4,7.0,6.0,1.0,26.5,56.8,1.08,1.37,13.43,35.6,15.44,10.34,15.44,1.38,0.93,12.81,41.22,52.4,28.56,47.0,12.55,424.68,83.1,1.54,55.73,69.5,46.47,51.2,66.07,9.88
Turkey 1,2026-27,Samsunspor,6.0,1.0,1.0,4.0,4.0,6.0,6.0,12.0,-6.0,25.7,56.3,1.13,1.45,11.67,22.6,16.95,8.28,18.64,1.7,2.07,15.06,43.12,49.3,29.56,50.3,14.62,489.73,83.9,0.75,51.21,66.9,50.84,53.3,69.1,10.92
Turkey 1,2026-27,Fenerbahçe,6.0,3.0,1.0,2.0,10.0,12.9,16.0,6.0,10.0,29.2,55.9,2.48,2.62,16.11,44.2,16.11,12.24,23.86,1.07,0.93,11.0,40.74,51.7,17.04,41.8,11.06,461.93,87.4,3.25,46.47,74.0,28.19,55.5,63.05,12.7
Turkey 1,2026-27,İstanbul Başakşehir,6.0,2.0,1.0,3.0,7.0,8.4,10.0,11.0,-1.0,27.0,55.1,1.57,1.48,11.62,35.1,17.12,10.52,15.39,1.57,1.73,12.25,36.6,48.5,23.09,46.9,13.47,451.88,85.9,1.1,44.76,69.5,44.76,59.6,60.94,9.74
Turkey 1,2026-27,Çorum FK,6.0,2.0,1.0,3.0,7.0,7.5,13.0,12.0,1.0,27.4,53.8,2.02,1.12,11.19,41.7,14.61,15.08,18.19,1.75,1.87,13.99,42.12,45.8,20.67,43.6,12.19,468.81,86.3,2.33,50.98,74.4,41.35,56.8,60.93,14.92
Turkey 1,2026-27,Gaziantep,6.0,2.0,2.0,2.0,8.0,7.1,7.0,7.0,0.0,27.2,49.3,1.11,1.22,11.39,30.6,9.33,11.39,14.08,1.57,1.11,12.65,47.93,57.1,29.58,49.7,12.63,380.88,81.6,1.11,42.23,62.9,42.07,52.3,58.84,10.44
Turkey 1,2026-27,Eyüpspor,6.0,1.0,0.0,5.0,3.0,4.7,2.0,16.0,-14.0,26.1,48.8,0.31,0.82,11.64,28.0,11.02,9.93,12.57,1.93,2.48,12.57,36.62,48.7,18.62,43.3,20.56,354.41,84.9,0.78,38.64,70.7,33.05,53.1,48.88,10.55
Turkey 1,2026-27,Konyaspor,6.0,1.0,1.0,4.0,4.0,7.5,4.0,8.0,-4.0,27.8,47.1,0.61,1.41,9.97,32.3,11.5,11.19,13.95,1.63,1.23,13.8,47.07,51.8,23.92,58.3,12.92,361.84,83.1,0.77,38.02,64.5,39.71,55.6,57.34,8.89
Turkey 1,2026-27,Kocaelispor,6.0,4.0,0.0,2.0,12.0,6.2,7.0,4.0,3.0,26.0,46.4,1.1,1.06,11.13,32.4,9.88,7.53,13.48,1.64,0.63,13.95,48.45,57.0,32.77,46.9,14.74,391.99,82.4,1.25,43.28,60.9,43.12,46.9,56.45,10.03
Turkey 1,2026-27,Amed SK,6.0,4.0,1.0,1.0,10.0,11.0,15.0,7.0,8.0,27.8,45.0,2.28,1.75,12.94,38.8,8.68,10.66,14.77,1.05,1.07,9.75,49.95,49.4,14.47,57.9,15.6,366.7,82.7,3.96,40.51,60.5,44.16,51.7,59.24,8.68
Turkey 1,2026-27,Erzurumspor FK,6.0,2.0,1.0,3.0,4.0,3.2,3.0,11.0,-8.0,29.5,43.6,0.56,0.74,8.25,31.8,11.25,8.81,13.13,1.96,2.06,13.13,48.94,57.1,15.38,46.3,17.85,371.44,83.2,1.13,37.13,74.2,42.94,55.0,57.38,10.69
Turkey 1,2026-27,Gençlerbirliği,6.0,2.0,1.0,3.0,7.0,4.7,5.0,13.0,-8.0,26.9,43.6,0.77,1.17,10.52,29.4,10.98,12.37,13.45,2.3,2.01,15.93,40.05,49.4,26.91,50.6,19.6,336.19,82.1,0.46,42.37,66.4,41.44,53.7,57.68,9.59
Turkey 1,2026-27,Kasımpaşa,6.0,2.0,4.0,0.0,10.0,7.6,7.0,5.0,2.0,26.1,40.4,1.1,1.18,10.52,31.3,9.27,8.8,11.94,1.29,0.79,12.25,51.2,50.6,24.03,53.6,18.39,329.37,79.6,1.1,34.87,56.3,44.92,50.7,53.09,8.64
Turkey 1,2026-27,Alanyaspor,6.0,3.0,2.0,1.0,11.0,8.2,8.0,6.0,2.0,27.6,39.6,1.26,1.29,9.93,27.0,8.98,8.67,12.29,1.28,0.95,12.61,44.45,48.9,25.85,53.7,15.55,301.37,79.0,0.79,39.25,62.2,38.46,49.6,61.47,10.4
Turkey 1,2026-27,Göztepe,6.0,0.0,3.0,3.0,2.0,8.3,11.0,15.0,-4.0,24.4,38.8,1.68,1.97,14.62,36.5,14.16,10.66,20.86,2.18,2.28,15.38,34.87,53.7,49.19,47.4,12.15,252.34,73.9,0.46,44.47,58.2,42.64,52.9,53.91,8.68
Turkey 2,2026-27,Bandırmaspor,8.0,2.0,4.0,2.0,10.0,10.0,12.0,5.0,7.0,26.8,61.2,1.37,1.41,11.76,41.7,13.36,11.65,14.05,1.51,0.57,9.02,45.34,53.1,22.39,53.1,8.43,452.86,85.0,1.03,50.14,61.7,44.77,48.5,60.19,9.71
Turkey 2,2026-27,Bursaspor,8.0,6.0,1.0,1.0,19.0,12.3,16.0,7.0,9.0,27.5,57.2,2.1,1.65,11.94,34.1,13.91,14.43,20.6,1.03,0.79,7.87,48.41,53.7,23.88,49.5,10.15,468.37,85.3,2.36,53.27,71.4,37.39,51.6,63.89,13.91
Turkey 2,2026-27, Esenler Erokspor,8.0,0.0,5.0,3.0,5.0,11.7,4.0,10.0,-6.0,29.3,56.6,0.47,1.26,9.79,27.4,18.42,9.21,18.65,1.1,1.17,9.56,42.67,54.6,24.13,59.9,11.76,427.5,83.4,0.82,53.28,72.2,39.29,54.9,64.7,9.33
Turkey 2,2026-27,Antalyaspor,8.0,4.0,0.0,4.0,9.0,12.0,14.0,13.0,1.0,27.9,54.6,1.61,1.31,10.22,27.0,18.25,8.84,17.56,1.23,1.49,9.64,42.7,57.5,21.12,51.6,11.81,439.32,84.0,1.49,47.76,70.4,39.38,57.4,66.35,10.45
Turkey 2,2026-27,Pendikspor,8.0,2.0,4.0,2.0,9.0,10.2,10.0,13.0,-3.0,26.8,54.5,1.31,1.28,11.02,34.5,13.64,9.45,17.97,1.15,1.57,8.66,42.64,52.9,22.43,46.8,10.2,424.55,84.5,0.92,53.4,70.5,47.23,58.1,69.66,7.61
Turkey 2,2026-27,Kayserispor,8.0,6.0,1.0,1.0,16.0,13.5,15.0,3.0,12.0,29.4,53.5,1.99,1.96,12.08,30.8,12.08,7.96,16.59,1.0,0.4,9.69,42.48,54.1,23.23,45.1,13.92,455.97,86.0,1.73,50.18,72.8,39.03,55.8,61.46,9.96
Turkey 2,2026-27,Manisa F.K.,8.0,2.0,3.0,3.0,9.0,11.5,12.0,12.0,0.0,27.8,51.7,1.58,1.66,11.58,30.7,9.47,11.05,15.26,1.3,1.45,11.71,49.61,52.5,19.21,45.2,10.89,399.21,84.0,0.92,41.05,68.6,42.5,52.9,60.66,9.47
Turkey 2,2026-27,Batman Petrolspor,8.0,5.0,1.0,2.0,16.0,12.0,15.0,13.0,2.0,27.9,51.6,1.96,1.79,12.26,29.8,12.0,9.0,15.65,1.37,1.43,11.74,49.7,55.9,26.87,47.6,10.53,346.43,81.3,1.04,39.26,62.5,44.22,55.8,56.87,8.22
Turkey 2,2026-27,Sarıyer,8.0,4.0,2.0,2.0,14.0,9.2,11.0,9.0,2.0,31.3,49.4,1.7,1.47,9.28,40.0,14.38,9.59,14.69,1.21,0.77,10.82,49.33,54.9,22.27,43.8,16.04,395.26,83.8,0.93,41.75,66.7,42.99,56.5,64.64,8.97
Turkey 2,2026-27,Ümranıyespor,8.0,1.0,3.0,4.0,6.0,11.0,6.0,9.0,-3.0,27.8,48.8,0.7,1.19,10.88,35.5,10.3,11.94,16.15,1.28,1.05,11.24,39.56,48.8,18.84,46.0,18.4,409.86,83.0,0.59,41.66,66.3,40.61,51.6,63.08,11.94
Turkey 2,2026-27,Bodrumspor,8.0,1.0,5.0,2.0,8.0,6.0,7.0,6.0,1.0,24.3,48.8,0.93,0.81,8.24,33.9,13.29,12.5,15.02,1.47,0.66,12.76,44.93,52.4,23.66,48.3,12.37,355.75,82.0,0.93,43.74,67.2,42.67,56.1,59.42,9.57
Turkey 2,2026-27,Fatih Karagümrük,8.0,3.0,3.0,2.0,12.0,11.4,12.0,11.0,1.0,29.2,48.3,1.38,1.5,12.0,39.4,15.12,8.42,17.54,1.5,1.27,10.85,41.31,55.3,25.04,47.5,14.38,366.81,80.5,1.62,51.0,63.3,38.65,51.3,61.5,11.19
Turkey 2,2026-27,Muğlaspor,8.0,2.0,5.0,1.0,11.0,9.7,8.0,7.0,1.0,25.5,47.8,0.92,1.19,9.8,36.5,13.14,12.22,16.02,1.43,0.81,10.49,49.21,53.4,22.47,53.8,12.75,355.16,80.5,1.38,45.06,62.7,41.6,50.7,58.89,9.8
Turkey 2,2026-27,Iğdır FK,8.0,5.0,1.0,2.0,16.0,10.3,12.0,7.0,5.0,28.5,47.4,1.38,1.33,11.75,35.3,9.68,10.37,16.25,1.56,0.81,10.26,45.75,51.1,23.62,45.4,10.66,344.9,80.2,1.15,43.33,55.1,44.71,46.4,55.66,10.14
Turkey 2,2026-27,Mardin 1969,8.0,3.0,3.0,2.0,12.0,13.2,9.0,5.0,4.0,28.7,47.0,1.19,1.56,12.35,31.2,14.34,13.27,18.05,0.82,0.53,8.89,52.43,57.0,18.58,45.0,12.67,334.91,79.7,1.19,40.75,59.9,40.35,50.3,53.89,13.81
Turkey 2,2026-27,Sivasspor,8.0,1.0,5.0,2.0,8.0,8.0,9.0,11.0,-2.0,29.4,46.6,1.18,1.31,10.87,33.7,15.2,10.87,14.41,1.73,1.31,12.71,41.79,55.2,26.33,53.7,12.41,304.98,79.3,0.66,37.21,67.6,34.45,52.1,53.71,9.83
Turkey 2,2026-27,Vanspor FK,8.0,1.0,3.0,4.0,6.0,6.8,8.0,17.0,-9.0,27.5,45.9,0.93,0.91,8.94,31.2,10.1,10.68,12.19,1.77,1.97,11.15,48.54,57.4,21.6,52.7,15.03,346.65,81.0,0.93,36.12,60.1,34.95,48.8,51.91,9.06
Turkey 2,2026-27,Ankara Keçiörengücü,8.0,3.0,4.0,1.0,13.0,11.3,17.0,10.0,7.0,28.5,45.0,2.62,1.78,12.02,41.0,16.64,14.18,17.72,0.98,1.39,13.1,49.62,57.1,18.96,52.8,14.23,337.19,80.9,0.15,39.61,64.2,38.84,54.4,59.18,12.33
Turkey 2,2026-27,İstanbulspor,8.0,1.0,2.0,5.0,2.0,8.2,7.0,19.0,-12.0,24.0,43.7,0.91,1.05,8.75,34.3,7.45,8.88,8.88,1.59,2.48,11.63,42.98,53.8,22.47,55.8,23.04,336.36,81.8,1.04,35.92,58.9,37.62,50.0,51.6,8.88
Turkey 2,2026-27,Boluspor,8.0,0.0,1.0,7.0,1.0,4.9,3.0,20.0,-17.0,25.1,37.9,0.4,0.92,8.77,24.2,8.38,10.1,10.1,1.99,2.39,13.43,55.3,52.6,18.48,53.2,18.79,300.71,77.3,1.2,36.56,58.2,36.29,43.2,50.12,5.85
Ukraine 1,2026-27,Dynamo Kyiv,6.0,4.0,1.0,1.0,13.0,11.4,9.0,5.0,4.0,27.6,67.7,1.44,1.65,15.35,30.2,16.63,13.59,28.93,0.9,0.8,9.27,39.33,54.9,20.46,50.8,7.89,535.04,85.6,0.32,61.71,76.9,40.44,58.1,78.49,13.91
Ukraine 1,2026-27,Shakhtar Donetsk,7.0,6.0,0.0,1.0,15.0,12.8,15.0,4.0,11.0,24.5,67.5,2.04,1.66,13.71,43.6,10.32,18.6,21.99,0.93,0.54,6.38,41.4,63.0,12.22,50.0,10.28,561.31,89.0,1.09,58.64,77.3,35.7,54.8,60.81,16.56
Ukraine 1,2026-27,FC Kharkiv,6.0,4.0,0.0,2.0,12.0,14.2,12.0,4.0,8.0,24.4,56.1,1.89,2.33,18.0,30.7,16.74,15.32,30.16,0.59,0.63,6.16,42.47,51.7,28.26,58.7,11.27,454.42,84.6,0.63,54.32,72.7,34.42,53.2,66.32,12.32
Ukraine 1,2026-27,Polissya,7.0,6.0,0.0,1.0,18.0,15.0,15.0,5.0,10.0,25.7,54.2,2.03,1.93,17.03,31.0,16.49,18.24,24.86,0.69,0.68,7.7,47.7,55.2,26.35,53.3,13.54,476.08,85.0,1.49,56.89,74.1,39.05,59.2,66.08,12.3
Ukraine 1,2026-27,Zorya,7.0,2.0,2.0,3.0,8.0,8.2,7.0,11.0,-4.0,26.3,51.5,0.95,1.02,11.57,38.8,19.06,10.89,17.7,1.36,1.5,14.3,50.92,58.3,34.86,55.9,12.95,387.64,79.0,0.82,48.2,72.3,48.34,54.4,72.3,8.03
Ukraine 1,2026-27,Epitsentr Kamyanets-Podilskyi,7.0,2.0,2.0,3.0,8.0,11.6,6.0,7.0,-1.0,26.0,51.1,0.82,1.57,11.86,32.2,16.5,13.23,17.86,1.11,0.95,11.45,45.55,50.9,23.45,41.9,12.3,381.27,81.7,0.41,42.68,70.6,37.5,49.1,61.36,12.55
Ukraine 1,2026-27,Karpaty,7.0,4.0,2.0,1.0,13.0,10.8,15.0,5.0,10.0,26.3,50.5,2.04,1.76,12.49,40.2,12.76,10.45,22.94,1.53,0.68,13.98,39.23,55.7,28.78,48.6,11.98,387.96,81.1,0.27,44.66,70.8,47.24,54.3,62.58,10.45
Ukraine 1,2026-27,Livyi Bereh,6.0,1.0,4.0,1.0,7.0,7.7,4.0,3.0,1.0,26.8,49.3,0.63,0.9,10.63,28.4,13.02,10.16,14.6,0.94,0.48,12.86,53.33,59.5,33.02,51.0,13.4,393.17,79.8,0.16,36.35,55.5,51.27,55.4,67.62,11.75
Ukraine 1,2026-27,Bukovyna,7.0,1.0,4.0,2.0,7.0,9.9,4.0,6.0,-2.0,29.7,48.1,0.55,1.79,15.32,25.0,19.7,15.32,25.99,1.9,0.82,16.55,46.78,55.6,24.07,47.7,11.48,352.61,79.6,0.68,45.14,66.7,37.34,53.5,70.3,10.81
Ukraine 1,2026-27,Kudrivka,6.0,0.0,2.0,4.0,2.0,3.7,4.0,16.0,-12.0,26.4,44.8,0.63,0.82,8.38,35.8,10.44,9.17,10.91,2.29,2.53,17.24,43.5,43.3,27.21,50.6,11.84,320.62,76.6,0.47,39.86,60.7,42.07,52.3,57.42,7.28
Ukraine 1,2026-27,Kolos Kovalivka,6.0,1.0,2.0,3.0,2.0,7.6,6.0,10.0,-4.0,26.0,44.7,0.95,1.16,12.65,28.8,10.76,11.23,17.56,1.38,1.58,14.24,44.92,53.5,28.47,47.2,13.07,332.95,79.0,0.32,41.6,65.8,42.86,50.9,62.16,7.12
Ukraine 1,2026-27,Obolon,7.0,0.0,4.0,3.0,4.0,4.8,2.0,12.0,-10.0,27.6,44.3,0.27,0.61,8.32,34.4,11.86,8.32,11.45,2.07,1.64,15.27,53.18,54.1,31.23,48.5,15.55,310.23,77.2,0.95,42.82,57.6,46.36,48.5,58.5,6.95
Ukraine 1,2026-27,Chornomorets,6.0,1.0,2.0,3.0,5.0,4.2,3.0,7.0,-4.0,24.5,42.9,0.47,0.51,8.07,35.3,5.38,10.91,6.49,1.4,1.11,15.82,46.98,58.6,26.1,43.6,14.23,348.45,79.7,1.11,32.43,62.4,35.75,53.1,57.73,7.75
Ukraine 1,2026-27,LNZ Cherkasy,7.0,2.0,2.0,3.0,8.0,12.7,5.0,8.0,-3.0,24.9,42.6,0.67,1.73,12.68,38.3,14.03,14.03,21.05,0.81,1.08,7.83,46.82,56.2,25.5,55.6,14.29,313.45,77.0,0.94,43.85,60.3,44.39,45.0,60.58,9.18
Ukraine 1,2026-27,Kryvbas KR,6.0,1.0,2.0,3.0,5.0,4.7,7.0,10.0,-3.0,21.7,39.4,1.09,1.04,12.17,29.5,12.63,14.04,14.19,1.96,1.56,16.22,59.9,53.4,35.41,45.4,10.8,274.21,73.4,0.31,43.21,58.1,38.53,47.0,59.27,7.64
Ukraine 1,2026-27,Veres,6.0,1.0,3.0,2.0,6.0,5.4,4.0,5.0,-1.0,24.4,38.6,0.63,0.76,8.94,35.1,8.94,8.62,9.88,1.64,0.78,13.48,38.89,55.2,36.69,49.6,16.83,293.99,77.0,0.31,36.69,55.1,41.08,49.6,52.21,8.0
Uruguay 1,2026-27,Albion,29.0,9.0,7.0,13.0,34.0,36.5,37.0,38.0,-1.0,26.0,55.5,1.2,1.12,10.0,38.6,11.23,16.2,11.46,1.22,1.14,13.08,55.5,58.1,24.89,47.6,10.18,392.94,82.6,3.34,46.31,63.3,43.75,50.7,59.82,12.4
Uruguay 1,2026-27,Juventud,29.0,9.0,8.0,12.0,35.0,34.6,35.0,39.0,-4.0,26.7,54.5,1.13,1.0,11.06,37.6,14.25,18.67,13.83,1.24,1.23,12.03,62.46,62.0,34.99,43.9,8.37,377.93,79.2,2.58,53.43,67.0,49.43,55.8,73.39,14.03
Uruguay 1,2026-27,Nacional,29.0,14.0,4.0,11.0,43.0,50.5,43.0,38.0,5.0,27.5,53.9,1.38,1.61,11.97,33.1,18.54,19.96,17.03,0.94,1.16,8.37,59.87,63.4,36.98,49.3,7.69,354.14,77.1,3.19,55.17,66.9,50.41,55.1,72.88,12.3
Uruguay 1,2026-27,Defensor Sporting,29.0,7.0,11.0,11.0,32.0,40.9,25.0,33.0,-8.0,24.6,53.8,0.85,1.28,12.26,27.1,16.51,15.62,14.43,1.05,0.88,11.82,61.51,62.0,36.68,50.5,9.63,369.88,76.9,3.06,55.05,62.8,54.71,51.5,75.33,12.7
Uruguay 1,2026-27,Peñarol,30.0,18.0,5.0,7.0,59.0,49.1,52.0,27.0,25.0,27.5,52.6,1.68,1.42,13.63,37.4,14.82,17.46,17.3,0.91,0.74,9.76,60.49,63.1,35.11,46.4,9.42,378.59,79.0,3.45,53.86,67.5,49.09,53.0,68.77,11.6
Uruguay 1,2026-27,Deportivo Maldonado,29.0,15.0,7.0,7.0,52.0,40.0,44.0,27.0,17.0,27.5,52.6,1.43,1.28,12.3,33.5,13.5,16.36,15.61,1.25,0.88,9.83,63.26,63.3,31.77,48.4,8.25,358.28,77.0,2.3,51.05,65.7,48.65,52.3,72.9,13.34
Uruguay 1,2026-27,Boston River,29.0,8.0,6.0,15.0,30.0,32.6,28.0,40.0,-12.0,24.8,52.3,0.91,1.07,9.95,37.9,12.84,20.93,13.94,1.31,1.24,13.03,57.89,59.6,32.41,46.5,10.0,367.35,80.5,3.25,44.33,63.6,43.91,53.6,65.17,14.27
Uruguay 1,2026-27,Liverpool,29.0,11.0,10.0,8.0,42.0,37.4,37.0,27.0,10.0,27.4,51.2,1.24,1.07,11.96,34.6,16.8,16.87,14.89,1.0,0.91,9.17,57.37,65.8,35.62,50.0,9.18,351.63,77.8,3.63,50.95,65.7,47.05,49.9,66.37,13.34
Uruguay 1,2026-27,Cerro Largo,29.0,8.0,9.0,12.0,33.0,29.9,28.0,32.0,-4.0,25.8,51.2,0.91,0.88,9.38,33.7,13.26,15.6,10.39,1.36,0.98,12.28,66.29,63.7,38.66,43.2,9.21,373.22,77.4,3.52,57.65,63.4,54.56,50.7,72.87,11.3
Uruguay 1,2026-27,Torque,28.0,16.0,5.0,7.0,53.0,45.6,50.0,32.0,18.0,26.7,51.0,1.68,1.38,12.33,34.4,16.27,15.57,16.48,0.92,1.04,9.03,63.52,62.3,35.95,48.7,8.64,344.2,75.7,2.86,57.32,62.0,61.29,52.5,73.42,11.09
Uruguay 1,2026-27,Danubio,29.0,4.0,14.0,11.0,25.0,37.3,24.0,38.0,-14.0,28.2,50.6,0.79,1.15,10.6,29.8,13.8,18.44,12.94,1.23,1.22,11.0,63.46,62.0,37.9,46.0,8.86,343.53,75.4,2.01,51.6,58.9,51.5,48.7,68.5,11.0
Uruguay 1,2026-27,Racing,29.0,14.0,11.0,4.0,52.0,47.2,35.0,22.0,13.0,24.5,47.7,1.13,1.24,12.49,31.0,17.36,16.88,17.04,0.78,0.71,7.84,59.05,64.3,48.08,43.6,6.96,258.96,69.3,2.42,52.99,57.2,52.12,50.8,63.93,10.42
Uruguay 1,2026-27,Wanderers,30.0,12.0,8.0,10.0,43.0,41.3,37.0,40.0,-3.0,28.4,47.6,1.16,1.32,11.73,35.3,14.17,16.81,12.98,1.28,1.22,12.17,59.14,59.9,39.14,45.4,10.33,323.72,75.0,3.57,52.02,62.2,52.65,53.0,71.22,10.29
Uruguay 1,2026-27,Progreso,29.0,7.0,4.0,18.0,25.0,30.4,23.0,42.0,-19.0,25.5,43.5,0.74,1.0,9.22,33.0,15.91,16.1,14.36,1.39,1.33,11.74,63.19,61.9,38.22,44.8,10.43,276.86,71.2,2.62,47.38,59.5,48.57,49.1,67.2,10.61
Uruguay 1,2026-27,Cerro,29.0,9.0,5.0,15.0,32.0,29.7,23.0,43.0,-20.0,27.1,41.0,0.75,0.91,9.79,31.9,11.62,13.76,10.41,1.46,1.33,12.89,64.07,60.3,37.58,47.4,9.8,277.26,72.8,2.25,43.6,59.0,47.38,50.2,60.07,6.9
Uruguay 1,2026-27,Central Español,28.0,10.0,8.0,10.0,38.0,30.5,30.0,33.0,-3.0,26.8,40.5,0.97,0.96,9.12,38.2,12.21,17.21,10.38,1.34,1.06,13.57,56.78,60.3,32.93,41.2,16.09,260.91,73.5,2.16,40.5,59.6,45.85,47.6,57.52,10.63
USA 1,2026-27,San Diego,26.0,8.0,7.0,11.0,30.0,34.9,44.0,44.0,0.0,25.9,58.2,1.51,1.52,10.18,39.7,11.21,10.01,19.74,1.77,1.51,11.38,43.59,57.9,15.7,40.4,14.17,570.3,88.4,3.53,53.53,71.5,34.44,52.6,64.91,12.17
USA 1,2026-27,Inter Miami,26.0,12.0,10.0,4.0,45.0,44.8,63.0,48.0,15.0,28.1,57.1,2.13,2.02,13.14,40.5,11.24,14.73,21.26,1.56,1.63,10.43,46.96,59.0,17.71,48.0,11.62,477.16,87.2,3.62,45.27,76.4,32.74,57.5,61.96,15.74
USA 1,2026-27,Colorado Rapids,26.0,11.0,3.0,12.0,36.0,37.4,36.0,35.0,1.0,25.0,56.7,1.24,1.43,10.48,34.9,11.93,16.92,15.86,1.23,1.21,9.48,46.6,56.2,18.44,53.6,11.37,435.42,86.5,1.69,40.81,71.5,26.4,50.7,54.53,15.48
USA 1,2026-27,Vancouver Whitecaps,25.0,15.0,4.0,6.0,46.0,54.1,56.0,23.0,33.0,26.7,56.7,2.01,2.19,14.72,37.5,17.69,15.01,26.11,0.9,0.82,7.02,57.19,60.5,20.45,46.4,9.08,466.51,86.2,3.08,59.27,78.4,36.28,60.6,70.73,14.9
USA 1,2026-27,Columbus Crew,26.0,7.0,5.0,14.0,26.0,34.0,37.0,42.0,-5.0,27.5,56.4,1.26,1.24,9.93,34.0,14.03,15.22,18.74,1.31,1.43,9.22,47.27,59.4,17.95,44.1,14.21,516.08,87.4,2.56,50.89,77.3,33.72,53.4,62.25,14.1
USA 1,2026-27,Nashville SC,26.0,17.0,6.0,3.0,54.0,35.8,53.0,21.0,32.0,27.3,54.5,1.83,1.35,10.37,40.7,11.55,12.62,19.19,1.33,0.73,9.27,47.16,56.5,22.58,48.5,13.33,450.83,87.0,2.07,43.95,73.1,33.12,54.2,57.6,12.45
USA 1,2026-27,New York City,26.0,8.0,8.0,10.0,32.0,37.2,39.0,34.0,5.0,26.2,53.5,1.35,1.44,10.07,42.1,10.24,12.29,17.67,1.39,1.18,10.59,50.8,60.2,23.4,47.9,13.36,453.89,85.6,3.89,47.81,68.9,36.7,49.1,65.9,10.9
USA 1,2026-27,New York RB,26.0,9.0,6.0,11.0,33.0,30.5,34.0,48.0,-14.0,23.5,52.0,1.18,1.57,11.39,35.1,12.02,17.16,22.09,1.89,1.67,11.64,53.56,58.7,22.2,46.2,11.55,431.52,84.2,2.71,52.49,74.4,25.91,46.9,64.37,17.37
USA 1,2026-27,St. Louis City ,26.0,12.0,8.0,6.0,44.0,43.0,45.0,36.0,9.0,27.4,52.0,1.56,1.59,11.35,38.5,12.25,11.8,19.88,1.22,1.25,9.85,54.4,59.8,24.39,52.3,10.92,433.94,86.1,2.08,45.24,73.5,30.36,56.1,61.13,10.44
USA 1,2026-27,Cincinnati,25.0,8.0,9.0,8.0,33.0,32.9,54.0,61.0,-7.0,26.5,51.7,1.9,1.72,11.98,43.4,10.23,15.81,20.94,1.89,2.14,13.28,47.23,60.3,24.46,48.0,12.18,407.86,86.3,2.57,40.24,73.1,35.07,60.1,58.06,13.07
USA 1,2026-27,Atlanta United,26.0,7.0,5.0,14.0,23.0,33.1,30.0,43.0,-13.0,28.3,51.4,1.03,1.32,10.55,31.3,13.67,11.71,17.11,1.48,1.48,10.06,50.12,59.7,25.01,45.2,14.55,441.38,85.3,2.06,46.24,69.5,38.54,55.8,63.48,11.3
USA 1,2026-27,Chicago Fire,25.0,11.0,6.0,8.0,39.0,39.3,45.0,38.0,7.0,27.6,51.2,1.62,1.79,12.0,38.1,10.56,13.8,22.41,1.38,1.37,10.52,49.72,57.5,21.76,46.0,13.24,431.01,84.6,2.56,45.68,68.7,36.71,50.3,61.18,11.31
USA 1,2026-27,New England,26.0,14.0,4.0,8.0,46.0,36.7,45.0,33.0,12.0,26.1,51.0,1.56,1.54,10.3,42.3,13.13,15.48,19.46,1.48,1.14,11.13,45.79,57.3,22.43,45.8,16.28,431.75,87.0,1.66,42.93,75.5,29.97,49.7,57.65,14.52
USA 1,2026-27,Seattle Sounders,24.0,7.0,8.0,9.0,29.0,33.1,28.0,33.0,-5.0,26.5,49.7,1.06,1.64,11.58,37.9,12.41,11.96,19.11,1.59,1.25,12.0,47.91,57.5,26.0,46.3,13.73,435.01,85.5,2.01,48.78,75.4,30.05,51.4,61.27,11.43
USA 1,2026-27,Portland Timbers,26.0,9.0,5.0,12.0,32.0,35.2,47.0,48.0,-1.0,26.4,49.7,1.6,1.5,11.13,35.6,13.31,14.03,17.68,1.65,1.64,13.45,45.32,59.0,23.65,50.9,15.72,441.81,86.0,1.71,47.88,76.7,30.07,52.0,62.56,11.81
USA 1,2026-27,Austin FC,26.0,7.0,9.0,10.0,30.0,24.1,32.0,44.0,-12.0,28.8,49.4,1.1,1.04,8.97,38.3,10.62,11.79,13.72,1.88,1.51,13.79,46.31,58.0,24.99,46.8,16.27,395.86,85.6,3.09,41.42,68.5,37.3,53.2,54.76,8.9
USA 1,2026-27,Real Salt Lake,25.0,8.0,5.0,12.0,29.0,33.3,37.0,42.0,-5.0,25.9,48.9,1.33,1.45,11.97,39.5,11.25,12.51,17.56,1.46,1.51,11.4,53.58,55.5,22.76,46.5,12.55,423.94,85.0,2.72,47.67,70.2,37.78,54.7,62.33,11.47
USA 1,2026-27,Los Angeles Galaxy,27.0,8.0,9.0,10.0,30.0,36.4,34.0,42.0,-8.0,27.2,48.8,1.13,1.57,10.76,41.4,9.07,13.79,18.87,1.64,1.4,11.5,51.13,59.4,18.7,41.0,15.84,424.85,85.8,2.06,42.52,73.1,32.26,51.2,57.54,13.09
USA 1,2026-27,SJ Earthquakes,26.0,12.0,6.0,8.0,42.0,37.7,46.0,38.0,8.0,26.3,48.3,1.59,1.64,11.65,38.0,16.24,17.11,20.36,1.47,1.31,10.44,50.6,59.1,23.23,46.3,12.36,382.33,82.5,2.07,42.89,70.8,35.98,54.1,63.84,13.55
USA 1,2026-27,Orlando City,26.0,10.0,4.0,12.0,34.0,31.5,46.0,60.0,-14.0,26.0,48.2,1.56,1.54,10.4,43.1,9.31,12.88,17.95,1.91,2.04,13.6,47.58,57.0,18.46,43.8,17.41,396.6,85.6,3.36,41.7,69.7,32.46,52.4,55.16,11.9
USA 1,2026-27,Houston Dynamo,26.0,13.0,5.0,8.0,44.0,36.9,34.0,30.0,4.0,28.8,48.1,1.16,1.2,10.98,36.3,8.87,14.49,13.44,1.22,1.02,10.03,43.55,59.0,17.84,52.0,18.44,396.01,87.1,2.25,35.91,72.6,30.25,52.9,49.01,11.15
USA 1,2026-27,CF Montréal,26.0,5.0,6.0,15.0,21.0,34.3,31.0,53.0,-22.0,24.5,47.7,1.07,1.41,11.12,38.7,14.67,14.12,17.97,1.62,1.82,11.12,47.96,57.3,22.04,50.5,12.69,388.68,82.9,2.51,45.9,69.9,39.39,51.0,60.84,11.57
USA 1,2026-27,Los Angeles FC,27.0,11.0,8.0,8.0,40.0,38.3,43.0,29.0,14.0,29.3,46.7,1.44,1.41,12.16,35.3,11.69,16.71,17.89,1.31,0.97,11.29,48.9,58.0,17.58,50.1,17.91,440.05,86.6,2.91,51.75,76.8,32.76,54.3,59.15,14.8
USA 1,2026-27,Philadelphia Union,26.0,10.0,6.0,10.0,33.0,43.0,50.0,42.0,8.0,24.8,46.6,1.7,1.68,13.18,33.3,17.48,13.35,22.59,1.24,1.43,7.49,54.84,59.1,36.01,54.7,10.01,340.99,78.4,1.77,47.9,65.8,38.22,51.8,60.87,9.91
USA 1,2026-27,Minnesota United,26.0,7.0,8.0,11.0,29.0,39.2,39.0,46.0,-7.0,26.8,46.2,1.35,1.71,11.17,37.0,11.83,13.39,19.12,1.56,1.6,10.44,48.05,57.5,27.06,50.9,12.8,392.37,83.4,2.22,43.23,71.5,34.94,53.3,60.16,10.1
USA 1,2026-27,Sporting KC,25.0,5.0,3.0,17.0,18.0,23.5,29.0,63.0,-34.0,25.5,45.7,1.05,1.15,8.9,42.3,11.03,12.81,15.66,1.95,2.28,13.38,50.21,57.6,21.96,42.0,14.2,377.33,84.1,2.75,41.09,72.4,34.51,52.5,54.84,13.46
USA 1,2026-27,Toronto,26.0,6.0,11.0,9.0,29.0,33.7,39.0,49.0,-10.0,26.9,45.4,1.33,1.32,10.04,38.0,13.72,14.02,17.7,1.47,1.67,10.79,51.3,60.5,24.17,46.1,14.71,344.14,82.3,2.35,41.32,68.0,34.72,50.9,55.04,11.1
USA 1,2026-27,Charlotte FC,26.0,12.0,7.0,7.0,43.0,34.7,47.0,37.0,10.0,29.1,44.8,1.62,1.4,9.56,45.3,12.75,13.89,17.88,1.53,1.27,13.79,44.35,55.5,21.38,47.6,20.7,394.38,86.8,2.48,40.81,72.7,35.34,57.5,60.57,11.24
USA 1,2026-27,Dallas,26.0,12.0,8.0,6.0,44.0,39.2,49.0,42.0,7.0,25.8,41.5,1.67,1.52,9.84,40.5,10.35,12.46,16.95,1.4,1.43,10.45,53.14,60.0,28.8,47.9,14.78,342.16,80.9,3.37,42.82,66.8,35.26,50.7,57.9,9.97
USA 1,2026-27,DC United,25.0,6.0,11.0,8.0,29.0,32.0,31.0,39.0,-8.0,27.3,39.6,1.11,1.31,10.79,35.7,13.92,12.01,15.32,1.48,1.4,11.79,60.23,59.5,35.2,42.9,14.56,293.52,78.0,1.91,39.37,61.4,39.05,47.0,55.66,7.84
Venezuela 1,2026-27,Deportivo La Guaira,30.0,13.0,11.0,6.0,50.0,44.1,41.0,27.0,14.0,28.0,57.9,1.28,1.21,12.18,34.2,12.87,12.27,14.68,0.99,0.85,8.7,50.06,54.9,25.14,52.1,,391.21,84.1,1.1,49.87,71.2,43.86,58.1,63.58,10.33
Venezuela 1,2026-27,Academia Puerto Cabello,31.0,12.0,10.0,9.0,46.0,52.8,40.0,32.0,8.0,29.0,56.3,1.23,1.47,12.78,34.1,15.19,14.97,15.87,0.89,0.93,7.93,46.31,55.4,22.11,52.1,,400.04,84.8,1.76,49.18,74.3,34.36,54.0,59.65,13.89
Venezuela 1,2026-27,Estudiantes de Mérida,30.0,11.0,6.0,13.0,38.0,33.6,35.0,38.0,-3.0,28.2,53.1,1.25,1.16,9.88,31.0,14.59,14.59,14.95,1.24,1.18,11.09,48.87,55.0,26.29,48.6,,347.51,82.4,1.71,45.34,69.2,40.52,54.9,58.11,10.56
Venezuela 1,2026-27,Carabobo,31.0,13.0,12.0,6.0,51.0,53.0,47.0,28.0,19.0,28.2,52.8,1.41,1.64,13.85,33.0,16.19,15.86,18.52,1.04,0.84,9.78,47.96,54.3,25.82,46.3,,360.03,82.2,2.24,50.98,67.8,43.86,57.2,63.76,13.37
Venezuela 1,2026-27,Deportivo Táchira,29.0,16.0,7.0,6.0,55.0,36.5,46.0,31.0,15.0,27.3,52.0,1.78,1.43,12.22,38.9,13.3,15.43,16.59,1.06,0.97,9.9,57.95,58.0,27.72,52.9,,307.42,79.5,2.16,45.19,67.7,38.62,55.0,60.73,12.22
Venezuela 1,2026-27,Caracas,24.0,5.0,11.0,8.0,25.0,24.2,24.0,31.0,-7.0,25.0,51.1,0.99,1.2,10.87,33.0,14.09,13.8,14.13,1.56,1.19,12.44,58.86,55.0,26.07,44.2,,348.8,81.9,2.1,46.71,69.4,37.77,52.7,60.92,12.27
Venezuela 1,2026-27,Monagas,24.0,7.0,4.0,13.0,25.0,25.9,26.0,35.0,-9.0,24.3,50.2,1.13,1.05,10.69,32.1,14.64,14.2,13.07,1.24,1.22,11.73,52.78,53.3,28.1,46.8,,350.01,81.5,2.26,48.26,70.2,42.57,55.9,65.07,11.99
Venezuela 1,2026-27,UCV,30.0,12.0,8.0,10.0,44.0,40.4,44.0,39.0,5.0,28.5,50.2,1.4,1.29,10.88,35.7,13.53,12.16,14.45,1.18,1.18,10.98,46.69,54.8,26.96,46.8,,329.93,81.9,1.15,43.92,67.2,39.37,52.8,52.54,9.52
Venezuela 1,2026-27,Portuguesa,30.0,11.0,12.0,7.0,45.0,38.9,41.0,32.0,9.0,29.1,48.4,1.36,1.25,9.84,37.4,10.94,14.38,13.16,1.17,0.86,11.37,47.98,55.3,28.76,46.1,,281.3,78.8,2.75,40.89,64.2,39.4,54.0,55.6,10.24
Venezuela 1,2026-27,Trujillanos,24.0,3.0,6.0,15.0,14.0,23.2,21.0,44.0,-23.0,26.9,46.7,0.9,1.21,11.4,36.6,13.94,10.93,14.5,1.62,1.63,13.21,50.46,57.0,29.0,46.1,,313.58,80.5,2.58,45.47,66.4,39.45,52.5,59.76,9.16
Venezuela 1,2026-27,Anzoátegui FC,23.0,3.0,5.0,15.0,13.0,17.9,21.0,42.0,-21.0,27.9,46.2,0.9,0.96,10.34,32.8,13.04,11.45,12.57,1.78,1.59,13.98,48.22,54.8,31.32,47.5,,300.54,79.7,2.06,40.02,66.1,40.15,53.5,58.08,9.27
Venezuela 1,2026-27,Zamora,24.0,6.0,7.0,11.0,25.0,24.6,24.0,35.0,-11.0,25.9,45.5,1.07,1.24,10.97,35.1,13.93,12.94,12.13,1.46,1.3,10.57,57.63,57.7,30.27,45.3,,277.39,78.8,1.66,41.87,66.0,39.31,52.6,52.93,8.64
Venezuela 1,2026-27,Rayo Zuliano,24.0,7.0,4.0,13.0,25.0,20.5,30.0,46.0,-16.0,24.3,42.9,1.28,1.12,8.26,37.1,7.62,13.66,9.15,1.75,1.57,13.7,53.79,54.6,22.43,47.1,,268.51,80.5,1.19,32.43,64.4,30.98,51.1,48.55,10.55
Venezuela 1,2026-27,Metropolitanos,30.0,18.0,7.0,5.0,58.0,38.9,46.0,26.0,20.0,27.8,41.4,1.55,1.24,9.49,39.5,13.51,16.58,13.51,1.17,0.81,11.95,51.94,54.9,29.11,43.6,,281.01,78.3,1.92,44.07,68.0,36.0,53.1,54.27,11.38
Wales 1,2026-27,The New Saints,10.0,9.0,1.0,0.0,28.0,24.7,26.0,4.0,22.0,26.1,68.9,2.39,2.54,18.46,44.3,24.7,25.71,28.93,0.63,0.37,5.33,42.8,66.7,42.8,50.4,8.69,580.96,86.9,8.17,81.37,77.3,54.83,61.0,91.56,22.96
Wales 1,2026-27,Caernarfon Town,10.0,7.0,1.0,2.0,22.0,18.6,33.0,11.0,22.0,28.3,60.9,3.02,2.23,13.89,44.1,14.53,17.91,21.29,1.24,1.01,9.41,55.19,61.8,46.32,54.2,9.19,444.88,84.2,2.83,54.0,64.1,52.26,56.6,79.49,14.62
Wales 1,2026-27,Connah's Quay,10.0,7.0,1.0,2.0,22.0,22.1,23.0,7.0,16.0,23.6,57.3,2.11,2.31,14.16,37.7,17.28,29.42,23.9,0.74,0.64,6.8,45.23,60.4,62.51,46.5,8.65,330.12,79.0,4.23,53.14,62.5,47.53,52.0,69.68,22.71
Wales 1,2026-27,Penybont,10.0,7.0,3.0,0.0,24.0,16.8,20.0,8.0,12.0,26.1,56.7,1.83,1.62,10.08,42.7,16.77,13.47,16.13,1.01,0.73,8.25,54.62,65.3,44.45,46.6,10.18,405.92,82.3,3.76,56.91,66.8,49.58,52.9,73.59,16.04
Wales 1,2026-27,Llandudno,10.0,5.0,1.0,4.0,16.0,14.4,18.0,14.0,4.0,28.1,52.7,1.62,1.39,10.01,37.8,14.79,15.96,16.77,1.29,1.26,8.12,64.57,66.6,72.41,43.3,6.58,293.0,72.4,4.42,62.31,57.9,59.97,53.8,76.38,8.21
Wales 1,2026-27,Briton Ferry,10.0,2.0,2.0,6.0,8.0,11.2,9.0,19.0,-10.0,26.0,49.0,0.83,1.26,11.37,33.3,13.68,13.49,17.74,1.72,1.76,12.66,64.03,65.4,75.12,43.5,9.66,308.81,71.0,5.17,63.57,52.0,63.2,47.1,70.13,7.95
Wales 1,2026-27,Airbus UK,10.0,5.0,0.0,5.0,15.0,14.4,17.0,15.0,2.0,24.7,48.9,1.59,1.63,12.7,43.4,15.68,22.13,16.43,1.49,1.4,11.11,57.79,62.8,40.33,45.1,16.81,385.67,79.6,4.67,49.95,60.7,51.26,47.7,72.35,16.8
Wales 1,2026-27,Cardiff MU,9.0,4.0,2.0,3.0,14.0,14.9,19.0,11.0,8.0,23.6,48.6,1.95,1.92,12.71,43.5,12.61,13.63,18.55,1.6,1.13,11.38,57.81,60.3,60.68,47.6,10.52,319.31,75.8,4.82,58.22,53.9,58.02,46.8,68.47,10.25
Wales 1,2026-27,Barry Town United,10.0,7.0,1.0,2.0,22.0,15.1,25.0,16.0,9.0,25.6,48.4,2.26,1.75,11.23,47.6,11.86,19.1,16.3,1.61,1.45,10.96,63.74,68.9,63.38,48.1,10.76,304.41,73.4,3.35,49.26,57.4,52.52,52.2,72.34,15.48
Wales 1,2026-27,Cambrian & Clydach,10.0,4.0,3.0,3.0,15.0,13.1,17.0,20.0,-3.0,27.3,46.5,1.56,1.79,13.05,41.5,13.05,16.09,15.72,2.21,1.84,12.23,69.32,63.8,62.15,47.0,11.6,296.94,72.4,4.23,57.0,49.4,60.03,46.4,67.29,8.64
Wales 1,2026-27,Trefelin,10.0,0.0,3.0,7.0,3.0,6.6,4.0,24.0,-20.0,26.5,46.4,0.37,0.54,6.87,29.7,11.6,14.2,8.26,2.04,2.23,15.31,56.78,65.5,64.39,38.9,10.28,295.7,70.9,2.88,51.77,48.9,57.62,44.1,68.57,9.19
Wales 1,2026-27,Colwyn Bay,10.0,6.0,1.0,3.0,19.0,20.2,20.0,14.0,6.0,29.6,46.3,1.85,1.83,12.79,33.3,16.41,17.7,20.3,0.92,1.3,8.62,63.12,69.9,70.72,44.7,10.84,271.58,72.8,3.43,53.3,58.8,56.45,50.4,67.01,13.72
Wales 1,2026-27,Flint Town United,10.0,0.0,2.0,8.0,2.0,8.0,8.0,24.0,-16.0,24.0,44.1,0.73,1.11,8.54,41.9,10.74,17.45,12.77,2.35,2.2,16.62,68.14,63.7,59.88,44.5,13.75,305.63,74.5,4.96,51.24,58.6,54.18,52.7,72.18,10.93
Wales 1,2026-27,Haverfordwest County,9.0,3.0,1.0,5.0,10.0,10.6,7.0,14.0,-7.0,25.5,43.0,0.72,1.1,8.84,26.7,12.84,10.38,13.46,1.47,1.44,11.61,67.09,70.4,51.06,44.9,16.75,306.99,74.9,5.14,51.78,55.6,54.04,47.0,68.53,12.53
Wales 1,2026-27,Holywell,10.0,0.0,1.0,9.0,1.0,6.6,11.0,35.0,-24.0,26.8,41.1,0.99,1.08,8.71,38.1,8.35,15.99,9.52,2.29,3.14,14.46,67.1,62.8,59.19,41.0,11.28,232.01,67.2,4.4,48.41,48.2,55.69,46.3,58.83,8.08
Wales 1,2026-27,Ammanford,10.0,0.0,3.0,7.0,3.0,5.5,7.0,28.0,-21.0,28.0,36.1,0.64,0.76,4.95,38.9,7.15,10.08,5.59,2.24,2.57,15.58,64.61,63.4,50.04,45.1,17.98,232.88,65.5,3.57,37.94,42.5,51.51,40.4,59.94,5.04
Japan 1,2026-27,Kashiwa Reysol,,,,,,,,,,27.4,60.2,1.93,1.58,13.28,38.5,14.53,12.82,24.17,1.29,1.36,8.97,38.02,56.1,24.06,46.2,15.79,560.88,87.5,1.93,55.95,79.5,37.23,55.5,73.88,12.48
Japan 1,2026-27,Sanfrecce Hiroshima,,,,,,,,,,28.0,58.6,2.23,2.98,18.16,38.0,20.83,10.14,28.07,0.79,0.67,6.79,40.88,59.1,29.74,55.4,12.44,499.34,84.9,1.0,58.37,76.1,40.1,55.0,77.19,8.8
Japan 1,2026-27,Nagoya Grampus,,,,,,,,,,29.1,57.9,0.78,1.32,10.86,28.9,19.48,7.05,22.84,1.7,1.57,11.64,41.64,56.2,25.86,52.8,11.05,479.89,83.7,0.34,56.98,69.0,46.01,50.6,71.98,9.51
Japan 1,2026-27,Gamba Osaka,,,,,,,,,,28.0,57.2,0.91,1.34,11.83,32.7,13.2,13.08,16.84,2.18,1.59,14.45,39.14,52.9,31.52,45.5,10.51,438.51,83.2,1.14,52.57,70.3,39.03,48.1,67.47,9.1
Japan 1,2026-27,Kashima Antlers,,,,,,,,,,28.4,57.0,1.85,1.76,13.42,33.3,14.73,9.16,22.25,1.34,1.75,10.25,37.96,54.3,34.04,55.8,11.91,486.76,83.8,0.87,56.4,67.9,41.24,51.6,71.67,6.76
Japan 1,2026-27,Cerezo Osaka,,,,,,,,,,28.1,56.0,0.78,1.2,10.3,29.3,14.89,13.54,16.01,1.62,1.34,10.52,38.62,58.8,29.22,49.0,10.36,442.84,80.6,0.9,49.59,62.1,47.91,47.9,65.49,8.28
Japan 1,2026-27,Tokyo,,,,,,,,,,28.1,52.9,1.59,1.83,12.74,34.8,12.52,9.9,24.92,1.08,0.91,9.1,40.16,59.2,27.53,46.3,12.18,419.51,82.7,0.57,48.24,66.7,42.9,47.5,68.15,11.61
Japan 1,2026-27,Urawa Reds,,,,,,,,,,27.3,52.0,1.79,1.63,12.1,28.7,11.77,10.98,17.82,1.62,2.02,11.99,41.81,51.2,43.71,53.1,9.99,356.75,79.7,0.67,49.32,62.3,41.02,48.4,63.21,7.51
Japan 1,2026-27,Kawasaki Frontale,,,,,,,,,,27.7,51.4,1.78,2.19,15.61,37.9,14.61,13.49,25.09,1.51,1.34,11.26,36.8,53.6,27.32,47.8,14.42,436.28,84.8,1.56,48.29,72.1,37.58,52.5,61.34,12.71
Japan 1,2026-27,Vissel Kobe,,,,,,,,,,30.2,49.9,1.38,1.47,9.97,37.9,17.08,8.94,19.83,1.14,0.57,9.86,43.68,54.1,48.96,48.0,11.4,364.82,73.9,0.46,45.4,62.6,49.76,53.7,72.46,6.08
Japan 1,2026-27,Machida Zelvia,,,,,,,,,,28.9,48.8,2.34,1.84,11.26,42.6,15.39,10.04,17.51,1.3,1.12,11.26,37.58,56.4,35.13,56.8,15.29,384.42,83.0,0.67,44.28,63.7,45.17,54.6,58.88,8.59
Japan 1,2026-27,Yokohama F. Marinos,,,,,,,,,,27.1,47.3,1.44,1.41,9.11,35.4,10.33,12.0,13.22,1.7,1.0,11.22,52.0,55.8,39.11,45.2,10.14,341.67,78.8,1.11,42.33,60.1,42.67,44.3,54.0,9.78
Japan 1,2026-27,JEF United,,,,,,,,,,28.5,46.5,0.79,1.12,8.73,39.0,8.73,12.02,9.29,1.85,2.04,15.76,48.4,52.9,38.99,38.1,14.78,359.21,79.5,0.91,45.23,56.4,43.19,45.7,57.13,6.35
Japan 1,2026-27,Kyoto Sanga,,,,,,,,,,26.9,46.4,1.24,1.15,10.15,34.4,11.5,6.88,13.08,1.86,1.69,13.87,51.09,57.2,31.13,51.1,12.0,360.23,79.1,1.02,47.93,60.5,43.42,47.0,56.5,8.23
Japan 1,2026-27,Shimizu S-Pulse,,,,,,,,,,27.6,43.2,0.68,1.46,9.5,29.8,12.89,10.85,14.25,1.67,0.9,12.1,43.3,55.1,41.83,55.7,14.41,305.73,79.8,0.57,41.95,67.1,42.96,58.7,57.21,7.58
Japan 1,2026-27,Mito Hollyhock,,,,,,,,,,27.3,43.2,1.25,1.32,9.85,33.3,9.62,7.92,13.36,1.75,1.25,12.79,39.4,52.0,32.38,49.7,14.99,379.36,82.4,0.91,41.55,59.7,48.11,49.4,59.43,7.02
Japan 1,2026-27,V-Varen Nagasaki,,,,,,,,,,29.5,42.8,1.13,1.12,9.15,35.8,7.34,10.05,12.2,1.4,1.69,11.74,40.77,51.2,26.2,48.3,18.34,373.32,77.0,1.47,54.54,41.4,41.44,45.2,71.59,6.1
Japan 1,2026-27,Fagiano Okayama,,,,,,,,,,28.2,42.8,1.21,1.15,11.9,23.1,16.3,9.14,18.62,1.08,1.1,8.48,39.44,56.7,38.45,52.1,12.85,308.23,75.2,0.44,43.4,61.9,39.33,47.3,56.29,7.05
Japan 1,2026-27,Tokyo Verdy,,,,,,,,,,25.4,42.7,0.46,0.94,7.74,27.9,10.13,9.1,13.54,1.56,1.37,13.31,47.56,53.6,38.23,53.6,13.13,340.77,79.5,0.34,35.5,56.4,37.21,45.3,53.25,5.92
Japan 1,2026-27,Avispa Fukuoka,,,,,,,,,,26.2,40.8,0.99,1.12,10.59,38.5,11.47,12.13,14.45,1.53,1.32,11.25,38.93,53.8,42.13,48.7,12.89,282.02,77.2,0.55,42.68,59.9,44.12,48.8,49.85,5.29
Japan 2,2026-27,Kataller Toyama,7.0,4.0,1.0,2.0,13.0,13.2,13.0,5.0,8.0,25.4,58.2,1.71,2.02,18.95,36.1,17.63,15.53,24.87,1.08,0.66,10.13,43.03,52.3,25.92,52.3,11.87,538.29,84.5,0.92,60.92,72.4,38.82,48.1,78.42,12.37
Japan 2,2026-27,RB Omiya Ardija,7.0,3.0,4.0,0.0,13.0,13.2,11.0,6.0,5.0,25.9,58.0,1.43,1.74,15.19,32.5,17.53,13.12,20.39,1.05,0.78,8.96,44.68,56.1,42.6,51.2,8.28,414.68,79.7,1.95,53.51,69.7,40.52,50.3,68.05,12.99
Japan 2,2026-27,Consadole Sapporo,7.0,1.0,2.0,4.0,5.0,9.9,8.0,14.0,-6.0,25.6,57.9,1.05,1.37,10.86,33.7,14.26,11.9,17.4,1.31,1.83,10.33,37.15,57.0,39.24,49.3,11.7,480.74,83.0,0.39,57.95,63.7,46.05,46.9,61.74,9.16
Japan 2,2026-27,Yokohama,7.0,4.0,1.0,2.0,13.0,12.9,13.0,8.0,5.0,26.3,57.3,1.68,1.95,14.59,32.7,15.75,9.94,23.63,1.26,1.03,10.33,41.19,52.0,28.54,44.3,11.37,441.61,83.2,0.77,50.36,69.0,45.06,53.0,72.57,9.81
Japan 2,2026-27,Júbilo Iwata,7.0,3.0,1.0,3.0,10.0,13.6,9.0,9.0,0.0,27.6,56.2,1.17,1.85,12.86,32.3,13.25,10.39,20.26,1.06,1.17,8.83,44.03,60.2,34.29,53.0,8.7,418.7,81.2,0.91,48.44,66.0,34.68,47.2,61.82,9.22
Japan 2,2026-27,Montedio Yamagata,7.0,3.0,0.0,4.0,9.0,10.4,8.0,6.0,2.0,26.8,52.8,1.05,1.43,13.55,35.9,17.37,11.97,19.21,1.32,0.79,12.76,43.42,57.6,28.03,56.8,17.77,452.89,83.8,1.18,56.05,67.6,42.89,51.8,65.79,7.24
Japan 2,2026-27,Sagan Tosu,7.0,2.0,2.0,3.0,8.0,12.7,8.0,9.0,-1.0,25.9,52.7,1.05,1.7,13.49,31.1,12.18,12.84,17.69,1.13,1.18,10.09,37.47,54.5,34.45,57.4,11.28,429.17,84.3,1.31,47.16,68.6,34.72,46.4,56.07,11.53
Japan 2,2026-27,Tegevajaro Miyazaki,7.0,2.0,2.0,3.0,8.0,9.6,9.0,10.0,-1.0,26.4,52.2,1.18,1.16,10.6,34.6,15.17,9.94,13.08,1.21,1.31,12.56,45.78,57.1,38.07,48.1,8.79,388.91,78.2,0.39,56.77,58.5,48.53,45.8,62.14,8.5
Japan 2,2026-27,Tokushima Vortis,7.0,3.0,1.0,3.0,10.0,4.8,5.0,8.0,-3.0,27.6,51.2,0.66,0.65,6.08,21.7,8.19,8.59,8.99,1.58,1.06,12.29,40.57,55.0,31.45,40.3,13.08,418.41,83.8,1.32,41.5,65.0,40.84,48.5,59.34,6.48
Japan 2,2026-27,Shonan Bellmare,7.0,3.0,3.0,1.0,12.0,6.4,7.0,6.0,1.0,27.4,49.7,0.91,0.81,8.58,27.3,12.75,9.49,17.43,1.44,0.78,11.45,38.76,55.7,45.39,48.7,12.18,381.98,79.0,1.56,53.71,61.7,42.14,48.5,61.39,5.72
Japan 2,2026-27,Imabari,7.0,1.0,1.0,5.0,4.0,8.2,6.0,15.0,-9.0,27.2,49.4,0.79,1.24,9.99,26.3,10.51,11.56,12.35,1.62,1.97,13.66,40.6,54.7,31.93,46.5,16.67,412.29,83.7,1.18,38.5,71.3,36.13,53.1,64.51,8.15
Japan 2,2026-27,Tochigi City,7.0,3.0,1.0,3.0,10.0,8.1,14.0,10.0,4.0,30.0,49.2,1.85,1.73,12.97,35.7,11.78,10.72,18.0,1.86,1.32,16.41,47.12,56.7,34.54,48.7,15.65,368.87,78.6,0.79,52.68,58.3,44.21,46.7,69.62,7.15
Japan 2,2026-27,Oita Trinita,7.0,1.0,4.0,2.0,7.0,8.0,6.0,5.0,1.0,27.5,47.7,0.79,1.06,9.17,31.4,13.89,8.25,14.54,1.35,0.66,11.66,43.36,54.1,45.85,46.6,11.86,394.85,81.0,0.39,45.72,64.2,42.31,49.2,64.85,6.94
Japan 2,2026-27,Iwaki,7.0,3.0,0.0,4.0,9.0,6.7,11.0,13.0,-2.0,24.4,47.1,1.44,1.21,11.41,33.3,13.25,7.35,16.4,1.84,1.71,11.81,43.29,58.5,45.39,52.6,9.19,299.26,73.7,0.66,48.8,57.5,36.21,46.0,54.05,6.17
Japan 2,2026-27,Vanraure Hachinohe,7.0,2.0,1.0,4.0,7.0,6.7,3.0,11.0,-8.0,27.4,47.0,0.4,0.99,9.57,25.0,10.24,10.9,12.36,1.88,1.46,11.57,50.38,59.9,40.55,48.9,12.98,352.95,74.8,0.66,44.14,54.2,48.66,42.1,59.56,5.32
Japan 2,2026-27,Fujieda MYFC,7.0,3.0,2.0,2.0,11.0,8.8,11.0,8.0,3.0,26.2,45.2,1.43,1.04,8.73,29.9,11.2,8.6,14.98,1.19,1.04,11.98,39.33,55.0,39.86,47.7,12.42,312.33,76.9,0.65,39.86,54.6,44.54,48.2,53.53,7.42
Japan 2,2026-27,Ventforet Kofu,7.0,2.0,1.0,4.0,7.0,6.6,5.0,10.0,-5.0,27.3,44.9,0.66,0.85,9.58,34.2,13.12,10.36,12.59,1.44,1.31,11.15,44.74,61.0,40.01,48.9,15.17,381.38,80.7,0.79,53.53,61.0,46.71,41.3,56.94,5.12
Japan 2,2026-27,Vegalta Sendai,7.0,4.0,2.0,1.0,11.0,15.5,13.0,7.0,6.0,27.0,44.1,1.67,1.81,13.11,40.2,12.21,9.0,19.03,0.69,0.9,6.69,37.67,60.8,36.26,61.0,14.31,324.26,76.4,0.9,46.03,60.6,41.14,46.9,58.76,6.69
Japan 2,2026-27,Albirex Niigata,7.0,5.0,0.0,2.0,15.0,8.9,9.0,10.0,-1.0,28.0,41.3,1.17,1.14,9.09,38.6,11.04,9.61,12.08,1.34,1.3,12.21,46.88,58.2,34.42,44.9,14.44,325.84,75.2,0.13,44.81,56.5,47.66,42.2,63.9,6.36
Japan 2,2026-27,Blaublitz Akita,7.0,2.0,3.0,2.0,9.0,10.4,9.0,8.0,1.0,28.9,34.1,1.19,1.18,9.5,37.5,13.99,9.37,14.78,1.31,1.06,13.33,51.86,61.1,55.56,52.0,12.44,215.76,60.4,1.06,46.85,48.7,48.83,44.6,57.27,4.75
Israel 1,2026-27,Hapoel Be'er Sheva,,,,,,,,,,27.9,62.5,1.47,1.57,12.65,34.8,12.1,13.01,23.46,1.65,1.28,9.71,57.56,46.2,15.03,56.1,8.49,498.39,88.1,0.73,43.81,74.5,31.53,58.7,62.69,13.38
Israel 1,2026-27,Beitar Jerusalem,,,,,,,,,,26.7,60.9,1.29,1.44,13.44,34.2,9.02,16.93,17.3,1.82,1.66,11.41,61.1,55.1,18.77,52.9,7.84,474.85,86.4,2.94,44.91,68.0,34.6,51.6,55.77,12.7
Israel 1,2026-27,Maccabi Haifa,,,,,,,,,,26.5,59.7,2.78,2.08,17.58,30.3,14.58,15.73,27.3,1.44,1.39,9.02,49.97,46.3,17.35,60.0,6.87,453.47,86.0,0.46,52.29,76.1,30.77,45.1,63.16,15.96
Israel 1,2026-27,Maccabi Tel Aviv,,,,,,,,,,25.8,55.0,3.21,2.96,14.46,55.6,14.11,14.82,22.32,1.08,1.07,9.82,46.25,52.9,17.32,44.3,12.6,414.29,86.4,1.07,44.11,76.5,30.89,53.2,60.0,14.29
Israel 1,2026-27,Hapoel Tel Aviv,,,,,,,,,,26.0,53.1,2.0,2.08,13.82,34.2,15.64,12.73,25.82,0.85,0.73,7.82,47.45,49.4,18.55,54.9,11.55,386.55,85.9,1.45,48.55,74.2,28.36,59.0,54.55,12.0
Israel 1,2026-27,Maccabi Netanya,,,,,,,,,,25.3,50.8,1.09,2.0,13.48,39.2,16.94,17.13,24.78,1.47,1.09,10.57,50.28,52.2,18.95,54.8,11.04,417.21,85.5,1.28,49.92,77.4,31.34,59.3,64.13,11.48
Israel 1,2026-27,Maccabi Petah Tikva,,,,,,,,,,25.3,50.4,1.48,2.06,14.81,40.0,16.85,17.04,22.41,1.7,2.04,14.26,49.81,53.9,23.33,47.6,13.85,386.48,82.8,1.67,53.89,71.8,36.3,48.0,57.96,13.15
Israel 1,2026-27,Ironi Kiryat Shmona,,,,,,,,,,24.6,49.4,0.92,1.25,10.51,35.1,12.36,11.07,14.57,1.36,2.03,14.02,47.4,48.2,17.52,43.2,11.6,383.79,82.7,2.4,45.92,63.1,42.05,49.1,51.64,10.33
Israel 1,2026-27,Hapoel Jerusalem,,,,,,,,,,23.9,47.8,2.21,1.46,13.65,36.5,13.83,9.04,17.7,2.1,2.21,11.99,50.35,52.4,22.68,49.6,12.27,365.53,82.5,1.11,49.98,61.3,37.62,44.1,50.9,10.33
Israel 1,2026-27,Bnei Sakhnin,,,,,,,,,,25.2,45.0,0.55,0.8,9.71,35.8,11.0,11.18,11.0,1.19,1.1,11.73,53.89,59.5,17.41,42.1,19.77,351.75,82.3,0.18,39.59,63.9,43.44,53.2,54.44,11.73
Israel 1,2026-27,Hapoel Petah Tikva,,,,,,,,,,25.8,44.4,0.37,1.01,7.44,20.0,9.11,13.95,11.53,1.36,1.49,11.53,42.95,47.2,20.08,46.3,14.87,367.62,84.2,0.56,33.47,67.8,34.96,48.4,49.46,10.97
Israel 1,2026-27,Hapoel Haifa,,,,,,,,,,28.4,43.4,1.27,1.54,10.14,35.7,11.77,13.22,14.49,2.0,1.09,11.95,51.07,57.1,15.94,55.7,13.64,336.64,82.0,0.91,34.77,70.3,33.32,50.5,51.25,7.79
Israel 1,2026-27,Hapoel Ramat Gan,,,,,,,,,,25.0,42.7,0.93,0.94,8.58,35.1,9.97,12.76,16.7,2.49,1.62,18.09,44.77,41.5,15.77,39.7,20.05,343.53,82.2,0.0,36.19,67.3,38.51,53.6,55.9,11.13
Israel 1,2026-27,Ironi Tiberias,,,,,,,,,,25.4,39.0,1.28,1.26,8.74,35.4,11.11,8.74,10.75,2.19,1.46,17.49,50.28,55.1,15.49,54.1,18.88,303.7,78.4,0.0,33.89,64.0,41.36,47.6,57.21,7.29
